0,0,0,-0.000438445482869796,0,0,9.01061608146262e-08,0,0,0.0971099969882629,0,0,3.69909490512014e-05,0,0,31.9167846684541,33.2531406435782
0.01,0,0,-0.00183333041798688,0,0,2.05040549524432e-06,0,0,0.190619314513364,0,0,0.000494406902330466,0,0,61.8205959083097,63.2244555585821
0.02,-2.66865310383476e-20,2.66855730411823e-20,-0.00413873149667764,2.78659220950098e-19,2.39142821954664e-19,1.29749338645003e-05,-6.5590530120511e-18,6.56990297943456e-18,0.27842688939655,6.77982833334942e-17,5.81841362586196e-17,0.00200268653278749,1.35432543938655e-15,1.35432543938655e-15,89.2029063623177,90.1872010407981
0.03,-1.37713885262613e-19,1.37708128577494e-19,-0.00729093827687872,1.43794526287609e-18,1.23398269848492e-18,4.53220370964348e-05,-1.78376997361788e-17,1.79120674513585e-17,0.359132714190649,1.8159395760471e-16,1.55839784942298e-16,0.00496175248288112,1.35432543938655e-15,1.35432543938655e-15,113.78578800919,114.404637726253
0.04,-4.95951265877432e-19,4.95935616581036e-19,-0.0112147791367767,5.17672769150204e-18,4.44212894418898e-18,0.000114745025674729,-6.21899702077372e-17,6.25199809548878e-17,0.431878893538019,6.28886201924225e-16,5.39679793466254e-16,0.00960866941918727,3.66622427635102e-15,3.66622427635102e-15,135.819671226623,136.125042052429
0.05,-1.34665820987578e-18,1.34667174804284e-18,-0.0158284282001798,1.40473794604896e-17,1.20522891589403e-17,0.000238751351565522,-1.23356318475149e-16,1.24414964892719e-16,0.496219625776128,1.22309355300955e-15,1.04952102031688e-15,0.0160698533063249,3.66622427635102e-15,3.66622427635102e-15,155.540134357607,155.580751315559
0.06,-2.73940933988605e-18,2.73982964651065e-18,-0.0210470557617607,2.85390616154888e-17,2.44795510264379e-17,0.000435721496588507,-1.80936595029901e-16,1.83412434658637e-16,0.552019600451067,1.73908802059243e-15,1.49207263153007e-15,0.024388220868317,2.54423706231594e-15,2.54423706231594e-15,173.167066644491,172.987738625069
0.07,-4.68099050517553e-18,4.68302193480709e-18,-0.026785553307268,4.86593039661359e-17,4.17215520440266e-17,0.00072417704825882,-2.53127591404898e-16,2.57889748425805e-16,0.599372098403263,2.35762989311409e-15,2.02234839292086e-15,0.0345454494092901,2.54423706231594e-15,2.54423706231594e-15,188.904342229575,188.54560613531
0.08,-7.13540703326921e-18,7.1418591126903e-18,-0.0329605164088093,7.39234445123917e-17,6.334789020688e-17,0.00112225141938603,-3.07530920437676e-16,3.15574162826215e-16,0.638533772149907,2.73527902413549e-15,2.34548715808121e-15,0.0464798820195393,1.33706586431163e-15,1.33706586431163e-15,202.939893643868,202.437898973519
0.09,-1.00108974710046e-17,1.00271072108278e-17,-0.0394916397135467,1.03210048464059e-16,8.83766527914936e-17,0.00164732229651775,-3.71914746220478e-16,3.84264100160705e-16,0.669873350978449,3.16308858186002e-15,2.71116772659263e-15,0.0601006657450414,1.33706586431163e-15,1.33706586431163e-15,215.446088004066,214.832656635444
0.1,-1.32462355298654e-17,1.32810810995563e-17,-0.0463026520656207,1.35661569316972e-16,1.16046664705214e-16,0.00231577079423622,-4.16551910968009e-16,4.34256534064422e-16,0.693831824674327,3.3327282981429e-15,2.85469150614237e-15,0.0752987078449238,4.74962146906924e-16,4.74962146906924e-16,226.580324031473,225.883132416071
0.11,-1.67375956529444e-17,1.68045941712796e-17,-0.0533218967840616,1.69921672114245e-16,1.45165379828121e-16,0.00314283799469238,-4.66982192624701e-16,4.91025239720547e-16,0.71089198048369,3.51839050949667e-15,3.01133863568247e-15,0.0919549986298704,4.74962146906924e-16,4.74962146906924e-16,236.485782146907,235.728624142513
0.12,-2.04176902928797e-17,2.05359909251868e-17,-0.0604826422754216,2.04970130172851e-16,1.74825419589657e-16,0.00414255479500883,-4.96881017065128e-16,5.28189725060533e-16,0.721555478809133,3.45236204021035e-15,2.95135910921024e-15,0.109946793903665,-1.62875957312766e-16,-1.62875957312766e-16,245.292272774611,244.495370789368
0.13,-2.41859700450291e-17,2.43814125986365e-17,-0.0677231913291764,2.39403107245759e-16,2.03790919653279e-16,0.00532772563182793,-5.28870416870588e-16,5.68238404897902e-16,0.726325941476646,3.38207495641591e-15,2.88718921594725e-15,0.129152086465239,-1.62875957312766e-16,-1.62875957312766e-16,253.117139350671,252.297479373674
0.14,-2.79844830993291e-17,2.82902614999948e-17,-0.0749868433673008,2.72239502603583e-16,2.3118983872771e-16,0.00670995065538857,-5.41673773709644e-16,5.89791518216619e-16,0.725696785389128,3.0946976879277e-15,2.63629919708066e-15,0.149452731587853,-6.14479319145644e-16,-6.14479319145644e-16,260.066182300891,259.237854858859
0.15,-3.17296826521067e-17,3.21871757926195e-17,-0.0822217522891849,3.02223171783809e-16,2.55919764772461e-16,0.00829967429652928,-5.53571008579664e-16,6.10964853805756e-16,0.720142761358331,2.79294344001497e-15,2.37287960335208e-15,0.170736530265527,-6.14479319145644e-16,-6.14479319145644e-16,266.234578471267,265.409112734088
0.16,-3.53800103196381e-17,3.60389013985359e-17,-0.0893807130484181,3.28543893020203e-16,2.77266811781991e-16,0.0101062509550218,-5.49254133538001e-16,6.16328530969441e-16,0.710114353005038,2.32602067350204e-15,1.96775816371508e-15,0.19289851873278,-9.08408169345726e-16,-9.08408169345726e-16,271.707777275206,270.894459610039
0.17,-3.88745748955175e-17,3.97933345504079e-17,-0.0964209024075702,3.50213192045353e-16,2.94374189278297e-16,0.0121380208006047,-5.41848350418483e-16,6.18841719549821e-16,0.696034355664144,1.84120143295977e-15,1.54765205340642e-15,0.215841664402536,-9.08408169345726e-16,-9.08408169345726e-16,276.562360318003,275.768531737121
0.18,-4.21964066442764e-17,4.34415948823172e-17,-0.103303593152498,3.6673637710297e-16,3.06818680014042e-16,0.0144023904895745,-5.23929804589962e-16,6.10970091228202e-16,0.678296093000392,1.2677425840462e-15,1.0521504563314e-15,0.239477127130041,-1.03883181326507e-15,-1.03883181326507e-15,280.866855638439,280.098184964266
0.19,-4.53165454276498e-17,4.69628025742706e-17,-0.109993856150373,3.77544218853163e-16,3.14125214435528e-16,0.0169059150297857,-5.01696857096895e-16,5.98778271293542e-16,0.657262842725408,6.77179867217612e-16,5.43004604009397e-16,0.263724210263365,-1.03883181326507e-15,-1.03883181326507e-15,284.682501136874,283.943232465489
0.2,-4.82421223814494e-17,5.03678758152492e-17,-0.116460260779453,3.82470396750259e-16,3.16202060306276e-16,0.0196543781406089,-4.75692625999559e-16,5.820650716759e-16,0.633268135675556,7.22255019775497e-17,2.85970827594811e-17,0.288510097654523,-1.03670208376543e-15,-1.02521866721525e-15,288.063954396046,287.357128705257
0.21,-5.09755509335403e-17,5.36617011289238e-17,-0.122674581249639,3.8135988246664e-16,3.12985118507565e-16,0.0226528693100166,-4.4500688031548e-16,5.60436382702606e-16,0.606616667690278,-5.47016355253842e-16,-4.96300958028696e-16,0.313769449918575,-1.03670208376543e-15,-1.02521866721525e-15,291.059948086851,290.387599714408
0.22,-5.35417864092794e-17,5.68713604771588e-17,-0.128611514007306,3.74376577541284e-16,3.04680413955972e-16,0.0259058563989651,-4.1682562019933e-16,5.40616010891562e-16,0.577585624087302,-1.10867081664713e-15,-9.66193016224294e-16,0.339443914953044,-9.2059008056387e-16,-9.02216614083586e-16,293.713891611184,293.077220911779
0.23,-5.5967476401665e-17,6.00239579215028e-17,-0.134248409639145,3.61771133706775e-16,2.91580350725482e-16,0.0294172531262973,-3.84211080715611e-16,5.16010339865569e-16,0.546426264609807,-1.68105314281431e-15,-1.44306272636334e-15,0.365481593313447,-9.2059008056387e-16,-9.02216614083586e-16,296.064420674004,295.463944522862
0.24,-5.82919305566435e-17,6.31579168187733e-17,-0.139565021345228,3.44003323282823e-16,2.74156007412702e-16,0.0331904811209795,-3.60081199976457e-16,4.99272481783949e-16,0.513365654730949,-2.13295796829136e-15,-1.81200137300599e-15,0.391836487799189,-7.13121880040806e-16,-6.90614383602458e-16,298.145897186833,297.581579190775
0.25,-6.0562517061663e-17,6.63175371565019e-17,-0.144543271049164,3.21681900058692e-16,2.53010937331008e-16,0.0372285264815887,-3.32174559657926e-16,4.7839736040736e-16,0.478608459027327,-2.59203824382882e-15,-2.18476307092157e-15,0.418467957938018,-7.13121880040806e-16,-6.90614383602458e-16,299.988862359089,299.460224708585
0.26,-6.28256412816892e-17,6.95415627431802e-17,-0.149167033478516,2.95438131940189e-16,2.28794983873347e-16,0.0415339909589924,-3.17085125707382e-16,4.69123691192731e-16,0.442338735558447,-2.89625517830537e-15,-2.41464988299611e-15,0.445340193455114,-4.62323377675016e-16,-4.25852046711652e-16,301.620446092474,301.12666497591
0.27,-6.51408264874638e-17,7.28784180809563e-17,-0.153421938021715,2.66083129710345e-16,2.02316355343963e-16,0.046109137995771,-2.99038080234051e-16,4.56566351394742e-16,0.404721688129158,-3.20464080801618e-15,-2.64597087962851e-15,0.472421715846079,-4.62323377675016e-16,-4.25852046711652e-16,303.064735905959,302.604722337314
0.28,-6.75487945686875e-17,7.63589627475791e-17,-0.157295187800596,2.34301735532327e-16,1.7425375615378e-16,0.0509559339298411,-2.94765477876436e-16,4.56962906563974e-16,0.365905347047714,-3.35028630140238e-15,-2.73098144714557e-15,0.49968491348917,-2.08493527303945e-16,-1.63643895625572e-16,304.343108623572,303.915576427412
0.29,-7.01053356015657e-17,8.00256779524446e-17,-0.160775395152515,2.00961780666579e-16,1.45438470383923e-16,0.0560760847114536,-2.88263194776807e-16,4.54899420158094e-16,0.32602215940509,-3.49781514860048e-15,-2.81598591750289e-15,0.527105613044346,-2.08493527303945e-16,-1.63643895625572e-16,305.474527984787,305.078050553312
0.3,-7.28420760655387e-17,8.38981202259825e-17,-0.163852432562795,1.66723235353375e-16,1.16506068200981e-16,0.0614710685011505,-2.94892503086738e-16,4.65461920844263e-16,0.28519047770449,-3.4920513735216e-15,-2.76525570554232e-15,0.55466268796517,2.41882987699398e-17,7.40649108773184e-17,306.475811211779,306.108868508616
0.31,-7.58063132900172e-17,8.80081150244103e-17,-0.166517298003646,1.32415415987213e-16,8.82271469869165e-17,0.0671421645181902,-2.99846287086633e-16,4.74241616784421e-16,0.2435159414369,-3.48651869452647e-15,-2.71384754026821e-15,0.582337703611567,2.41882987699398e-17,7.40649108773184e-17,307.361867407374,307.022884549896
0.32,-7.90128685107412e-17,9.23605866502735e-17,-0.168761993601323,9.85872975195599e-17,6.10864229222137e-17,0.0730904784995488,-3.14671278045636e-16,4.93380038371905e-16,0.201092750386711,-3.35608928653659e-15,-2.55961820757078e-15,0.610114597552809,2.0973106061498e-16,2.51140444429585e-16,308.145910476183,307.833289087882
0.33,-8.24901127744919e-17,9.69717825105054e-17,-0.170579416555202,6.59242006841439e-17,3.56662704999706e-17,0.0793169651127544,-3.28148648630181e-16,5.1119257869881e-16,0.158004831424479,-3.22482335312877e-15,-2.40462701646254e-15,0.637979393078765,2.0973106061498e-16,2.51140444429585e-16,308.839649069623,308.551792459978
0.34,-8.62348717494923e-17,1.01827819842208e-16,-0.171963261259722,3.47720263448134e-17,1.22624627204591e-17,0.0858224476443753,-3.4725723528406e-16,5.35014116534136e-16,0.11432690258886,-3.01697035875202e-15,-2.18713323600521e-15,0.665919943606324,3.21056717722005e-16,3.57385764560945e-16,309.453455860791,309.188788964616
0.35,-9.02539668001205e-17,1.06923118065593e-16,-0.172907931624571,5.56010012369381e-18,-8.7729077828376e-18,0.0926076352620473,-3.65176529681022e-16,5.5773616697667e-16,0.0701254396023793,-2.80772376748068e-15,-1.96909419772718e-15,0.693925705510313,3.21056717722005e-16,3.57385764560945e-16,309.996518263163,309.75350315571
0.36,-9.45295756174082e-17,1.12232904915624e-16,-0.173408462643912,-2.15228348488418e-17,-2.73246088682665e-17,0.0996731381230069,-3.84610582531032e-16,5.83019883953406e-16,0.0254595507821233,-2.55918863328224e-15,-1.72675922927437e-15,0.721987536873457,3.76368695436042e-16,3.98166123539406e-16,310.476972521459,310.254120220216
0.37,-9.90501066899021e-17,1.17738391508397e-16,-0.173460450327174,-4.62455753386936e-17,-4.32588706547309e-17,0.107019480577214,-4.0292193793738e-16,6.07289732366106e-16,-0.0196182332661765,-2.30902967987692e-15,-1.48421372112383e-15,0.750097519699571,3.76368695436042e-16,3.98166123539406e-16,310.902022926449,310.697902095627
0.38,-1.03768334303265e-16,1.23393387059617e-16,-0.173059989168621,-6.87318135369384e-17,-5.67664445434585e-17,0.114647112689042,-4.15461249015158e-16,6.2736108776067e-16,-0.065061248638089,-2.09056916499026e-15,-1.28360858563547e-15,0.77824880323976,3.28075150182847e-16,3.26947049725622e-16,311.278047739419,311.091290828292
0.39,-1.08635010683209e-16,1.29152165201974e-16,-0.172203616398085,-8.91403634257151e-17,-6.80817586087516e-17,0.122556420278632,-4.26957137526579e-16,6.46398858835647e-16,-0.110828059329682,-1.87076749297605e-15,-1.08305271665881e-15,0.806435466221778,3.28075150182847e-16,3.26947049725622e-16,311.610693257433,311.440000528372
0.4,-1.13600754865891e-16,1.34967277183821e-16,-0.170888262319162,-1.07685846676133e-16,-7.74596971182173e-17,0.130747733662601,-4.31288328043501e-16,6.59340805045898e-16,-0.156881884368992,-1.70266108424175e-15,-9.3807622846331e-16,0.834652395932515,2.51512289827152e-16,2.33359303687824e-16,311.904957307637,311.749099143333
0.41,-1.18611720139716e-16,1.40789797145147e-16,-0.169111206102711,-1.2463963111406e-16,-8.52099274213884e-17,0.139221335254078,-4.34721998292869e-16,6.71247359693156e-16,-0.203190084893672,-1.53359429650721e-15,-7.93260420307699e-16,0.862895182271898,2.51512289827152e-16,2.33359303687824e-16,312.165263327693,312.023081148827
0.42,-1.23622954545228e-16,1.46576426403955e-16,-0.166870036461771,-1.40236177938972e-16,-9.15815864311162e-17,0.147977466163953,-4.31299864950561e-16,6.76764881826401e-16,-0.249723705537633,-1.41982106731726e-15,-7.02845091785989e-16,0.891160025065538,1.70577979223094e-16,1.42179273344463e-16,312.395526069601,312.265932143449
0.43,-1.28584277653421e-16,1.52281588113241e-16,-0.164162616688708,-1.54770498106413e-16,-9.68758578440563e-17,0.157016331928874,-4.27183625402401e-16,6.81286401072926e-16,-0.296457064870439,-1.30546540061998e-15,-6.12582699121716e-16,0.919443653088067,1.70577979223094e-16,1.42179273344463e-16,312.59920985521,312.481186231551
0.44,-1.33458889656635e-16,1.57868970692233e-16,-0.16098705358621,-1.68447306470267e-16,-1.01291865379691e-16,0.166338107476736,-4.17597517913286e-16,6.80237094819102e-16,-0.343367390027195,-1.23874955862898e-15,-5.66167849624536e-16,0.947743253405872,1.01387278882397e-16,6.88795696792165e-17,312.779380213024,312.671976985555
0.45,-1.38205253370805e-16,1.63300027247284e-16,-0.157341669870545,-1.81523394766352e-16,-1.05069741255468e-16,0.175942941427168,-4.07541751086919e-16,6.78261242583016e-16,-0.390434491060235,-1.17176438306158e-15,-5.19832663237405e-16,0.976056409794728,1.01387278882397e-16,6.88795696792165e-17,312.938749636732,312.841082695339
0.46,-1.42795925276562e-16,1.68546172206331e-16,-0.153224979668518,-1.94146327655388e-16,-1.08339083674979e-16,0.185830959812695,-3.93864160340269e-16,6.72119891286734e-16,-0.437640470927426,-1.13874495396462e-15,-5.02631680900996e-16,1.00438104912362,5.23711602200452e-17,2.02173774674495e-17,313.07971812562,312.990966536628
0.47,-1.47199971937038e-16,1.7357714446975e-16,-0.148635666768687,-2.06500660312034e-16,-1.11256180084904e-16,0.196002269295739,-3.79920612690569e-16,6.65123609501944e-16,-0.484969467399176,-1.10567304860861e-15,-4.85423842851972e-16,1.03271539472042,5.23711602200452e-17,2.02173774674495e-17,313.204409094858,313.123812222268
0.48,-1.51398649789436e-16,1.78371402168353e-16,-0.143572565323043,-2.18668308250025e-16,-1.13881349244594e-16,0.206456959947281,-3.64171231475069e-16,6.55501720617366e-16,-0.532407423513107,-1.09127830470622e-15,-4.82618185623897e-16,1.06105792584788,2.55985499325503e-17,-3.88821823515839e-18,313.314701178937,313.241555639109
0.49,-1.55371267210787e-16,1.82906515664092e-16,-0.13803464272759,-2.3075129315179e-16,-1.16287814824628e-16,0.21719510764477,-3.48307841050278e-16,6.45069435045683e-16,-0.579941883529505,-1.07694451911525e-15,-4.79743844807747e-16,1.08940734252068,2.55985499325503e-17,-3.88821823515839e-18,313.412256393628,313.345912918425
0.5,-1.59106020715172e-16,1.8716656616796e-16,-0.132020984439338,-2.42771001974828e-16,-1.1847980423541e-16,0.228216776139584,-3.3210122399186e-16,6.33361485108721e-16,-0.627561811641162,-1.06750844836998e-15,-4.79226659130774e-16,1.11776253498521,1.86891632661134e-17,-7.94564533243959e-18,313.498545070022,313.438405338682
0.51,-1.62590635431319e-16,1.91135548753359e-16,-0.12553078051346,-2.5475370315102e-16,-1.2046356724908e-16,0.239522018837937,-3.1586837521069e-16,6.20840211103867e-16,-0.675257430967678,-1.05815428506447e-15,-4.78623604431928e-16,1.14612255726614,1.86891632661134e-17,-7.94564533243959e-18,313.574867928002,313.520381415584
0.52,-1.65818077894228e-16,1.94801571195364e-16,-0.118563313667896,-2.66673291303296e-16,-1.22206581323728e-16,0.2511108803335,-3.00255536315387e-16,6.08021680059862e-16,-0.723020080617464,-1.04318660392921e-15,-4.72305268790856e-16,1.17448660425612,2.68014698551448e-17,1.4558684974393e-18,313.642375615247,313.593036495103
0.53,-1.6878202590618e-16,1.98153341111726e-16,-0.111117948703787,-2.78496959016665e-16,-1.23671375757328e-16,0.262983397725068,-2.84646489159349e-16,5.94332182329162e-16,-0.770842088831217,-1.0282518946187e-15,-4.65932624353698e-16,1.20285399188984,2.68014698551448e-17,1.4558684974393e-18,313.702086001173,313.657430130167
0.54,-1.7147817818986e-16,2.01181616471336e-16,-0.103194169689444,-2.90167005823463e-16,-1.2480866712022e-16,0.275139434758904,-2.70119654797837e-16,5.80898334246008e-16,-0.818693380236782,-1.00102921364268e-15,-4.49873105794954e-16,1.23114064531609,4.43448186962244e-17,1.75439506131103e-17,313.662334325192,313.714501490517
0.55,-1.73903939004828e-16,2.0387852596815e-16,-0.0947925499291509,-3.01611296053363e-16,-1.25562222621582e-16,0.287575174194767,-2.55590884385973e-16,5.66484208119301e-16,-0.866360501357031,-9.73747308580664e-16,-4.33834506239516e-16,1.25860210524907,4.43448186962244e-17,1.75439506131103e-17,313.128128207544,313.765083027362
0.56,-1.76056841999707e-16,2.0623735179216e-16,-0.0859160221483393,-3.12754037159567e-16,-1.25886535508831e-16,0.300278536698758,-2.42207415190681e-16,5.52487665061444e-16,-0.913604239033633,-9.31014502127815e-16,-4.07589129113995e-16,1.28439913303341,6.62457758606977e-17,3.46421205995774e-17,312.131923916333,313.809912589741
0.57,-1.77936837325023e-16,2.08253479052799e-16,-0.0765698074895636,-3.23501192046751e-16,-1.25731105797046e-16,0.313229412817833,-2.28816675909226e-16,5.37353162649395e-16,-0.960208299749076,-8.88108656741757e-16,-3.81480439932604e-16,1.30777257010953,6.62457758606977e-17,3.46421205995774e-17,310.714263337979,313.849644167418
0.58,-1.79542668616911e-16,2.09922632031192e-16,-0.0667611906904381,-3.3377016151644e-16,-1.25068211072985e-16,0.326400449190354,-2.16382737332573e-16,5.22506030832072e-16,-1.00597832076588,-8.29218906448627e-16,-3.47040903073678e-16,1.32804003152619,8.87352292549712e-17,4.88248440849937e-17,308.912597887077,313.884857415544
0.59,-1.80875553361392e-16,2.11242825659658e-16,-0.0564993056231114,-3.43460247198315e-16,-1.23867328112562e-16,0.339757799871923,-2.03959464206305e-16,5.06338691777634e-16,-1.05074078208153,-7.70048834501658e-16,-3.12875758331478e-16,1.34459221668319,8.87352292549712e-17,4.88248440849937e-17,306.761523413935,313.916066098853
0.6,-1.81935080742057e-16,2.12212134803452e-16,-0.0457950584859728,-3.52489969719874e-16,-1.22124462805512e-16,0.353262319998018,-1.92195325614848e-16,4.90171981475217e-16,-1.09429604106815,-6.95882966198382e-16,-2.7350210651605e-16,1.3570630178478,1.0974582725467e-16,5.80844548297264e-17,304.293029878326,313.762053557015
0.61,-1.82723316080394e-16,2.12831262240946e-16,-0.0346620299618104,-3.60763741422702e-16,-1.19834569315659e-16,0.36687439976611,-1.80478731376339e-16,4.7247691540109e-16,-1.13629708870245,-6.21656552588624e-16,-2.34672843727916e-16,1.36578340649481,1.0974582725467e-16,5.80844548297264e-17,301.537527676635,313.048052210112
0.62,-1.83241987369744e-16,2.13102282570823e-16,-0.0231172904424019,-3.68199557211853e-16,-1.17011464471147e-16,0.380558425410712,-1.6918585713204e-16,4.54643079958002e-16,-1.1764107056706,-5.31964802760534e-16,-1.93422718139526e-16,1.37116787965895,1.32299797579877e-16,6.33587517500354e-17,298.525484315486,311.836273101664
0.63,-1.83495291205972e-16,2.13030258367679e-16,-0.0111810358304137,-3.74703467434441e-16,-1.13668926562847e-16,0.394282750499074,-1.57985589519232e-16,4.3504660702386e-16,-1.21434945461656,-4.42799881227686e-16,-1.53082762015316e-16,1.3735917528319,1.32299797579877e-16,6.33587517500354e-17,295.287435606477,310.185566392908
0.64,-1.83486730791211e-16,2.126210246266e-16,0.00112386463611236,-3.80202982444204e-16,-1.09839536183206e-16,0.408019314147089,-1.4692785213437e-16,4.15054277194749e-16,-1.24987036096762,-3.39203607018223e-16,-1.13746324575764e-16,1.37339343057419,1.54705986173445e-16,6.34379792344191e-17,291.853797452498,308.151571675473
0.65,-1.83221880100834e-16,2.1188333634505e-16,0.0137723054112468,-3.84614921652789e-16,-1.05558049075188e-16,0.42174328305491,-1.36052810970814e-16,3.9310227287329e-16,-1.28277317177397,-2.36787743741847e-16,-7.55884802607203e-17,1.37087690556499,1.54705986173445e-16,6.34379792344191e-17,288.25469447546,305.786854086751
0.66,-1.82705636399081e-16,2.10826067840315e-16,0.0267373626982875,-3.87882767746273e-16,-1.00873551379954e-16,0.43543271908459,-1.25100091782747e-16,3.70438843365761e-16,-1.3128982794609,-1.22202878675822e-16,-4.16358350466068e-17,1.36631436576749,1.75351892460614e-16,5.82366540183126e-17,284.519803300241,303.141025950009
0.67,-1.81944471257862e-16,2.09460804955163e-16,0.0399906905376492,-3.89941203036134e-16,-9.58390682767364e-17,0.449068273036896,-1.14472596864312e-16,3.45695507961476e-16,-1.3401243873939,-9.43455756411483e-18,-8.98810923443626e-18,1.3599488191892,1.75351892460614e-16,5.82366540183126e-17,280.678208286094,300.260853856394
0.68,-1.80944487606355e-16,2.077986473791e-16,0.0535028926538009,-3.90753573084566e-16,-9.05145310618125e-17,0.462632904490411,-1.03678820945351e-16,3.19935153252921e-16,-1.364365984962,1.12437926554789e-16,1.71568561415139e-17,1.35199666968151,1.92904381047136e-16,4.87400912654869e-17,276.758267598429,297.190351342044
0.69,-1.79712853133044e-16,2.05853075352742e-16,0.0672438684283187,-3.90276550797862e-16,-8.49647709045112e-17,0.476111626989161,-9.33917720986556e-17,2.92081935746842e-16,-1.38557069149209,2.31956124289664e-16,4.20142686593117e-17,1.34265019630982,1.92904381047136e-16,4.87400912654869e-17,272.787487728417,293.970857590574
0.7,-1.78256790890132e-16,2.03636593498837e-16,0.0811831319245307,-3.8849445924064e-16,-7.92533856321095e-17,0.489491277460314,-8.30001343040722e-17,2.62976475757482e-16,-1.40371652069936,3.57169530978422e-16,5.93116274207531e-17,1.33207990387647,2.06402637924966e-16,3.66698770771124e-17,268.792404883388,290.641102906132
0.71,-1.76584130782971e-16,2.01163663704705e-16,0.0952901033749943,-3.85387024008501e-16,-7.34489416912217e-17,0.50276030847402,-7.33082193311464e-17,2.31887800808935e-16,-1.41880911052688,4.7964917463838e-16,7.54486663554767e-17,1.32043672392354,2.06402637924966e-16,3.66698770771124e-17,264.798472073979,287.237262047442
0.72,-1.74703118099908e-16,1.98447445778051e-16,0.10953437296351,-3.80958418316224e-16,-6.76120232587852e-17,0.515908601793054,-6.36935364588454e-17,1.99419990670707e-16,-1.43087895708514,6.04435713086316e-16,8.41600080916418e-17,1.30785405461107,2.15226628134488e-16,2.39724486401572e-17,260.829951197354,283.792996875867
0.73,-1.72622231841561e-16,1.95502579457394e-16,0.123885937095391,-3.75210116213506e-16,-6.18075012282469e-17,0.528927301576192,-5.49524322542578e-17,1.65200420782496e-16,-1.43997868591166,7.26297477382319e-16,9.1898220781999e-17,1.29444963478522,2.15226628134488e-16,2.39724486401572e-17,256.909809936977,280.339490132027
0.74,-1.70350545786662e-16,1.92342258799158e-16,0.138315407659485,-3.68163687868521e-16,-5.60882078854676e-17,0.541808665576813,-4.6530594426128e-17,1.29594397091156e-16,-1.44618038886397,8.47309737032803e-16,9.32003042166558e-17,1.28032725276331,2.18980603318979e-16,1.23050487681795e-17,253.059623840037,276.905472492489
0.75,-1.67897081574558e-16,1.88980666500438e-16,0.152794195048481,-3.59839751042879e-16,-5.05101130223153e-17,0.554545932701596,-3.91130075088325e-17,9.2575992803436e-17,-1.44957305055753,9.65395863416849e-16,9.37304084805824e-17,1.26557829422613,2.18980603318979e-16,1.23050487681795e-17,249.29948445926,273.517245343587
0.76,-1.65271434658484e-16,1.85430571520353e-16,0.167294665925033,-3.5027436937343e-16,-4.51160115967092e-17,0.567133205351307,-3.22523999981134e-17,5.42730961622101e-17,-1.45026008428576,1.07978149531472e-15,8.92188374789588e-17,1.25028313640955,2.17372290698513e-16,2.69348980165575e-18,245.647914918052,270.198701915642
0.77,-1.62482932077313e-16,1.81705261885357e-16,0.181790276904049,-3.39504356390244e-16,-3.99505362989114e-17,0.579565345046856,-2.64711053685497e-17,1.49828935079847e-17,-1.44835699373069,1.19140770807791e-15,8.41204858938253e-17,1.23451239775117,2.17372290698513e-16,2.69348980165575e-18,242.121794637045,266.971349522023
0.78,-1.59541319090465e-16,1.7781679061833e-16,0.196255685469384,-3.27577464222625e-16,-3.50462634329377e-17,0.591837879941603,-2.14315053324049e-17,-2.54022425963022e-17,-1.44398917341973,1.29678807005884e-15,7.53845229043737e-17,1.21832805344216,2.10166642341831e-16,-4.54300197551632e-18,238.736295209509,263.85433562344
0.79,-1.56455901851194e-16,1.73777308861413e-16,0.210666839558451,-3.14543957028004e-16,-3.04364150039134e-17,0.603946922929041,-1.74895519299955e-17,-6.62901711124806e-17,-1.43728985774668,1.39970721729707e-15,6.62190467878768e-17,1.20178442808827,2.10166642341831e-16,-4.54300197551632e-18,235.504829503873,260.864480277523
0.8,-1.53236220538696e-16,1.69598017088955e-16,0.225001047333029,-3.00460739510888e-16,-2.61444462343598e-17,0.615889099168693,-1.43975088068748e-17,-1.0801938086013e-16,-1.42839822541104,1.49413632142698e-15,5.45894892006917e-17,1.18492907699129,1.97244051565415e-16,-9.62544931355937e-18,232.43901598711,258.016317237107
0.81,-1.49891232297299e-16,1.65289858120471e-16,0.239237028710339,-2.85389087560158e-16,-2.21935234332318e-17,0.627661481968084,-1.23711601089192e-17,-1.4973475902717e-16,-1.41745766331772,1.58648926865473e-15,4.26602707312623e-17,1.16780356749816,1.97244051565415e-16,-9.62544931355937e-18,229.548660002149,255.322145540422
0.82,-1.46430009458113e-16,1.60863169373185e-16,0.253354950256794,-2.69392723330161e-16,-1.85995046383762e-17,0.6392615360716,-1.12260761503387e-17,-1.91993676096736e-16,-1.40461419131824,1.66843686179494e-15,2.91375015369701e-17,1.15044417149071,1.78725524723308e-16,-1.30287321463959e-17,226.841753311863,252.792092916836
0.83,-1.42860915814205e-16,1.56327747010791e-16,0.267336445049344,-2.52541644362999e-16,-1.53773196547523e-17,0.650687067515111,-1.1074007960338e-17,-2.33716609486272e-16,-1.39001504668346,1.74873334161553e-15,1.54231509175997e-17,1.13288247946347,1.78725524723308e-16,-1.30287321463959e-17,224.324492673908,250.434191746881
0.84,-1.39192424626326e-16,1.51693146483007e-16,0.281164619087767,-2.34904144673726e-16,-1.25366005191794e-17,0.661936179306127,-1.17717245024761e-17,-2.75657079703502e-16,-1.37380742490977,1.81709411884647e-15,7.27791866377132e-19,1.11514594581609,1.55085370412592e-16,-1.52177026310072e-17,222.00131757958,248.254467704748
0.85,-1.35432194744992e-16,1.46968170150892e-16,0.294824045797958,-2.16556621806536e-16,-1.00856641417945e-17,0.673007232281251,-1.33585634949438e-17,-3.16558371972043e-16,-1.3561373714185,1.884224890592e-15,-1.40673193611328e-17,1.09725837403124,1.55085370412592e-16,-1.52177026310072e-17,219.874966628128,246.257040616473
0.86,-1.31588098019377e-16,1.42161729353636e-16,0.308300750103759,-1.97569759865868e-16,-8.02890506279667e-18,0.683898810574836,-1.57196504852012e-17,-3.57336531892976e-16,-1.33714881695479,1.93833021863297e-15,-2.93959363637372e-17,1.07924034937804,1.27180801007113e-16,-1.64969299719471e-17,217.946551368723,244.444236525723
0.87,-1.27667111740678e-16,1.37281836794178e-16,0.321582183466317,-1.78023952620039e-16,-6.36918832822676e-18,0.6946096912044,-1.88428839883316e-17,-3.96612376150087e-16,-1.31698274806611,1.99158630895054e-15,-4.47452573395881e-17,1.06110962573278,1.27180801007113e-16,-1.64969299719471e-17,216.21564587341,242.81670950281
0.88,-1.23676600104093e-16,1.32336923373326e-16,0.334657191198708,-1.57990234902646e-16,-5.10630485336604e-18,0.70513881733969,-2.26376610618523e-17,-4.35423126365601e-16,-1.29577650296753,2.03119331642369e-15,-6.02589292282738e-17,1.04288147209616,9.61757319649167e-17,-1.69868157191472e-17,214.680389843539,241.373571382849
0.89,-1.19622984144688e-16,1.27334433485343e-16,0.347515973263216,-1.37550610013025e-16,-4.23839470947295e-18,0.715485274873811,-2.70512761352947e-17,-4.72325022463548e-16,-1.27366318239105,2.07026594320825e-15,-7.57252470625384e-17,1.02456898345286,9.61757319649167e-17,-1.69868157191472e-17,213.337602723577,240.112527387107
0.9,-1.15513266080145e-16,1.22282482400523e-16,0.360150039652825,-1.16774693629282e-16,-3.76106570030901e-18,0.725648271957534,-3.20188728050584e-17,-5.0843238166815e-16,-1.25077116466317,2.09551297979772e-15,-9.10103262494609e-17,1.00618335979607,6.33879770615999e-17,-1.66823328387939e-17,212.182906109891,239.030015467987
0.91,-1.11353490027786e-16,1.17188158344165e-16,0.372552161350632,-9.57439064406686e-17,-3.6681888304847e-18,0.735627121192893,-3.74515469778905e-17,-5.42292194070936e-16,-1.22722371423265,2.12046117494682e-15,-1.06189786805814e-16,0.987734156446866,6.33879770615999e-17,-1.66823328387939e-17,211.210851694591,238.121347214544
0.92,-1.0715045356565e-16,1.12059409277281e-16,0.384716317754145,-7.45250507904879e-17,-3.95153749164526e-18,0.745421224210901,-4.33137001189238e-17,-5.75054032500486e-16,-1.20313867314139,2.13179492271902e-15,-1.20844833236429e-16,0.969229508240444,3.01157946370196e-17,-1.55358864842806e-17,210.415052061514,237.380848246764
0.93,-1.02910012277372e-16,1.06903151859549e-16,0.396637641348577,-5.31971323760844e-17,-4.60106748316663e-18,0.755030058381964,-4.94821702494157e-17,-6.0530334120474e-16,-1.17862822544489,2.14298397990496e-15,-1.35344447712293e-16,0.95067632972571,3.01157946370196e-17,-1.55358864842806e-17,209.788311831344,236.801996193717
0.94,-9.8638899481636e-17,1.01727287533258e-16,0.408312360316304,-3.18231655724918e-17,-5.60508396189221e-18,0.764453165427524,-5.59536295477465e-17,-6.3418898385265e-16,-1.15379872528946,2.14107306016734e-15,-1.48980825301011e-16,0.932080493216309,-2.50484186821793e-18,-1.35223160359459e-17,209.32275690969,236.377554572126
0.95,-9.43429471771945e-17,9.65387075490564e-17,0.419737739680457,-1.04783625201362e-17,-6.94999100309244e-18,0.773690141718919,-6.25728246123812e-17,-6.60371860300422e-16,-1.12875058018359,2.13909702122183e-15,-1.62418788963036e-16,0.913446986322919,-2.50484186821793e-18,-1.35223160359459e-17,209.00995989937,236.099701137087
0.96,-9.00289318943604e-17,9.13453543861226e-17,0.430912021500001,1.07786293562833e-17,-8.62104165369847e-18,0.782740630065055,-6.93699833516882e-17,-6.84971840906095e-16,-1.10357818190481,2.124748158931e-15,-1.74671401362465e-16,0.894780050466004,-3.35842716279685e-17,-1.0670124693847e-17,208.841060071218,235.960149547063
0.97,-8.57027855447665e-17,8.61541967402911e-17,0.441834364562238,3.18773078311652e-17,-1.06015071319062e-17,0.791604312805166,-7.61613000156095e-17,-7.06750764157899e-16,-1.07836987841266,2.11035167224176e-15,-1.86687810668434e-16,0.876083301794253,-3.35842716279685e-17,-1.0670124693847e-17,208.806876625118,235.950263454956
0.98,-8.13713964988277e-17,8.09732706180854e-17,0.452504783956527,5.27636487942723e-17,-1.28740483591472e-17,0.800280906036957,-8.30099220554813e-17,-7.2677905056889e-16,-1.05320798104864,2.08444023295504e-15,-1.97226819443288e-16,0.857359835896388,-6.25019082909966e-17,-7.06280193083847e-18,208.898014297745,236.061162393961
0.99,-7.70408724938059e-17,7.58096813047456e-17,0.462924090859699,7.33723741154881e-17,-1.54192766898149e-17,0.80877015482426,-8.97084120891261e-17,-7.43934446824003e-16,-1.02816880216456,2.05845171672178e-15,-2.07495709822117e-16,0.838612317676068,-6.25019082909966e-17,-7.06280193083847e-18,209.104960673194,236.283819062048
1,-7.27182439929717e-17,7.06715765054945e-17,0.47309383281867,9.36541127430272e-17,-1.82177417412248e-17,0.817071829241934,-9.63506694600017e-17,-7.59224293052964e-16,-1.00332271910427,2.02187243352048e-15,-2.16034710836175e-16,0.8198430577477,-8.88820583718324e-17,-2.82272722816138e-18,209.418174819352,236.609147817004
1.01,-6.84098245708648e-17,6.55662160878546e-17,0.483016234778148,1.13549021176255e-16,-2.12478982621084e-17,0.825185721129282,-1.02711368142367e-16,-7.71648789764908e-16,-0.978734261156947,1.98515500993044e-15,-2.24272771350516e-16,0.801054076695327,-8.88820583718324e-17,-2.82272722816138e-18,209.828167102319,237.028084371981
1.02,-6.412278245912e-17,6.05018456809194e-17,0.492694141070291,1.33012280822836e-16,-2.44886620423396e-17,0.833111641436549,-1.08912036818547e-16,-7.8214381057673e-16,-0.95446221669338,1.93879347870095e-15,-2.30572451320953e-16,0.782247158511097,-1.12543218123397e-16,1.90990449728997e-18,210.325570222183,237.531656829151
1.03,-5.98636269988906e-17,5.54858609459603e-17,0.502130958557501,1.51989498241265e-16,-2.79168371305132e-17,0.840849418062096,-1.1471535404437e-16,-7.89832602961246e-16,-0.930559758188467,1.89221508262505e-15,-2.3654326533108e-16,0.763423894490754,-1.12543218123397e-16,1.90990449728997e-18,210.90120166721,238.111048307195
1.04,-5.56396303773687e-17,5.05265631134702e-17,0.51133060109848,1.70440258000111e-16,-3.15101624903458e-17,0.848398894090334,-1.20266910105493e-16,-7.95574738109883e-16,-0.907074583227632,1.83693711009269e-15,-2.40411547913008e-16,0.744585718810101,-1.33439441335601e-16,6.99483712607322e-18,211.546117902679,238.757651509426
1.05,-5.14574549005473e-17,4.5631433454736e-17,0.520297435489987,1.88315535041383e-16,-3.52442791847981e-17,0.855759926352508,-1.25322910613634e-16,-7.98613491580769e-16,-0.884049069898294,1.78135760465314e-15,-2.43926234626867e-16,0.725733936939438,-1.33439441335601e-16,6.99483712607322e-18,212.251660698895,239.463115646072
1.06,-4.73255413784381e-17,4.08116227468126e-17,0.529036229021877,2.05607521966642e-16,-3.91090759624752e-17,0.862932384243603,-1.29740028236941e-16,-7.99149589998645e-16,-0.861520445190405,1.7243186518782e-15,-2.48077041013978e-16,0.706869747974178,-1.36204758655013e-16,4.19690227564393e-18,213.009496064336,240.219386170097
1.07,-4.32520558413285e-17,3.60781495680165e-17,0.537552098769904,2.22307128946162e-16,-4.30957619702853e-17,0.86991614873905,-1.3359789589195e-16,-7.97167103175973e-16,-0.839520965183422,1.66692470221385e-15,-2.5189161227427e-16,0.687994261872745,-1.36204758655013e-16,4.19690227564393e-18,213.811646289156,241.018737813735
1.08,-3.92430818278365e-17,3.14398647488377e-17,0.545850462739054,2.38375921442803e-16,-4.71931245525603e-17,0.876711111564397,-1.36802956659377e-16,-7.93491095803734e-16,-0.818078105892861,1.60126177931226e-15,-2.55965710309023e-16,0.669108512498948,-1.55212861778663e-16,2.51814136538636e-18,214.65051562435,241.853801426783
1.09,-3.53038829700906e-17,2.69050315700412e-17,0.553936992959139,2.53767215651711e-16,-5.13904743228371e-17,0.883317174479671,-1.39398533235848e-16,-7.87439165290947e-16,-0.797214763699691,1.53515579539581e-15,-2.59700820061899e-16,0.650213467270085,-1.55212861778663e-16,2.51814136538636e-18,215.518910128138,242.717585119191
1.1,-3.1443453966066e-17,2.24805618409135e-17,0.561817570623684,2.68458363524904e-16,-5.56463612558789e-17,0.889734248647701,-1.42027779515625e-16,-7.79510447007675e-16,-0.776949464301492,1.46433387491231e-15,-2.56934957682761e-16,0.631310034115419,-1.65352526288638e-16,1.95670871245919e-17,216.410052205258,243.603490203458
1.11,-2.76706729032862e-17,1.81723218111303e-17,0.569498243352558,2.82422721530045e-16,-5.991311676548e-17,0.895962254062369,-1.43966759145413e-16,-7.69387947710717e-16,-0.757296579115754,1.39304274050545e-15,-2.53792097632296e-16,0.612399066365884,-1.65352526288638e-16,1.95670871245919e-17,217.317590354859,244.505322413994
1.12,-2.39914015299362e-17,1.39862090157257e-17,0.576985184647924,2.95613559515106e-16,-6.41606620291915e-17,0.902001119018343,-1.45603279063775e-16,-7.58079510001038e-16,-0.738266548042132,1.31157519674361e-15,-2.46621739022138e-16,0.593481366065767,-1.88045795946446e-16,2.95071083094078e-17,218.235604604798,245.417298880095
1.13,-2.04107191974063e-17,9.92690394160553e-18,0.584284655602102,3.07974279349155e-16,-6.83550717509502e-17,0.907850779608608,-1.46517561865449e-16,-7.44740268639105e-16,-0.719866107459528,1.22956772514327e-15,-2.39042077491108e-16,0.574557686138032,-1.88045795946446e-16,2.95071083094078e-17,219.158608090779,246.334051301388
1.14,-1.69348130386556e-17,6.00139710554981e-18,0.591402968904473,3.19477406954699e-16,-7.2473128090312e-17,0.913511179240139,-1.46942100638368e-16,-7.29985824774705e-16,-0.702098522301958,1.14167735104549e-15,-2.28934522163839e-16,0.555628731854087,-2.0035410800336e-16,3.52095910727431e-17,220.081545315232,247.250625641169
1.15,-1.35692516536208e-17,2.21577832927883e-18,0.598346455182931,3.30090046851954e-16,-7.64896987683532e-17,0.918982268161999,-1.466404013497e-16,-7.13411007879428e-16,-0.684963821029734,1.05321173984124e-15,-2.18413640631918e-16,0.536695161793761,-2.0035410800336e-16,3.52095910727431e-17,220.999787320839,248.162478912799
1.16,-1.03200657478918e-17,-1.42273893252323e-18,0.605121431703406,3.39796268443151e-16,-8.03863401223058e-17,0.924264003001653,-1.45753288588222e-16,-6.95394234018554e-16,-0.668459032292821,9.61436308944053e-16,-2.06285357257825e-16,0.517757588543569,-2.06570339203507e-16,3.8397329523944e-17,221.909124310422,249.06547326576
1.17,-7.1927468846247e-18,-4.90766866774728e-18,0.611734173438951,3.48577392865811e-16,-8.41438539154507e-17,0.929356346307872,-1.44156644900082e-16,-6.75789817319624e-16,-0.652578422074572,8.69076691429978e-16,-1.93757556531754e-16,0.498816579326525,-2.06570339203507e-16,3.8397329523944e-17,222.805756005668,249.955867773374
1.18,-4.19019345783684e-18,-8.23408852431597e-18,0.61819088650773,3.56390080930437e-16,-8.77472256636459e-17,0.934259266100096,-1.41939698156923e-16,-6.5554320616759e-16,-0.637313730107977,7.67310619787199e-16,-1.80183094636762e-16,0.479872656680945,-2.26331597768938e-16,4.01032967555054e-17,223.686280076783,250.830308227841
1.19,-1.31414979862012e-18,-1.13981662898911e-17,0.624497683967283,3.63181900499896e-16,-9.11810386079878e-17,0.938972735425147,-1.39048870007399e-16,-6.33913763224842e-16,-0.622654404373902,6.64917812892436e-16,-1.66218246386847e-16,0.460926299274027,-2.26331597768938e-16,4.01032967555054e-17,224.547678942028,251.685815230473
1.2,1.4303701215078e-18,-1.43975804263655e-17,0.630660563940633,3.68926894262813e-16,-9.44030325593619e-17,0.943496731922902,-1.36257436962178e-16,-6.11485865389526e-16,-0.608587832521899,5.5704110712707e-16,-1.44986391549119e-16,0.441977942904134,-2.37103649669898e-16,5.78302083894816e-17,225.387305209276,252.519770842925
1.21,4.03886046078014e-18,-1.7231561323128e-17,0.636685390038415,3.73594451303913e-16,-9.7364350483008e-17,0.94783123740297,-1.32809223665765e-16,-5.87911327346436e-16,-0.59509956909839,4.48552564174842e-16,-1.23347225780983e-16,0.423027981723681,-2.37103649669898e-16,5.78302083894816e-17,226.202866009061,253.329904041659
1.22,6.50484151184538e-18,-1.98954829262683e-17,0.642577874030296,3.77203937627332e-16,-1.00036306832707e-16,0.951976237434562,-1.29180660496113e-16,-5.62844141879607e-16,-0.582173557523734,3.44611257540834e-16,-9.7262291197717e-17,0.404076769684542,-2.25900711326692e-16,6.81535336435903e-17,226.992406447156,254.114275195757
1.23,8.82173695746412e-18,-2.23855228897475e-17,0.648343560708674,3.79780258729316e-16,-1.02387016701259e-16,0.955931720952085,-1.24946565497841e-16,-5.36916875001993e-16,-0.569792345827377,2.40131303853787e-16,-7.07975330515185e-17,0.38512462221834,-2.25900711326692e-16,6.81535336435903e-17,227.754292346856,254.871259807406
1.24,1.0985297788072e-17,-2.46982580325824e-17,0.653987814878078,3.81335723823603e-16,-1.04397098121737e-16,0.959697679877277,-1.20406976672199e-16,-5.09933422489943e-16,-0.557937295227844,1.38561339191869e-16,-4.16171457337427e-17,0.366171817948258,-2.18510043592753e-16,7.40799669048493e-17,228.487192522193,255.599531640471
1.25,1.29914285983532e-17,-2.68310404553111e-17,0.659515810394928,3.81886279770927e-16,-1.06045651111822e-16,0.963274108761078,-1.15338475084197e-16,-4.82350559214176e-16,-0.546588780729354,3.65094297738456e-17,-1.20942935248256e-17,0.347218600883329,-2.18510043592753e-16,7.40799669048493e-17,229.190060769411,256.298045383142
1.26,1.48377086968477e-17,-2.87818156393406e-17,0.664932521174457,3.81439671588571e-16,-1.07319512139037e-16,0.966661004446753,-1.09935820563548e-16,-4.54066293532071e-16,-0.535726382999065,-6.36615031751412e-17,1.90870654026141e-17,0.328265182502038,-2.13510479478895e-16,7.74097614722069e-17,229.862117569069,256.96601916267
1.27,1.65220342375179e-17,-3.05492980978838e-17,0.670242714074657,3.80006079941224e-16,-1.08205004743457e-16,0.969858365754655,-1.04096685164211e-16,-4.25424841453768e-16,-0.525329070884668,-1.64267568115687e-16,5.05677703107237e-17,0.309311744001449,-2.13510479478895e-16,7.74097614722069e-17,230.502831816412,257.602916855921
1.28,1.80427116749169e-17,-3.21282694036348e-17,0.675450943561154,3.77625091272514e-16,-1.0872331105527e-16,0.972866193189786,-9.72237757550253e-17,-3.9565880147428e-16,-0.515375374031286,-2.55890156309316e-16,7.63913369735331e-17,0.29035843860817,-1.93652894612586e-16,6.28325086146363e-17,231.111902606152,258.208430418061
1.29,1.93982447448771e-17,-3.35131937738755e-17,0.680561548051962,3.74345714406139e-16,-1.08902735405601e-16,0.975684488672606,-9.00392822048953e-17,-3.65795492307891e-16,-0.505843545156776,-3.47884932033555e-16,1.02428427833342e-16,0.27140539391629,-1.93652894612586e-16,6.28325086146363e-17,231.689241196195,258.782462321232
1.3,2.05886768876163e-17,-3.47021233891708e-17,0.685578647837104,3.70191586847133e-16,-1.08756233623998e-16,0.97831325529322,-8.2193788376857e-17,-3.35386983359431e-16,-0.496711711644391,-4.34397013253727e-16,1.25035542423565e-16,0.252452714219529,-1.81428656941655e-16,5.40087352123076e-17,232.234953244424,259.325108202407
1.31,2.16143881289033e-17,-3.56931535538107e-17,0.690506144465109,3.65192193237432e-16,-1.08301314545065e-16,0.980752497088738,-7.41437335572951e-17,-3.05099987690862e-16,-0.487958016209923,-5.21233575451501e-16,1.4779319921688e-16,0.233500482807855,-1.81428656941655e-16,5.40087352123076e-17,232.749321401512,259.836639808557
1.32,2.24769508913281e-17,-3.64868136760001e-17,0.695347721486425,3.59361362611154e-16,-1.07546350312835e-16,0.983002218843339,-6.56906076361314e-17,-2.74682765552639e-16,-0.479560746495588,-6.04728377211065e-16,1.68465918017243e-16,0.21454876420235,-1.73843860814385e-16,4.86519077897325e-17,233.23278833235,260.317488316982
1.33,2.3178363066448e-17,-3.70838952994622e-17,0.700106846442693,3.52716571466679e-16,-1.06502713244917e-16,0.985062425910325,-5.71289210760367e-17,-2.44580657994604e-16,-0.47149845353411,-6.88509486838467e-16,1.89239188875595e-16,0.195597606305884,-1.73843860814385e-16,4.86519077897325e-17,233.685940229253,260.768228099121
1.34,2.37215969016247e-17,-3.74869210629992e-17,0.704786773990668,3.45265576306696e-16,-1.05176423821958e-16,0.986933124055217,-4.83518896851667e-17,-2.14662980853595e-16,-0.46375005911264,-7.7026107370301e-16,2.08735415091848e-16,0.176647042451115,-1.69094522301761e-16,4.53881961271221e-17,234.109490871268,261.189560987237
1.35,2.41101064058441e-17,-3.76988083255929e-17,0.709390550050235,3.370184200864e-16,-1.03575563506414e-16,0.988614319318824,-3.95550156072854e-17,-1.85238616860502e-16,-0.456294952146655,-8.52267225838087e-16,2.28289623211218e-16,0.157697093331198,-1.69094522301761e-16,4.53881961271221e-17,234.504266275874,261.582301095139
1.36,2.43453428434533e-17,-3.77219090011851e-17,0.7139210168674,3.28014518770842e-16,-1.01705188342693e-16,0.99010601789904,-3.06865856269365e-17,-1.55512198675066e-16,-0.449113074248246,-9.2516808744196e-16,2.47045459257152e-16,0.138747768802305,-1.49932357302706e-16,4.33914656501564e-17,234.871189981902,261.947360236381
1.37,2.44286060400181e-17,-3.75586183809797e-17,0.718380818885303,3.18302730053115e-16,-9.95719395698818e-17,0.991408226050062,-2.1880768252656e-17,-1.26474006123948e-16,-0.442184994740712,-9.98275789539157e-16,2.65816722834392e-16,0.119799069550537,-1.49932357302706e-16,4.33914656501564e-17,235.211268995571,262.285733976235
1.38,2.43636381152124e-17,-3.72134930016148e-17,0.722772409319077,3.07906116337137e-16,-9.71808136317368e-17,0.992520949997648,-1.31198025118332e-17,-9.76621737798388e-17,-0.4354919754319,-1.06590095959544e-15,2.84070006442143e-16,0.10085098861902,-1.38347654680011e-16,4.21642928228897e-17,235.525580425247,262.598488347064
1.39,2.41542585218203e-17,-3.66913123412539e-17,0.72709805733376,2.96853429435176e-16,-9.45379346679765e-17,0.993444195869012,-4.50037302992544e-18,-6.9700154808887e-17,-0.429016025512108,-1.13370235801769e-15,3.02303926561008e-16,0.0819035127937733,-1.38347654680011e-16,4.21642928228897e-17,235.815258824571,262.886747250524
1.4,2.38030736393377e-17,-3.59964957945296e-17,0.731359855728332,2.8519339869534e-16,-9.16485874302111e-17,0.994177969635945,3.975553813873e-18,-4.1583427795525e-17,-0.422739946988512,-1.19028629527706e-15,3.20182116877181e-16,0.0629566238494564,-1.1522462211016e-16,4.14065903448107e-17,236.081484258242,263.151680564263
1.41,2.33122324016216e-17,-3.51333597231592e-17,0.735559729033251,2.72986190259056e-16,-8.85189494042743e-17,0.994722277069778,1.2235346913174e-17,-1.4483499876923e-17,-0.416647371107125,-1.24701102621495e-15,3.38008989929557e-16,0.0440102996582148,-1.1522462211016e-16,4.14065903448107e-17,236.325471099658,263.394492965441
1.42,2.26867670571563e-17,-3.41084478681483e-17,0.739699441933517,2.60260279326951e-16,-8.51548082614182e-17,0.99507712370683,2.02652553661769e-17,1.21919916674815e-17,-0.410722786245338,-1.29700058805775e-15,3.55572488591486e-16,0.0250645151665912,-1.01320454472388e-16,4.09367948100324e-17,236.548457565031,263.616413478403
1.43,2.19315385456219e-17,-3.29283946304349e-17,0.743780607934246,2.47050981519742e-16,-8.15625932377728e-17,0.99524251482306,2.80080720877863e-17,3.77218274808715e-17,-0.404951557783417,-1.34711183129308e-15,3.73059512993992e-16,0.00611924324689908,-1.01320454472388e-16,4.09367948100324e-17,236.751695984266,263.818685749268
1.44,2.10503680890021e-17,-3.15994586626588e-17,0.7478046981909,2.33410290856947e-16,-7.7748593526197e-17,0.995218455416694,3.54438750268855e-17,6.31989757187415e-17,-0.39931994048222,-1.38522467519237e-15,3.90334982076058e-16,-0.0128255445694598,-7.68747845543115e-17,4.0644588756898e-17,236.936443804992,264.002559045922
1.45,2.00464035724713e-17,-3.01276686728283e-17,0.751773050431672,2.19402307759388e-16,-7.37195754043152e-17,0.995004950197692,4.25260067081902e-17,8.73999325321974e-17,-0.393815083907221,-1.42343889325968e-15,4.07513726482407e-16,-0.0317698774684565,-7.68747845543115e-17,4.0644588756898e-17,237.103955322479,264.169279978009
1.46,1.8925732633421e-17,-2.8521225296422e-17,0.755686877904934,2.0505726020626e-16,-6.94822689300553e-17,0.99460200358298,4.92315652495644e-17,1.10975981538061e-16,-0.388425031446087,-1.45446243175365e-15,4.24510163419073e-16,-0.0507137848308744,-6.22006579252008e-17,4.04625404467527e-17,237.255474124857,264.32008492787
1.47,1.76940740540212e-17,-2.67882980597568e-17,0.759547278290166,1.90412597951423e-16,-6.50437323890666e-17,0.994009619696793,5.55215421774029e-17,1.33184067921654e-16,-0.383138713468962,-1.48557948363936e-15,4.41394955565426e-16,-0.0696572957225657,-6.22006579252008e-17,4.04625404467527e-17,237.392226277114,264.456193140955
1.48,1.63589495119214e-17,-2.49384712344649e-17,0.763355242516249,1.75485320537981e-16,-6.04110479956354e-17,0.993227802374986,6.13724568260671e-17,1.54408771173475e-16,-0.377945935177798,-1.51240516444445e-15,4.5811326161834e-16,-0.0886004386894591,-5.33919620093031e-17,4.03490915222343e-17,237.515414037283,264.578800661395
1.49,1.49276903402235e-17,-2.29814160839591e-17,0.767111663436446,1.60296718091179e-16,-5.55915469258506e-17,0.992256555171475,6.67513818439901e-17,1.74195640498357e-16,-0.372837359683833,-1.53932304437868e-15,4.74707912835552e-16,-0.107543241446817,-5.33919620093031e-17,4.03490915222343e-17,237.626210476339,264.689074682147
1.5,1.34077392754943e-17,-2.09229790801217e-17,0.770817344314736,1.44891801931609e-16,-5.06235585970965e-17,0.991095881367673,7.2392326062837e-17,1.93523675249477e-16,-0.367804486841373,-1.55568129810014e-15,4.8426749578252e-16,-0.12648573066405,-3.20351772055819e-17,2.42094549133406e-17,237.725754563499,264.788148730184
1.51,1.1806226051062e-17,-1.87680578141734e-17,0.77447300708339,1.29326271302261e-16,-4.55524175903234e-17,0.98974578398362,7.74914481121208e-17,2.11335350392999e-16,-0.3628396283516,-1.5721216186624e-15,4.93693435532914e-16,-0.145427931784753,-3.20351772055819e-17,2.42094549133406e-17,237.81514698323,264.87711835828
1.52,1.01315846905792e-17,-1.65251090966032e-17,0.778079300336723,1.13626053369018e-16,-4.04042461469076e-17,0.988206265791048,8.24897416181447e-17,2.28219413812349e-16,-0.357935879632873,-1.58224409014438e-15,4.9883403273009e-16,-0.164369868880579,-1.92211063233491e-17,1.45256729480043e-17,237.895446461147,264.957037528155
1.53,8.39206381823929e-18,-1.42020295679298e-17,0.781636807030864,9.78235215787894e-17,-3.52093526358613e-17,0.98647732932729,8.69049115336151e-17,2.43540784680803e-16,-0.353087088934169,-1.59244237503699e-15,5.03836808652905e-16,-0.183311564638685,-1.92211063233491e-17,1.45256729480043e-17,237.967666668232,265.028915557641
1.54,6.59669079787943e-18,-1.18088663056256e-17,0.785146051864016,8.1933178033778e-17,-2.99864925056523e-17,0.984558976909017,9.10031637530064e-17,2.57652918305269e-16,-0.348287824146501,-1.5988720474834e-15,5.06208407500236e-16,-0.202253040351542,-1.15326637940095e-17,8.7154037688026e-18,238.032773749869,265.09371452605
1.55,4.75438094985813e-18,-9.35533915918454e-18,0.788607508316153,6.59734237419849e-17,-2.4756926490054e-17,0.982451210646369,9.44968009677607e-17,2.70173921145031e-16,-0.343533337743654,-1.60537326840423e-15,5.08440595818711e-16,-0.221194315892006,-1.15326637940095e-17,8.7154037688026e-18,238.091684300437,265.152347268281
1.56,2.87162953656842e-18,-6.85054508490571e-18,0.792021605331298,4.99881120180213e-17,-1.95349424419681e-17,0.98015403245703,9.75475516049475e-17,2.82073668669727e-16,-0.338819530258855,-1.60160012589872e-15,5.09039964290092e-16,-0.240135409754615,9.14310195773103e-18,5.22924226128156e-18,238.145263826784,265.205675851192
1.57,9.54201559922924e-19,-4.30293898611017e-18,0.795388733629452,3.40315216422527e-17,-1.43361360699863e-17,0.977667444079663,9.9984868345009e-17,2.92343840280295e-16,-0.334142912678294,-1.59789227124444e-15,5.09508613434736e-16,-0.259076339089165,9.14310195773103e-18,5.22924226128156e-18,238.194325726171,265.254510443168
1.58,-9.88186241002774e-19,-1.7200382686628e-18,0.798709251638976,1.81290815702654e-17,-9.20285667770955e-18,0.974991447087788,1.02670262259892e-16,3.01574998286466e-16,-0.329500568106136,-1.58803338724233e-15,5.02050795489656e-16,-0.278017119676572,2.15452727628696e-17,-1.29218662314621e-17,238.239630594644,265.299608708505
1.59,-2.94586227808546e-18,8.91714559943848e-19,0.801983491043623,2.31273114015147e-18,-4.18508013953062e-18,0.972126042902579,1.04728798856187e-16,3.09170374751193e-16,-0.324890113029103,-1.57822201099869e-15,4.94468924266588e-16,-0.296957766091233,2.15452727628696e-17,-1.29218662314621e-17,238.281885983398,265.341675538991
1.6,-4.91203741860018e-18,3.52495384316882e-18,0.805211761941587,-1.33665673290078e-17,6.89212134075708e-19,0.969071232804736,1.06688956481562e-16,3.16251255760127e-16,-0.32030965848202,-1.55668190912895e-15,4.82091257084458e-16,-0.315898291724906,4.50369592401737e-17,-2.38080175301032e-17,238.321746552906,265.38136311234
1.61,-6.88062788686815e-18,6.1735094665387e-18,0.808394357616844,-2.88457806526377e-17,5.38778160464209e-18,0.965827017946401,1.08037378352352e-16,3.21688777113406e-16,-0.315757771389318,-1.53517115498484e-15,4.6960909222249e-16,-0.334838708790111,4.50369592401737e-17,-2.38080175301032e-17,238.359814499891,265.419271346387
1.62,-8.84386448999491e-18,8.82840879036898e-18,0.811531558925662,-4.40946033018332e-17,9.89178868558818e-18,0.962393399362159,1.09104394794179e-16,3.26171120835723e-16,-0.311233436331414,-1.50662360110047e-15,4.54223567299287e-16,-0.353779028523024,5.91200764191157e-17,-3.03337609555677e-17,238.396640233172,265.455948711943
1.63,-1.07944860988133e-17,1.14815291118021e-17,0.814623638303565,-5.90753877597986e-17,1.41799760457411e-17,0.958770377978271,1.09595967510307e-16,3.29036699672736e-16,-0.306736017959399,-1.47808976164476e-15,4.38751861951511e-16,-0.372719261242222,5.91200764191157e-17,-3.03337609555677e-17,238.432723499616,265.491893130152
1.64,-1.27271685657155e-17,1.41252030127657e-17,0.817670863326981,-7.37336207132095e-17,1.82392712689459e-17,0.954958266304329,1.09724440700592e-16,3.31477775802126e-16,-0.302265197898383,-1.43724414217763e-15,4.2151496883093e-16,-0.391560592090886,8.37046097975571e-17,-3.42777778887032e-17,238.522297750207,265.470591465213
1.65,-1.46376140836964e-17,1.67528673117745e-17,0.820673499166113,-8.800235084788e-17,2.20558234014351e-17,0.950959217790605,1.09324496242296e-16,3.32327384514214e-16,-0.297820811810278,-1.39643844816411e-15,4.04240342860595e-16,-0.410036816808057,8.37046097975571e-17,-3.42777778887032e-17,238.710607983145,265.344421111818
1.66,-1.65194130466419e-17,1.9356058722072e-17,0.823631810062973,-1.01847637998572e-16,2.562104635638e-17,0.946777989132843,1.08549801476333e-16,3.32353347868862e-16,-0.293402868075545,-1.34796754123409e-15,3.85839063775267e-16,-0.427909593899613,9.9146526139246e-17,-3.68745868201258e-17,238.97842567872,265.133923275112
1.67,-1.83669215638179e-17,2.19271682963883e-17,0.82654606143523,-1.15227780701333e-16,2.89264097927552e-17,0.942421492042939,1.07306946739884e-16,3.30845369772517e-16,-0.289011625099946,-1.2995868626686e-15,3.6745554060288e-16,-0.444990491670014,9.9146526139246e-17,-3.68745868201258e-17,239.308759154608,264.857405841318
1.68,-2.0173344180203e-17,2.44575608620741e-17,0.829416522538745,-1.28121415887297e-16,3.19672089515001e-17,0.937898321500505,1.05714323967868e-16,3.28313168120554e-16,-0.284647621550724,-1.24640161911554e-15,3.48363372780679e-16,-0.461134932668389,1.08997290281864e-16,-3.86278769581809e-17,239.686797725001,264.53096028335
1.69,-2.19325022781999e-17,2.69393157423332e-17,0.832243469268201,-1.40502159856893e-16,3.47391404648856e-17,0.933218343389449,1.03724060499824e-16,3.24327539671773e-16,-0.280311672066387,-1.19333901455984e-15,3.29337076227303e-16,-0.476236428579731,1.08997290281864e-16,-3.86278769581809e-17,240.09976862358,264.168574060802
1.7,-2.36405070077492e-17,2.93661527943856e-17,0.835027186809624,-1.52319075903506e-16,3.72407947693649e-17,0.928392337858884,1.01430025163024e-16,3.20020591523461e-16,-0.276004841123502,-1.12898273465817e-15,3.09888742369351e-16,-0.490221257494701,1.32049605438826e-16,-3.98395339923354e-17,240.536753704727,263.78229142882
1.71,-2.52946305791324e-17,3.17329247689526e-17,0.837767971971149,-1.63509782477066e-16,3.94716655532206e-17,0.92343169366276,9.88110020716737e-17,3.1433874006921e-16,-0.271728404593898,-1.06478676820565e-15,2.90563744918324e-16,-0.503043645343765,1.32049605438826e-16,-3.98395339923354e-17,240.988494101433,263.382393519042
1.72,-2.68901929255606e-17,3.40330913283673e-17,0.840466135101003,-1.74042887814909e-16,4.14335468606532e-17,0.918348148372289,9.59455622022829e-17,3.08014487824328e-16,-0.267483805782923,-9.93689465161691e-16,2.71022467991052e-16,-0.514681460202502,1.46385328117262e-16,-4.06926116088929e-17,241.44719876943,262.97758053529
1.73,-2.84234248674281e-17,3.62610476700513e-17,0.843122001559439,-1.83879848871282e-16,4.31289950383592e-17,0.913153569412177,9.28311986461922e-17,3.00429561894216e-16,-0.263272610549382,-9.22765132371758e-16,2.51647449091266e-16,-0.525132398794858,1.46385328117262e-16,-4.06926116088929e-17,241.906365220608,262.575146556861
1.74,-2.98895777535457e-17,3.84105436861755e-17,0.845735912749555,-1.93001055853865e-16,4.45622569122604e-17,0.907859771151982,8.95348493169425e-17,2.92072939359179e-16,-0.259096464451813,-8.47608654115995e-16,2.32198720634433e-16,-0.534410629750087,1.5536810717116e-16,-4.12997945405365e-17,242.360616164252,262.181142168874
1.75,-3.12846616099478e-17,4.0476146076278e-17,0.848308226735735,-2.01382372629456e-16,4.57381547328693e-17,0.902478363669638,8.60654638385129e-17,2.82592587694568e-16,-0.254957053662399,-7.72617911122829e-16,2.12946476003131e-16,-0.542543852138267,1.5536810717116e-16,-4.12997945405365e-17,242.805553127618,261.800522958595
1.76,-3.26064991603572e-17,4.24494505943799e-17,0.850839318491846,-2.09011394232182e-16,4.66945851190174e-17,0.897020629226544,8.16974950286082e-17,2.72325726295601e-16,-0.250856070543958,-6.95036941708178e-16,2.00799504038783e-16,-0.549570726637534,1.6102902683115e-16,-2.47798767243219e-17,243.237626707173,261.437283497554
1.77,-3.38540974669068e-17,4.43221849946951e-17,0.85332957982757,-2.15873257824348e-16,4.74767949711304e-17,0.891497422913554,7.72428400927663e-17,2.61082400756578e-16,-0.246795184211207,-6.17627977973334e-16,1.88849706914139e-16,-0.555538638419312,1.6102902683115e-16,-2.47798767243219e-17,243.654022295615,261.094577385657
1.78,-3.50201102607736e-17,4.60884230489163e-17,0.855779419042643,-2.21997502711068e-16,4.80790632490232e-17,0.885919094324057,7.30564299601267e-17,2.48329086489469e-16,-0.242776016022001,-5.46869527283147e-16,1.74151821629107e-16,-0.56050175368207,1.47604437474755e-16,-3.18635998266148e-17,244.052559900502,260.774824271099
1.79,-3.60970141786115e-17,4.77425997682196e-17,0.858189260357132,-2.27419757431208e-16,4.84926616391166e-17,0.880295427474423,6.88356107533381e-17,2.34776125310892e-16,-0.238800119712751,-4.76225342089813e-16,1.59650271970393e-16,-0.564519335494555,1.47604437474755e-16,-3.18635998266148e-17,244.431606463004,260.479805077456
1.8,-3.70797088184651e-17,4.92800293552746e-17,0.860559543162365,-2.32156952199327e-16,4.87171278184513e-17,0.87463559652003,6.48047010537851e-17,2.20134207479391e-16,-0.234868965760359,-4.09526143175599e-16,1.43575043489842e-16,-0.567654288043165,1.39618038893139e-16,-3.61366186987308e-17,244.789999268252,260.210746547751
1.81,-3.79631274001799e-17,5.06964418741508e-17,0.86289072113265,-2.36229601455336e-16,4.87501255555125e-17,0.868948135108438,6.07924950294314e-17,2.04850673446054e-16,-0.230983929490953,-3.42896166704701e-16,1.27692293808113e-16,-0.569971901833518,1.39618038893139e-16,-3.61366186987308e-17,245.126979083443,259.968396239569
1.82,-3.87437743919181e-17,5.1988295793713e-17,0.865183261233016,-2.39647192417133e-16,4.8594216064471e-17,0.863240917470518,5.69431727322637e-17,1.88779784855243e-16,-0.227146282440119,-2.7861267640434e-16,1.109401146253e-16,-0.571538775753449,1.34841723205594e-16,-3.8705604509142e-17,245.442131744004,259.753089077132
1.83,-3.94183089089008e-17,5.31525001244094e-17,0.867437642653313,-2.42421337814869e-16,4.82507500108849e-17,0.857521149578559,5.31633857047305e-17,1.72214746066036e-16,-0.223357186483113,-2.14361998254881e-16,9.43743453680123e-17,-0.572421894670707,1.34841723205594e-16,-3.8705604509142e-17,245.735337146798,259.564806355933
1.84,-3.99844540721115e-17,5.4186603478811e-17,0.86965435569432,-2.44557158387392e-16,4.77239382355943e-17,0.851795368901365,4.95475134483053e-17,1.55093756307022e-16,-0.219617690285899,-1.51515456779455e-16,7.7361653843163e-17,-0.572687843956324,1.31947881568979e-16,-4.0237645254026e-17,246.006724628378,259.403228122828
1.85,-4.0440155529523e-17,5.50886273929056e-17,0.871833900627222,-2.46061056380456e-16,4.70171717904394e-17,0.846069451462152,4.6048117285424e-17,1.37620211885147e-16,-0.215928727670003,-8.86715359320078e-17,6.05278102818506e-17,-0.572402144530934,1.31947881568979e-16,-4.0237645254026e-17,246.25663394377,259.26777962975
1.86,-4.07864472265545e-17,5.58545653888369e-17,0.873976786543926,-2.46935693183669e-16,4.61668361219328e-17,0.840348625059809,4.19561096831203e-17,1.19779020234953e-16,-0.21229111753093,-2.66898382930473e-17,5.0470197883002e-17,-0.571628694089773,1.30148618001203e-16,-2.41425871524156e-17,246.485581081505,259.157672571356
1.87,-4.10251751935513e-17,5.64803192026225e-17,0.876083530212334,-2.47184970160844e-16,4.52156700783455e-17,0.834637487649251,3.80319201391784e-17,1.01719265961634e-16,-0.208705564997324,3.52873103291975e-17,4.05780101729907e-17,-0.57042930195064,1.30148618001203e-16,-2.41425871524156e-17,246.694228283411,259.071941697453
1.88,-4.11573812892635e-17,5.69639694534301e-17,0.878154654947733,-2.46810722133209e-16,4.41876789902162e-17,0.828940029995055,3.38493680223137e-17,8.34546419047927e-17,-0.205172663563734,9.67053792449725e-17,3.48041603995071e-17,-0.568863306529734,1.28979184663942e-16,-1.44855522914494e-17,246.883357714539,259.009477329494
1.89,-4.11847642609445e-17,5.73037020595259e-17,0.880190689509017,-2.45815563213785e-16,4.31105937012593e-17,0.823259661816185,2.98622888860446e-17,6.51053298914668e-17,-0.2016928979724,1.58124323226589e-16,2.91878096542995e-17,-0.566987265822868,1.28979184663942e-16,-1.44855522914494e-17,247.053848301329,258.969054249387
1.9,-4.11112467266612e-17,5.75015341727592e-17,0.882192167026362,-2.44164522108858e-16,4.20009261138134e-17,0.817599240730348,2.58111439085677e-17,4.74683414403414e-17,-0.198266647657958,2.27237687741589e-16,2.61078829037616e-17,-0.564854712471706,1.45094802862204e-16,-8.69133137486962e-18,247.206655319859,258.949357374574
1.91,-4.09418795460427e-17,5.75602757351849e-17,0.884159623965282,-2.4181506833794e-16,4.08777780407273e-17,0.811961103385915,2.19632775187108e-17,2.98713892838951e-17,-0.194894190603092,2.96360365725569e-16,2.32003303520145e-17,-0.562515966045575,1.45094802862204e-16,-8.69133137486962e-18,247.342792371828,258.949004584913
1.92,-4.06752017933791e-17,5.74824896411138e-17,0.88609359913061,-2.38782764604058e-16,3.97224024190031e-17,0.806347098238816,1.8928704566454e-17,1.20566296026416e-17,-0.191575707482931,3.61989774707802e-16,1.49685731711948e-17,-0.560017996085441,1.37714602026448e-16,-2.21007055946303e-17,247.463315435227,258.966567023441
1.93,-4.0309508695557e-17,5.72714204360348e-17,0.887994632712838,-2.35086328003973e-16,3.85101760383736e-17,0.800758619492721,1.60937561896926e-17,-5.56094543775011e-18,-0.188311286001407,4.27666029845306e-16,6.89493196297706e-18,-0.557404330251816,1.37714602026448e-16,-2.21007055946303e-17,247.569308720417,259.000587153709
1.94,-3.9845331892334e-17,5.69301689738809e-17,0.889863265378388,-2.30734734011352e-16,3.72316487423183e-17,0.795196641774233,1.38265879786804e-17,-2.31161176690164e-17,-0.185100925344312,4.91225560078946e-16,-4.3040908460217e-18,-0.554715002604404,1.3315619430844e-16,-3.01029010543019e-17,247.661872101432,259.04959482052
1.95,-3.92831657115695e-17,5.6462453277496e-17,0.891700037404715,-2.25738922791754e-16,3.58737958378378e-17,0.789661755161843,1.17644824677428e-17,-4.03279006795485e-17,-0.181944540691657,5.54856466974526e-16,-1.53570099485425e-17,-0.551986537628574,1.3315619430844e-16,-3.01029010543019e-17,247.7421099275,259.112121528068
1.96,-3.86249653252523e-17,5.58721414440492e-17,0.893505487860625,-2.20103939899038e-16,3.44326285240599e-17,0.784154200228972,1.01297907626451e-17,-5.72573873325767e-17,-0.178841967746542,6.17196684152624e-16,-2.82188116465898e-17,-0.549251966121254,1.30288185658506e-16,-3.48598969903952e-17,247.811121051398,259.186713119336
1.97,-3.7872769856214e-17,5.51636833021076e-17,0.895280153831833,-2.13836082753099e-16,3.29019849482187e-17,0.778673902798349,8.70972711921546e-18,-7.37038433231922e-17,-0.175792967249544,6.79624339411027e-16,-4.09440822222459e-17,-0.546540869465012,1.30288185658506e-16,-3.48598969903952e-17,247.869989939709,259.271941013045
1.98,-3.70320748535877e-17,5.4339429834793e-17,0.897024569691521,-2.0693812670738e-16,3.13120338493343e-17,0.773220508138118,6.87523158258082e-18,-8.9685973588361e-17,-0.172797229456875,7.41247068913172e-16,-4.78098435346755e-17,-0.543879449161891,1.28435806648672e-16,-2.09159381942371e-17,247.919778755556,259.366412129383
1.99,-3.61091169857779e-17,5.34017554620216e-17,0.898739266415446,-1.99414085451858e-16,2.96985391595973e-17,0.767793414360072,7.90693414631555e-06,7.90693414620522e-06,-0.169846471633623,8.25508331216093e-05,7.08451442793129e-05,-0.541118403353813,1.28435806648672e-16,-2.09159381942371e-17,247.961520327016,259.468777613081
2,1.89635671273967e-08,6.00805053864169e-07,0.900424360771719,4.36924409550902e-06,3.93544539407268e-06,0.762400719589223,8.62497998662072e-05,8.31217483969756e-05,-0.166883750279795,0.000870266724770857,0.000786125584986636,-0.537051966138316,-7.1419848466515e-05,1.8401603969397e-05,247.940562866867,259.664837459127
2.01,7.46992130261245e-08,2.28517000100493e-06,0.902080101816775,1.65479882381016e-05,1.50595036503083e-05,0.757047304703766,0.000164290269955071,0.000157866346455531,-0.163981775413196,0.0016514523427735,0.00149997076372649,-0.533294486533164,-7.1419848466515e-05,1.8401603969397e-05,247.915121069675,259.863323018763
2.02,2.36479943220553e-07,4.94814822263077e-06,0.903707092879806,3.51095466010674e-05,3.35020075715499e-05,0.751730046930535,0.000238711719874465,0.000204945140683786,-0.161139617274483,0.00213192720345433,0.00223566810286278,-0.529852827799248,-0.000682867751689458,7.58456090629651e-05,247.886524214051,260.062527491591
2.03,5.80906472024314e-07,8.46150628595986e-06,0.905305927784958,5.83292894233509e-05,5.93995661510336e-05,0.746445772906463,0.000311481114377628,0.000253290128941631,-0.158356298760816,0.00260525063090592,0.0029690559209663,-0.526729915513759,-0.000682867751689458,7.58456090629651e-05,247.855997971017,260.260887501091
2.04,1.1968011697221e-06,1.27116557834085e-05,0.906877190113191,8.44569772252283e-05,9.26259841305148e-05,0.741191296478466,0.000384913374448687,0.000268656208809342,-0.155630733876257,0.00270670933648637,0.00367244553900154,-0.523925077276353,-0.00143882926709353,1.01350392900619e-05,247.824661656075,260.456985092464
2.05,2.19101312937028e-06,1.75579829243954e-05,0.908421452696279,0.000111376149498504,0.000133007747087973,0.735963453048662,0.000455284192028787,0.00028640918784034,-0.152961856668113,0.00280048937484064,0.00437244306443454,-0.521434388300029,-0.00143882926709353,1.01350392900619e-05,247.793526436216,260.649548757902
2.06,3.65017632440917e-06,2.29078698201206e-05,0.909939277097824,0.00013747445894405,0.000180122655445669,0.730759130464685,0.000531475977342431,0.000274874111812706,-0.150348460142327,0.00255315542180595,0.00498243928336304,-0.519251020354379,-0.00212815408064957,-0.000197387301681115,247.763493996328,260.837452812792
2.07,5.68448171666498e-06,2.86459257357671e-05,0.911431213178405,0.000160808315338154,0.000233443914699824,0.725575296418825,0.000603213505546799,0.000266041245552169,-0.147789413526384,0.00229792353756357,0.00558798097604081,-0.51736558919358,-0.00212815408064957,-0.000197387301681115,247.735357097559,261.019716558203
2.08,8.36189850716722e-06,3.4711373698515e-05,0.912897798831142,0.000180184607535336,0.000292320844069059,0.720409022422612,0.000684416687907531,0.000236672436437877,-0.145283435772502,0.00179387480908232,0.00605792142011779,-0.515766500993813,-0.00262508807349494,-0.000511553955245618,247.709799834835,261.195500860007
2.09,1.17745818564887e-05,4.10290302495447e-05,0.91433955957738,0.000194174924250865,0.00035595812898426,0.715257504344607,0.00075991214155056,0.00020955545243313,-0.142829339703731,0.00128206118838185,0.00652253252217471,-0.514440289153169,-0.00262508807349494,-0.000511553955245618,247.68740060787,261.364105333647
2.1,1.59610549367525e-05,4.7570425808965e-05,0.915757008511285,0.000202147600652922,0.000423586898690169,0.710118079690355,0.000846161449276154,0.000172883148141346,-0.14042581540553,0.000644458943603288,0.00682907773773099,-0.513371945302442,-0.00286823021700965,-0.000876967557418998,247.668634209847,261.524962428445
2.11,2.0980589379311e-05,5.43026296897355e-05,0.91715064595513,0.000203360869794555,0.000494278010880577,0.704988241585414,0.000925693745273051,0.000137426592460336,-0.138071624733474,-4.85692636371333e-07,0.00712971247409409,-0.512545233673812,-0.00286823021700965,-0.000876967557418998,247.653876862088,261.677632550301
2.12,2.68376855447553e-05,6.122312343395e-05,0.918520959526588,0.000197762196763762,0.000567261899220831,0.699865649783931,0.00101486648373133,0.000103236202663244,-0.135765462597484,-0.000644820829032288,0.00727417960528978,-0.511942994307578,-0.00285245848817725,-0.00123595079073105,247.643410222461,261.82179626146
2.13,3.35513980106717e-05,6.83344402814462e-05,0.919868423913103,0.000185315741234281,0.000641617370781408,0.694748138625917,0.00109661937910134,6.88932455376693e-05,-0.133506051992713,-0.00129591102056992,0.00741248655077228,-0.511547424984814,-0.00285245848817725,-0.00123595079073105,247.637427899966,261.957247462472
2.14,4.10935173763555e-05,7.56496058596872e-05,0.92119350098268,0.000166463067730517,0.000716674715847656,0.689633722378274,0.00118495836601583,4.46097249664427e-05,-0.131292112331288,-0.00183905530297009,0.00741709370599202,-0.511340346515155,-0.00261815710170125,-0.00154030673990927,247.636041194987,262.083884424881
2.15,4.9442960086431e-05,8.31942650042258e-05,0.922496639724556,0.000141768555643253,0.00079164065230995,0.684520597891761,0.00126549462310943,1.8740700625355e-05,-0.129122349256488,-0.00238834432805934,0.00741559504873712,-0.511303444779207,-0.00261815710170125,-0.00154030673990927,247.639286453203,262.201701424599
2.16,5.85448514132449e-05,9.0985180737857e-05,0.923778276362644,0.000112012852164086,0.000866013387510001,0.679407145034185,0.00134838247054401,8.50984487318696e-06,-0.126995516182259,-0.00275658693636383,0.00731647170331821,-0.511418491399369,-0.00223602817994372,-0.00175856331730742,247.647132075838,262.310779279375
2.17,6.83442374850872e-05,9.90564426780203e-05,0.92503883447191,7.81701641848453e-05,0.000939207343395101,0.674291924914227,0.00142337454440509,-4.57123638476138e-06,-0.124910328572575,-0.00313046188521391,0.00721152347288143,-0.511667541346447,-0.00223602817994372,-0.00175856331730742,247.659486135515,262.411276041834
2.18,7.87686267413146e-05,0.000107417720561688,0.926278725095103,4.11738128002863e-05,0.00101091724351626,0.669173676284259,0.00149617240363017,-8.06589578527841e-08,-0.122865579374621,-0.00329111447179566,0.00705032484311196,-0.512033106066888,-0.00178971609060938,-0.00187889390763512,247.676204030598,262.503417598346
2.19,8.97396334495795e-05,0.000116097578740925,0.927498347006349,2.17999252545043e-06,0.00108079694653298,0.664051310267403,0.00156120995735622,6.27468404147383e-07,-0.120860020288766,-0.00345706034801135,0.0068837037601617,-0.512498305050148,-0.00178971609060938,-0.00187889390763512,247.69709589646,262.587488113985
2.2,0.000101177269876324,0.00012509054793528,0.928698086854968,-3.7905627676437e-05,0.00114872799929965,0.658923903669479,0.00162000000975294,1.74658891205602e-05,-0.118892489927764,-0.0034170296591077,0.00669955712666112,-0.513046991916719,-0.00135926234084067,-0.00190807355158879,247.721934265063,262.663821128701
2.21,0.00011299196366313,0.000134408777839137,0.929878319527897,-7.79644922461238e-05,0.00121458930811538,0.653790691141909,0.00167131702438147,3.00019432741752e-05,-0.116961796894993,-0.00338214881960893,0.0065104039025669,-0.513663861063719,-0.00135926234084067,-0.00190807355158879,247.750460916596,262.732790389922
2.22,0.000125105637615939,0.000144027435525628,0.931039408344332,-0.000117262640613286,0.00127840905327687,0.648651056337359,0.00171343099419752,5.46606006096095e-05,-0.115066833363962,-0.00317989438253804,0.00633357679476435,-0.514334529906498,-0.00100799316778519,-0.00186731024718215,247.782394015135,262.794801777436
2.23,0.000137429320124457,0.000153935914014295,0.932181705469843,-0.000154893956908061,0.00134024052820041,0.643504522378838,0.00174843480065832,7.49061104281283e-05,-0.113206478220018,-0.00298281797255354,0.00615208216978364,-0.515045604013762,-0.00100799316778519,-0.00186731024718215,247.817434145689,262.850285009212
2.24,0.000149894169182787,0.000164089820955877,0.933305552171194,-0.000190385126836996,0.00140019989128479,0.638350741724179,0.00177270635768767,0.000101817980477378,-0.111379685373928,-0.00267619967284093,0.00600024201466653,-0.51578472053434,-0.000774497503366878,-0.00178616869882545,247.855270563571,262.89968662936
2.25,0.000162421336587295,0.000174454442749753,0.934411279248871,-0.000223149749195405,0.0014584426993712,0.633189485712134,0.00179024367994413,0.000124544559669893,-0.10958541146224,-0.00237490513844609,0.00584393782789117,-0.516540576942773,-0.000774497503366878,-0.00178616869882545,247.895586257839,262.943462894239
2.26,0.000174955666171239,0.000184969134003013,0.935499207345791,-0.000253002910529491,0.00151510945524357,0.628020633883158,0.00179698072540685,0.00014821448873009,-0.107822678472894,-0.00202773357853713,0.00572127670585324,-0.517302941749377,-0.000670230104374379,-0.00169594783293469,247.938063114485,262.98207395548
2.27,0.000187434565494282,0.000195578223843919,0.936569647379915,-0.000279710570188822,0.00157038077046142,0.62284416325587,0.0017973320552859,0.000168152496119658,-0.106090524712009,-0.00168608406900313,0.00559419696693062,-0.518062653018679,-0.000670230104374379,-0.00169594783293469,247.982385944152,263.015978075837
2.28,0.000199817960025612,0.000206210568750089,0.937622900892175,-0.000303348465845427,0.00162436518981015,0.617660137709063,0.00178805516337744,0.000184073752857868,-0.104388043643625,-0.001355949150703,0.0054931389520774,-0.518811602894875,-0.000682221756957623,-0.00162376689738454,248.028246485452,263.04562703333
2.29,0.000212061882730154,0.000216795993104598,0.938659260469737,-0.000324000096878655,0.00167720086415075,0.612468697519633,0.0017726982899045,0.000196814085285096,-0.102714357219491,-0.00103152788727065,0.00538756048753888,-0.519542712441484,-0.000682221756957623,-0.00162376689738454,248.075346425442,263.071461698238
2.3,0.000224140037649067,0.000227259745713143,0.939679010118189,-0.000341933069081873,0.00172892450918929,0.607270049265316,0.00174972613983501,0.000202064314995003,-0.101068631176052,-0.000760826104258147,0.00529234729802947,-0.520249896448756,-0.000779576376512265,-0.00158830366561045,248.123400257621,263.093908591461
2.31,0.000236026003941764,0.000237525322718426,0.940682425668509,-0.000357463926854255,0.0017795847598327,0.602064456034872,0.00172094453487304,0.000204665168300499,-0.0994500714273762,-0.000495980662994599,0.00519240002822476,-0.520928020978359,-0.000779576376512265,-0.00158830366561045,248.172137392809,263.113376770187
2.32,0.000247704002877044,0.000247521089547269,0.941669775161958,-0.000370961563297161,0.00182912780427744,0.596852228177723,0.00168692205127742,0.000198132855614315,-0.097857915319372,-0.000307174137961908,0.00508362019911748,-0.521572854470677,-0.000921989358575461,-0.00159769380547418,248.22130395012,263.130255412217
2.33,0.000259161461025807,0.000257172488686762,0.942641319233735,-0.000382864898787846,0.00187749159644545,0.591633714482112,0.00164734989393665,0.000189376099019629,-0.0962914508660915,-0.000124297213775811,0.00496982945902504,-0.52218101382437,-0.000921989358575461,-0.00159769380547418,248.270664091831,263.144911894918
2.34,0.000270388831610087,0.000266416494943646,0.943597311501383,-0.000393551532258029,0.00192453446784092,0.586409293983313,0.00160481024006197,0.00017164144630847,-0.0947499858943333,-1.95152376181355e-05,0.00482893016358203,-0.522749907105425,-0.00106845789606678,-0.00164963792781896,248.320000876679,263.157690255034
2.35,0.000281382187075505,0.000275187487571513,0.944537998919254,-0.000403470013856589,0.00197008835098407,0.581179368298461,0.00155700302237885,0.000151953750787642,-0.0932328860696885,7.93330128880556e-05,0.00468273015258173,-0.523277673215124,-0.00106845789606678,-0.00164963792781896,248.369116955039,263.168910295873
2.36,0.000292133841438373,0.000283434629732895,0.94546362216077,-0.000412928830776927,0.00201394407820115,0.575944354610334,0.00150803433748033,0.000124904218993148,-0.0917395283789018,0.000115025016221266,0.00449570257242434,-0.523763120641844,-0.00118462401032303,-0.0017333601528162,248.417834654084,263.178866781279
2.37,0.000302642976764301,0.000291106005479007,0.946374415941375,-0.000422291677120321,0.0020558533435153,0.570704679251949,0.00145413561270296,9.60140841661412e-05,-0.0902693493995213,0.000144832014927863,0.00430311392130912,-0.524205664905895,-0.00118462401032303,-0.0017333601528162,248.465996150812,263.187829370974
2.38,0.000312900095383841,0.000298164387704497,0.947270609383048,-0.000431746162598902,0.00209557122765205,0.565460771906623,0.00140019354355,6.23074548018198e-05,-0.0888217933731837,0.000137703016324595,0.00406281743267777,-0.524605266906322,-0.00124769308843194,-0.0018327839384914,248.513462982106,263.196042430491
2.39,0.00032290263391331,0.00030457370635856,0.948152426307849,-0.000441508530318782,0.00213280832046607,0.560213060454823,0.00134174017957652,2.67432578446146e-05,-0.087396359730493,0.000124764973766582,0.00381675749597001,-0.524962371463145,-0.00124769308843194,-0.0018327839384914,248.560115789091,263.203725580064
2.4,0.000332636836678015,0.000310309771724319,0.9490200855724,-0.000451624556467586,0.00216731971826945,0.55496196637153,0.00128361473224471,-1.07617906337234e-05,-0.0859925568855175,0.000105661707959667,0.00352367575824547,-0.525277847983062,-0.0012484768665054,-0.00193016967276499,248.605853445956,263.211074022524
2.41,0.000342094942700042,0.000315351984473937,0.949873801337023,-0.000462137998659608,0.00219881842493025,0.549707900784572,0.00122149165222948,-5.02179362151781e-05,-0.0846099389319279,8.08244676696113e-05,0.00322469842637462,-0.525552932596079,-0.0012484768665054,-0.00193016967276499,248.650592452414,263.218259500436
2.42,0.000351257946279869,0.000319687100888311,0.95071378336012,-0.000472961166240876,0.00222709238639579,0.544451261005862,0.00115940798897752,-8.89589564049566e-05,-0.0832480738734743,7.87545465854565e-05,0.00288623380265886,-0.525789173140538,-0.00119069398977693,-0.0020094925033578,248.694265853163,263.225431052433
2.43,0.000360111199299335,0.000323307621440736,0.951540237247938,-0.000483975937447586,0.00225189655436014,0.539192427704872,0.00109393498812072,-0.000129758927234176,-0.081906563046336,7.09998451335755e-05,0.0025418086088432,-0.525988376638992,-0.00119069398977693,-0.0020094925033578,248.736822350154,263.232716203216
2.44,0.000368630852149169,0.000326208288608911,0.952353364703637,-0.000494992452647286,0.00227307626992668,0.533931762479334,0.00102774714720556,-0.000167820730480169,-0.0805850281064476,0.000108125060343564,0.00217046586726814,-0.526152559988584,-0.00108812247783345,-0.00205899794383306,248.778225146813,263.240222056445
2.45,0.000376795444464039,0.000328391107349242,0.953153363760236,-0.000505769096752584,0.00229045761567693,0.528669606018178,0.000958859607030931,-0.000208005189438187,-0.0792831113473868,0.000139570848086307,0.0017931498273134,-0.526283903860612,-0.00108812247783345,-0.00205899794383306,248.818450855023,263.248036583847
2.46,0.000384577805939415,0.000329855662054086,0.953940428984873,-0.00051605874722324,0.00230395653112127,0.523406276597447,0.000888286114561587,-0.000244289482524626,-0.0780004812897831,0.000228247456528531,0.00140410273466505,-0.526384709959153,-0.000960475080351254,-0.00207260843124821,248.857488355384,263.256229956492
2.47,0.00039195120996728,0.000330609488760751,0.954714751694146,-0.000525551070681395,0.00231348551706718,0.518142069091273,0.000815760800821982,-0.000282671498468202,-0.076736815936824,0.000311197075180281,0.00100909992986063,-0.526457361877069,-0.000960475080351254,-0.00207260843124821,248.895337578502,263.264855842042
2.48,0.000398887385892965,0.000330654277987677,0.95547652011863,-0.000533990087476921,0.00231903239889452,0.51287725426729,0.000740611848679562,-0.00031688778753791,-0.0754918236394858,0.000453229762557986,0.000617665922300717,-0.526504289335062,-0.000828943057927946,-0.00205011131612807,248.932008434261,263.273952873432
2.49,0.000405356869706022,0.000329999507505344,0.95622591959737,-0.00054105560145542,0.00232059694676073,0.507612078499273,0.000664288750559894,-0.000353063672335032,-0.0742652135863974,0.000589434830033246,0.000220300311294005,-0.526527936093068,-0.000828943057927946,-0.00205011131612807,248.967519547378,263.283545899245
2.5,0.000411332742454833,0.00032864706135809,0.956963132709962,-0.000546525697047716,0.00231822985623652,0.502346763730742,0.000584644172979158,-0.000385574916501773,-0.0730567271577004,0.000777293789508524,-0.000160218817472665,-0.526530731196382,-0.000712248242370114,-0.00199628768148853,249.001897280376,263.29364749364
2.51,0.000416785745697364,0.000326605714156453,0.957688339446282,-0.00055012234382007,0.0023120066624408,0.497081507746161,0.000504603882983888,-0.000419791191486471,-0.0718661006333913,0.000959178766138112,-0.000546660044910129,-0.526515063722117,-0.000712248242370114,-0.00199628768148853,249.035174496859,263.304259130359
2.52,0.000421692569392909,0.00032387664892597,0.958401717313444,-0.000551688645432047,0.00230202477397453,0.491816484670216,0.000420916439309379,-0.000451367249836061,-0.0706931021320642,0.00117862901287537,-0.000906451570244311,-0.526483260743138,-0.000623807641459408,-0.00191930513997836,249.0673896855,263.315372650325
2.53,0.000426026976094253,0.000320466532667338,0.959103441477852,-0.000551026099987045,0.00228841554375472,0.486551845663763,0.000337586949681478,-0.000484292784887251,-0.0695374911961068,0.00139192560791716,-0.00127218550496758,-0.526437568468577,-0.000623807641459408,-0.00191930513997836,249.098585811934,263.326971345204
2.54,0.000429771002373854,0.000316375949537273,0.959793684852943,-0.000548058539935366,0.00227130369500045,0.481287719829008,0.000250702771612042,-0.000515831569755688,-0.0683990570235461,0.00162536641853178,-0.00160556626546093,-0.52638013639821,-0.000570313931120591,-0.00182877738596227,249.128809542509,263.339031316918
2.55,0.000432903689093005,0.000311609320209044,0.960472618212569,-0.000542685757618332,0.00225085276509028,0.476024215209638,0.000164886279707577,-0.000548291990143063,-0.0672775788010621,0.00185245530426801,-0.00194494720311695,-0.526313004271185,-0.000570313931120591,-0.00182877738596227,249.158110229495,263.351522464481
2.56,0.000435413450126459,0.000306167531630117,0.961140410263629,-0.000534912716715251,0.0022271959801272,0.470761419979047,7.59903559462741e-05,-0.0005805634570578,-0.0661728618340078,0.00208226581805652,-0.00225019529674625,-0.526238091725955,-0.000551733612365383,-0.00173388811362798,249.18653923063,263.364409689572
2.57,0.000437286035509534,0.00030005368131517,0.96179722773179,-0.000524737655708775,0.00220050636416226,0.465499403639434,-1.11836122005476e-05,-0.000613291601556648,-0.0650847015327484,0.00230552177585236,-0.00256153880222243,-0.52615719038021,-0.000551733612365383,-0.00173388811362798,249.214149055135,263.377653783316
2.58,0.000438516516441964,0.000293270351103955,0.962443235421584,-0.000512234371546569,0.0021709105099353,0.460238218381405,-0.000100676979480911,-0.000646746155815651,-0.0640129150712499,0.00251683041671017,-0.00284007999693866,-0.526071958228003,-0.000562475665901651,-0.0016419016375929,249.240992775631,263.391212451538
2.59,0.000439097866126646,0.000285820941507098,0.963078596276993,-0.000497484306093624,0.00213857285601873,0.454977900392631,-0.000187853720150916,-0.000680190261998124,-0.0629573108405191,0.00272138908206019,-0.00312484294999103,-0.525983916120502,-0.000562475665901651,-0.0016419016375929,249.267123346164,263.405041098504
2.6,0.000439031424757263,0.000277711263286491,0.963703471430574,-0.000480609445888248,0.00210360382307387,0.449718471292114,-0.000276438935488586,-0.000714854739579427,-0.061917714414917,0.00290388664745654,-0.00338004328387694,-0.52589444610802,-0.000593321692585711,-0.00155726199722485,249.292593105069,263.419093663007
2.61,0.000438317057241155,0.000268946923415845,0.96431802024238,-0.000461749127323785,0.00206614807336048,0.444459939474119,-0.00036217066073315,-0.000749068772370037,-0.060893944077743,0.00307945349460613,-0.00364161226696236,-0.52580479156752,-0.000593321692585711,-0.00155726199722485,249.317453262087,263.433323295355
2.62,0.000436961489114628,0.000259538316584368,0.964922400339051,-0.000441049574506292,0.00202629651816439,0.439202301537861,-0.000448389896628726,-0.000784533911765286,-0.0598858310992573,0.00322810309329407,-0.00387745754412675,-0.52571605871567,-0.000633646799926694,-0.00148134532218508,249.341753492868,263.447683010023
2.63,0.000434970493681499,0.000249495029426125,0.965516767635008,-0.000418678782703871,0.00198417038792818,0.433945543606281,-0.000531271077060943,-0.000819155936978871,-0.0588932007301833,0.00336965875909302,-0.00411982664563524,-0.52562921963223,-0.000633646799926694,-0.00148134532218508,249.365541581208,263.462126251633
2.64,0.000432355022754249,0.00023883297411512,0.966101276362122,-0.000394784674353032,0.00193984334133751,0.428689642690218,-0.000613831022662741,-0.0008546426803757,-0.0579158879183003,0.00348437408359553,-0.00433974429828037,-0.525545116215793,-0.000673492028818501,-0.00141280381426943,249.38886310698,263.476607380711
2.65,0.000429125386030031,0.000227567037804994,0.966676079077248,-0.000369536477082883,0.0018934162528459,0.42343456793414,-0.00069261383746212,-0.000888950848746428,-0.0569537221872793,0.00359184839250783,-0.00456633767200403,-0.525464465381234,-0.000673492028818501,-0.00141280381426943,249.411761222167,263.491082125129
2.66,0.000425295550045196,0.000215719027262682,0.96724132668294,-0.000343066320284419,0.00184495186532232,0.4181802818713,-0.000770464312913108,-0.000923431306065576,-0.0560065406884849,0.00367637960339219,-0.00477234996841733,-0.525387864791504,-0.000705151957628478,-0.00134834458563875,249.434276433295,263.50550792191
2.67,0.000420878878017253,0.00020330980348318,0.967797168425272,-0.000315523446944556,0.00179453862135467,0.412926741560104,-0.000844138117347644,-0.00095645531157291,-0.0550741748720047,0.00375353426176719,-0.00498517760553508,-0.525315799559923,-0.000705151957628478,-0.00134834458563875,249.456446486603,263.51984425318
2.68,0.000415891276381102,0.000190366866498882,0.968343751906158,-0.00028701385270184,0.00174223676029576,0.407673899702057,-0.000916505836051026,-0.000988798900426737,-0.054156462995961,0.00381389754531163,-0.00517748581967144,-0.525248649162502,-0.000724084755403051,-0.00128373458079265,249.478306243145,263.534052868994
2.69,0.000410347812857793,0.000176917021204026,0.968881223075019,-0.000257654316582777,0.00168813261253368,0.402421705643281,-0.000984333311058315,-0.00101945893593353,-0.0532532365668041,0.00386675397640331,-0.00537673138584314,-0.525186695047546,-0.000724084755403051,-0.00128373458079265,249.499887648956,263.548098011292
2.7,0.000404265526275818,0.000162992757446902,0.969409726233552,-0.000227521980046348,0.00163229234318124,0.3971701063396,-0.00105071289622832,-0.00104857492207035,-0.0523643340845668,0.00390956205966719,-0.00555373778363384,-0.525130128209048,-0.00072910414004482,-0.00121481614815041,249.521219696284,263.561946540929
2.71,0.000397660151178332,0.000148626161126516,0.969929404024199,-0.000196697956440094,0.00157481039179241,0.391919047207973,-0.00111222419001587,-0.00107582017400699,-0.0514895858085927,0.00394473175579281,-0.00573778454544327,-0.525079057190872,-0.00072910414004482,-0.00121481614815041,249.542328458024,263.575568058828
2.72,0.000390549379517429,0.000133853651889943,0.970440397428633,-0.000165234471428197,0.00151576555890798,0.38666847293275,-0.00117233559006327,-0.00110077341014013,-0.0506288297583187,0.00397573772755203,-0.00589647984694766,-0.525033515879615,-0.000721945374875538,-0.00113835038579111,249.563237123188,263.588934956177
2.73,0.000382948979236724,0.000118711464389417,0.970942845755215,-0.000133181852039492,0.0014552684327056,0.381418328161265,-0.00122728879587402,-0.00112369699594385,-0.0497818942268917,0.00399896726790989,-0.00606230160483867,-0.524993471482102,-0.000721945374875538,-0.00113835038579111,249.583966079718,263.602022447618
2.74,0.000374877137824435,0.000103238710295314,0.971436886632898,-0.000100576030214415,0.00139341428337592,0.376168558152426,-0.00128101454408086,-0.00114378228283922,-0.0489486161455781,0.00402204227027569,-0.00619889180449788,-0.524958832173202,-0.000706390872523249,-0.00105256509873262,249.604533007691,263.614808558637
2.75,0.000366349435300766,8.74743851037067e-05,0.971922655999086,-6.74470861502758e-05,0.00133033433846944,0.370919109319099,-0.00132933530142249,-0.00116169755991507,-0.0481288216469775,0.00403719315260278,-0.0063426821777416,-0.524929454717513,-0.000706390872523249,-0.00105256509873262,249.624952999462,263.627274089917
2.76,0.000357384657627482,7.14590534704959e-05,0.972400288090906,-3.38254976355551e-05,0.00126614083606139,0.365669929725332,-0.00137665231060325,-0.00117646770707135,-0.0473223461000939,0.00405384401860063,-0.00645330571788634,-0.524905151682247,-0.000687185718169505,-0.000957356157942631,249.6452386913,263.639402551805
2.77,0.000347998323900984,5.52330475383732e-05,0.972869915434252,2.65710021548478e-07,0.00120098606586037,0.36042096948501,-0.00141836680102465,-0.00118894013112446,-0.0465290136910135,0.00406241285255986,-0.00657119650664451,-0.524885698461992,-0.000687185718169505,-0.000957356157942631,249.665400413486,263.651180080962
2.78,0.000338210085868454,3.88372897101919e-05,0.973331668834395,3.47908950585212e-05,0.00113499660393987,0.355172181117651,-0.00145928584311187,-0.00119819162180139,-0.0457486579238355,0.00407183250465838,-0.00665258993921921,-0.524870839837749,-0.000668970150901598,-0.000854160567463428,249.685446340833,263.662595329245
2.79,0.000328035764547363,2.23121754742321e-05,0.973785677366579,6.97212068252639e-05,0.00106834244513134,0.349923519817931,-0.00149446018681122,-0.00120502898787029,-0.0449811015206852,0.0040730038560476,-0.00674131669923512,-0.524860296243652,-0.000668970150901598,-0.000854160567463428,249.705382667289,263.67363935323
2.8,0.000317496200041471,5.69812839016406e-06,0.974232068367675,0.000105007430470939,0.00100115948079394,0.344674943682616,-0.00152898259741829,-0.0012087557641841,-0.0442261760230246,0.00407255484016879,-0.00679131810082653,-0.524853769520181,-0.0006554136720272,-0.000745574732509938,249.725213757925,263.684305464164
2.81,0.000306607979809686,-1.09653860244954e-05,0.974670967428543,0.000140604728316705,0.000933629192892561,0.339426413868723,-0.00155767830468098,-0.00120996632368173,-0.043483703307915,0.00406368667226413,-0.00684872242211802,-0.52485094833089,-0.0006554136720272,-0.000745574732509938,249.744942342898,263.694589108085
2.82,0.000295393408510608,-2.76390233329157e-05,0.975102498387996,0.000176445376460144,0.000865890423340871,0.334177894706183,-0.00158577474074501,-0.00120829583620311,-0.0427535130760476,0.00404965915605581,-0.00686654762677511,-0.52485151302016,-0.000648668164103224,-0.000634824817456594,249.764569657422,263.704487684191
2.83,0.000283870276396837,-4.42849018815772e-05,0.975526783327143,0.000212462628915948,0.000798128351685202,0.328929353763784,-0.0016080253562653,-0.00120402763367274,-0.0420354270105708,0.00402704193029775,-0.00689185155496204,-0.524855140144719,-0.000648668164103224,-0.000634824817456594,249.784095649137,263.714000429008
2.84,0.000272062504156417,-6.08650758396415e-05,0.975943942566438,0.000248569232064718,0.000730478195919728,0.323680761863629,-0.00162963662824314,-0.00119715383099867,-0.0413292733045099,0.00399550641283231,-0.00687812830299041,-0.524861506403001,-0.000649181269293245,-0.000525205266036931,249.803519097339,263.723128211838
2.85,0.00025998938844527,-7.73435697645122e-05,0.976354094662291,0.000284675371425718,0.000663120847576206,0.318432093073944,-0.00164544600910312,-0.00118762945970181,-0.0406348740624773,0.00395521601534429,-0.00687196643215445,-0.524870292290235,-0.000649181269293245,-0.000525205266036931,249.822837826655,263.73187343162
2.86,0.000247676447012686,-9.3683951375742e-05,0.976757356407528,0.000320676840731321,0.000596182119012836,0.3131833246424,-0.0016605019717533,-0.0011757552702503,-0.0399520564850855,0.00390280501950771,-0.00682855627601454,-0.524881185115888,-0.000655841118031472,-0.000419588766532666,249.842048801447,263.740239799335
2.87,0.000235144587777372,-0.000109852203980657,0.977153842830616,0.000356463956495517,0.00052983163929574,0.307934436933635,-0.00166986061965506,-0.00116121447403721,-0.0392806436446673,0.00384148387589825,-0.0067927957555135,-0.524893881823297,-0.000655841118031472,-0.000419588766532666,249.861148337859,263.748232251747
2.88,0.000222420725503561,-0.00012581339897815,0.977543667199538,0.000391920841860666,0.000464181544192067,0.302685413298965,-0.00167831042801181,-0.00114451238412778,-0.0386204624022622,0.00376597751536409,-0.00672246594307005,-0.524908091151947,-0.000666370539591822,-0.00032008194604513,249.880132173159,263.755856731133
2.89,0.00020952726279918,-0.000141535356390832,0.977926941023958,0.000426924406905768,0.000399385091550148,0.297436239974562,-0.00168122355603037,-0.00112517129680177,-0.0379713372698238,0.00368141900507789,-0.00665987692434344,-0.524923535684887,-0.000666370539591822,-0.00032008194604513,249.898995668095,263.76312011661
2.9,0.000196492151070247,-0.000156984601473107,0.978303774062318,0.000461353876726184,0.000335538333990956,0.292186905904809,-0.00168306953263689,-0.0011037658605041,-0.0373330955054236,0.00358206483611806,-0.0065659007369238,-0.524939953242366,-0.000677859404617192,-0.000227863579565814,249.917733853601,263.770030011073
2.91,0.000183338967113289,-0.000172130600482894,0.978674274327197,0.000495080998329279,0.000272775324238078,0.286937402614877,-0.00167958936744223,-0.00107979712974199,-0.0367055634722631,0.00347353170378457,-0.00647975591033718,-0.524957098234823,-0.000677859404617192,-0.000227863579565814,249.93634161618,263.776594688523
2.92,0.000170096222192596,-0.000186941316711043,0.979038548095326,0.00052798709160414,0.000211175476016726,0.281687724003955,-0.00167491721384848,-0.00105376863169784,-0.0360885695893904,0.00335108739730885,-0.00636551976362436,-0.524974742393205,-0.000687318839846137,-0.000143204085006643,249.954813725754,263.782822896671
2.93,0.000156788191357446,-0.000201387700170902,0.979396699916289,0.000559947220334472,0.000150853042132474,0.276437866203752,-0.00166517237690927,-0.00102530217325746,-0.0354819424465096,0.00321935298845667,-0.00625920132530464,-0.524992675514271,-0.000687318839846137,-0.000143204085006643,249.973144998379,263.788723817618
2.94,0.000143443408966127,-0.000215439222033679,0.979748832625113,0.000590850916437565,9.18717739486983e-05,0.271187827356044,-0.00165417216525007,-0.000994706985669105,-0.0348855123628206,0.00307589046176755,-0.00612788299759722,-0.525010705641515,-0.000692157327415732,-6.56333472958719e-05,249.991330309282,263.794306892393
2.95,0.000130086283670397,-0.000229068252984672,0.980095047354304,0.00062058394918526,3.43273668708697e-05,0.265937607466649,-0.00163838853926379,-0.000961847434974065,-0.0342991105178762,0.00292304166554756,-0.00600456132087636,-0.525028659294279,-0.000692157327415732,-6.56333472958719e-05,250.009364729309,263.799581792264
2.96,0.00011674483417932,-0.000242245951361989,0.980435443548712,0.000649048542344414,-2.17300987279065e-05,0.26068720817937,-0.00162136334486526,-0.000926748346769804,-0.0337225698040131,0.0027615860077288,-0.00585892062397338,-0.525046381213296,-0.000690509646372532,5.79692032108143e-06,250.027243526688,263.804558268927
2.97,0.000103443020697914,-0.000254946182774242,0.980770118980727,0.000676146550017665,-7.62210422791299e-05,0.255436632633236,-0.00159987314523549,-0.000889602921141495,-0.0331557243592713,0.0025906613990378,-0.00572134577606995,-0.525063734166627,-0.000690509646372532,5.79692032108143e-06,250.044962275903,263.809246134273
2.98,9.02078557427491e-05,-0.00026714207755928,0.981099169767148,0.000701795376303829,-0.000129106640629959,0.250185885242256,-0.00157723478611745,-0.000850102023004364,-0.0325984102296307,0.00241475379613285,-0.00556364236387129,-0.5250805983676,-0.000681387280046866,7.22180664750011e-05,250.062516850785,263.813655137413
2.99,7.70623153983433e-05,-0.000278809211119123,0.981422690387249,0.000725915909060797,-0.000180320507167458,0.244934971562226,-0.00155047309434599,-0.000808811663119249,-0.0320504648905142,0.00222930624253588,-0.00541406294915113,-0.525096870949157,-0.000681387280046866,7.22180664750011e-05,250.079903506655,263.817794951555
3,6.39927554614887e-05,-0.000289988192750274,0.981740826858994,0.000747881004475139,-0.000230315119125552,0.239682741451644,-0.00153449787315273,-0.000776902966188688,-0.0315231786390138,0.00191959351731226,-0.00535192815335794,-0.525361671547339,-0.000664655544242069,0.00013467422747845,250.101465022156,263.814901735884
3.01,5.09768068893583e-05,-0.000300729727090117,0.982053722047508,0.00076700957709515,-0.000279581165258791,0.234428085311327,-0.00151377363351631,-0.000742763113901042,-0.0310027694436869,0.00160968995819119,-0.00529052245366498,-0.525577409935705,-0.000664655544242069,0.00013467422747845,250.126596924184,263.805971906519
3.02,3.8039024921141e-05,-0.00031097642844347,0.982361444604785,0.000783628461744349,-0.0003280224050176,0.229171480413224,-0.00149132796227057,-0.000699575326672665,-0.0304892365697999,0.00137348625951256,-0.00520353433554399,-0.525747133402196,-0.000515321678391322,0.000196417075529745,250.150674893571,263.798203876455
3.03,2.51998001023251e-05,-0.000320667605395377,0.982664063144287,0.000798136890053623,-0.000375512720018935,0.223913372740333,-0.00146434898794193,-0.000654643336415842,-0.0299825735079607,0.00113698841756163,-0.00511710479536842,-0.525874062547786,-0.000515321678391322,0.000196417075529745,250.173647399368,263.791659569126
3.04,1.24813288457912e-05,-0.00032975046963349,0.982961646250155,0.000810873455514692,-0.000421926007792783,0.218654175492283,-0.00143648836643971,-0.000600779551687559,-0.029482780695524,0.000977223062907442,-0.00499951060127663,-0.52596153605917,-0.000359621671189649,0.00027089434416705,250.195480202775,263.786379401777
3.05,-9.94179509048334e-08,-0.000338168048331648,0.983254262485037,0.000822251972648066,-0.000467100706701086,0.21339426815437,-0.00140435566064302,-0.000545517844336842,-0.0289898538276926,0.000817042379272318,-0.00488229575839884,-0.526012960029603,-0.000359621671189649,0.00027089434416705,250.216154720978,263.782384233068
3.06,-1.2520681484715e-05,-0.000345881116629501,0.983541980392154,0.000832510175020112,-0.000510886463531904,0.208133996003985,-0.00137208816621923,-0.000483683871612354,-0.0285037908375095,0.000711690389151065,-0.00472960638657193,-0.526031762904389,-0.00024790302717479,0.000355152157141617,250.235666459387,263.779677350958
3.07,-2.47664396497913e-05,-0.000352847762229233,0.983824868482749,0.000841939003649778,-0.000553094403663545,0.202873670111712,-0.0013358564277632,-0.0004206672119975,-0.0280245877406428,0.000605789718721726,-0.00457716719592865,-0.526021354520428,-0.00024790302717479,0.000355152157141617,250.25402344837,263.778246404158
3.08,-3.68141203635413e-05,-0.000359044750940457,0.984102995231483,0.000850634064792982,-0.000593567701718952,0.197613567640905,-0.00129988928801759,-0.000354200113383958,-0.0275522380983055,0.000523707344656229,-0.00438856714984028,-0.525985090702875,-0.000198557058521832,0.000440799442182024,250.271244698737,263.778065256877
3.09,-4.86468673243038e-05,-0.000364448686960806,0.984376429048694,0.000858713272438812,-0.000632111978782093,0.192353932591229,-0.00126031668175835,-0.000286683528607533,-0.0270867354277063,0.000440942934962525,-0.00420015980742666,-0.525926241747249,-0.000198557058521832,0.000440799442182024,250.287358771312,263.779095842928
3.1,-6.0240666079639e-05,-0.000369051378070973,0.984645238265621,0.000866131257793225,-0.000668584087480105,0.187094976705656,-0.00122101939184261,-0.000218762897699055,-0.0266280675697882,0.00035124499654753,-0.00397892921422772,-0.525847965949425,-0.000211076000788684,0.0005185297275516,250.302402320254,263.781289850927
3.11,-7.15767507620795e-05,-0.000372847194972427,0.984909491099382,0.000872834547422022,-0.000702808238763038,0.181836880769113,-0.00117852651068179,-0.000149905206106676,-0.0261762231069716,0.000260744732331288,-0.00375790530319403,-0.525753286870554,-0.000211076000788684,0.0005185297275516,250.316418814314,263.78459043462
3.12,-8.26296492586839e-05,-0.000375840081010277,0.985169255625633,0.000878666429463235,-0.000734672165798207,0.176579795958079,-0.00113599919336473,-8.30767974538653e-05,-0.0257311829940081,0.000139080299983264,-0.00351077341739387,-0.525645074932514,-0.000272319410363663,0.000580543048232414,250.329457223291,263.788933714814
3.13,-9.33783598826718e-05,-0.000378038865790799,0.985424599742492,0.000883438375078215,-0.000764038858865054,0.171323845519631,-0.00109073148940695,-1.54598882743951e-05,-0.0252929292025445,1.65173982607376e-05,-0.00326391881433132,-0.525526032561138,-0.000272319410363663,0.000580543048232414,250.341570896031,263.794250295526
3.14,-0.000103796477389478,-0.000379455789064318,0.985675591131666,0.000886928618961428,-0.000790838138694624,0.16606912641999,-0.0010449257799119,4.86054269681335e-05,-0.0248614349675892,-0.000151272000089233,-0.00299981561938387,-0.525398682887328,-0.000361796350894512,0.000621901654879092,250.352816425084,263.800466575591
3.15,-0.000113861134106488,-0.000380109501773843,0.985922297224053,0.000888870133151943,-0.000814984569431385,0.160815711248435,-0.000996869141842754,0.000113232779747698,-0.0244366745918391,-0.000320024494694389,-0.00273609356638827,-0.525265361709369,-0.000361796350894512,0.000621901654879092,250.363252684936,263.807506040506
3.16,-0.000123545915861442,-0.000380016638855597,0.986164785153365,0.000889027624664039,-0.000836454023208291,0.155563650041842,-0.000947723912242787,0.000173773247760906,-0.0240186133061927,-0.000536767691580546,-0.00246466675688864,-0.525128212274985,-0.000456747422330451,0.000641048128484478,250.372939894395,263.815290373685
3.17,-0.000132827008278241,-0.000379200787727,0.986403121723215,0.000887118398621073,-0.000855216697448241,0.150312972280409,-0.00089683689834791,0.00023455041816739,-0.0236072170338377,-0.000754504277704457,-0.00219373212757661,-0.524989183162856,-0.000456747422330451,0.000641048128484478,250.381938698082,263.823740645761
3.18,-0.000141679133400315,-0.000377679701967431,0.986637373358276,0.000882940376924287,-0.000871291548828602,0.145063688782425,-0.000844398837921594,0.000291579854068463,-0.0232024432799545,-0.00101277012241921,-0.00192394503814468,-0.524850027943729,-0.000536587572599144,0.000639606187448121,250.390309663099,263.832777961364
3.19,-0.000150078792022668,-0.000375477661151352,0.98686760607153,0.000876252092526705,-0.000884700239972345,0.139815793685654,-0.000790732060230971,0.00034842246542493,-0.0228042491028511,-0.00127202705091591,-0.00165474463972539,-0.524712307435852,-0.000536587572599144,0.000639606187448121,250.398112424739,263.842324525848
3.2,-0.000158003023403681,-0.000372611327614642,0.987093885417091,0.000866919274649957,-0.000895496433957502,0.134569266328221,-0.000735239847766089,0.000402484719363377,-0.0224125849034488,-0.00155681296991189,-0.00139379667026277,-0.524577393677441,-0.00058615874349992,0.000621635038856894,250.405405182399,263.852304302334
3.21,-0.000165430021242587,-0.000369102673608732,0.987316276456784,0.000854783681728661,-0.000903742779408086,0.129324073132147,-0.000679021171448709,0.000455857617208255,-0.0220273986939939,-0.0018425605926001,-0.00113349579245335,-0.524446475393134,-0.00058615874349992,0.000621635038856894,250.412244278041,263.862643556038
3.22,-0.00017234019172312,-0.000364966292893221,0.987534843761429,0.000839797324796709,-0.000909516191643313,0.124080225513663,-0.000620940011517524,0.000507735298970491,-0.0216486566553229,-0.00213482478832462,-0.000886228268745306,-0.524292507077049,-0.00059746481679761,0.000592563559225898,250.437667393772,263.852198455639
3.23,-0.000178714597053879,-0.000360220230713281,0.987749652041718,0.000821907386390941,-0.00091290863874745,0.118839213577746,-0.000562582750509667,0.000558403395993191,-0.0212764071101651,-0.00242770510178873,-0.000639875934390902,-0.523791763272029,-0.00059746481679761,0.000592563559225898,250.598842115233,263.690146911505
3.24,-0.000184538255777951,-0.000354877770756307,0.98796076529321,0.00080114382365801,-0.000914007671116323,0.113606340169729,-0.000502712218794943,0.000608713663352922,-0.0209103887581915,-0.00270935559017259,-0.000407534291344755,-0.522543535883979,-0.000574212353170008,0.000562303882527722,250.890081271422,263.381211524462
3.25,-0.000189796714121535,-0.00034895379075275,0.988168243602598,0.000777548612346274,-0.000912918233673201,0.108390683781421,-0.000442947245026852,0.00065731630736848,-0.0205500788331068,-0.00299096743825367,-0.000176563627592706,-0.520198537303527,-0.000574212353170008,0.000562303882527722,251.293387860138,262.944024609052
3.26,-0.000194479594332039,-0.00034246032575979,0.988372141414354,0.000751225960836957,-0.000909733436899852,0.103204581977011,-0.00038209435874942,0.000706620508841836,-0.0201948826992635,-0.00324449149235445,4.05894711644187e-05,-0.516459593224745,-0.000517569435201432,0.000533092855189783,251.790601952076,262.397739218087
3.27,-0.000198577223900162,-0.000335409404114643,0.988572507611833,0.000722308194043104,-0.000904559492514715,0.0980630468252054,-0.000321701567729214,0.000753709782451922,-0.0198443585760651,-0.00349761601765961,0.000256192652511936,-0.51111179663959,-0.000517569435201432,0.000533092855189783,252.344220731238,261.784366921115
3.28,-0.000202083436317725,-0.000327812774066488,0.988769390729567,0.000690961890476332,-0.000897487809840949,0.0929819265984824,-0.000260599005804494,0.000802288896200612,-0.0194990075587611,-0.00370894454321328,0.000458270179087195,-0.504247676050403,-0.000432336031187138,0.000504045242439239,252.84304867499,261.232529858745
3.29,-0.000204993042486376,-0.000319680863170868,0.988962845271631,0.000657396066138553,-0.000888615542120889,0.0879756102419595,-0.000200320594839404,0.000848127377246989,-0.0191594002829212,-0.00392013631536813,0.000659184021571019,-0.496036471998899,-0.000432336031187138,0.000504045242439239,253.286784842881,260.742820695995
3.3,-0.000207303910807195,-0.000311027273753887,0.9891529304883,0.00062181535115822,-0.000878022083238005,0.0830568807886627,-0.000139682378877381,0.000895720915955206,-0.0188259000749155,-0.0040818413301174,0.000847024412316724,-0.486628517267702,-0.000329960304991681,0.000474850030608925,253.68157703001,260.308315933819
3.31,-0.000209014828651406,-0.000301863027740478,0.989339708494282,0.000584475163664307,-0.000865792494147721,0.0782370947409086,-8.01927153221427e-05,0.000940116846403096,-0.0184987054782504,-0.00424363009483484,0.00103409349893885,-0.476157353325941,-0.000329960304991681,0.000474850030608925,254.032883355134,259.922859984535
3.32,-0.000210127628719022,-0.000292205587344449,0.989523242860727,0.000545586797021963,-0.000851991140368905,0.0735263414106739,-2.07397615240154e-05,0.00098593704328682,-0.0181779002508928,-0.00435524786699406,0.00120928621086376,-0.464741608765171,-0.000225189308748413,0.000447511667373531,254.345550357843,259.580980454964
3.33,-0.000210645036578826,-0.000282069188556018,0.989703597566824,0.000505413427277522,-0.000836688052540188,0.068933584403829,3.72806942789879e-05,0.00102819346445856,-0.0178634767326573,-0.00446706680741186,0.0013840328429281,-0.452486667126059,-0.000225189308748413,0.000447511667373531,254.623882022679,259.277812914921
3.34,-0.000210572636613385,-0.000271476424787326,0.989880836239392,0.000464148063677907,-0.000819933308116331,0.0644667873142317,9.48816528908446e-05,0.00107109709470763,-0.0175553671075757,-0.00453356800747437,0.00154823635563082,-0.439486147603404,-0.00012991179577077,0.000422583333211462,254.871700880293,259.00903374304
3.35,-0.000209916887270942,-0.000260446583210932,0.990055021602151,0.000422030970088498,-0.000801782661782207,0.0601330253391057,0.000150799029825032,0.00111016215252776,-0.0172534564394452,-0.00460030635247741,0.00171224996573128,-0.425823219962436,-0.00012991179577077,0.000422583333211462,255.0924022306,258.770800392712
3.36,-0.000208686815733519,-0.000249007811988521,0.990226215099502,0.000379221383935625,-0.00078227511639523,0.0559385844455169,0.000205974815668945,0.00114885096364006,-0.0169576014315181,-0.00462999776527146,0.00186670023927926,-0.411571772009611,-5.16308309757821e-05,0.000399409813237715,255.28900211757,258.559698102143
3.37,-0.000206892271146071,-0.000237185280856234,0.990394476638655,0.000335917600602572,-0.000761455693371275,0.0518890494365159,0.000259241029940577,0.00118350789898504,-0.0166676378258455,-0.00465990440120641,0.00202115217748073,-0.396797446535093,-5.16308309757821e-05,0.000399409813237715,255.464179951543,258.372692547301
3.38,-0.000204545347003995,-0.000225012303853807,0.990559864436462,0.000292239704851115,-0.000739356957531075,0.047989382198459,0.000311532475331147,0.00121672359203049,-0.0163833912296153,-0.00466219598630243,0.00216635518220281,-0.381558562036197,6.92953019728917e-06,0.000376536211538972,255.620316219531,258.2070876028
3.39,-0.000201658844052222,-0.000212519757797975,0.990722434930242,0.000248337373274372,-0.000716018337554269,0.0442439911953046,0.000361706669923024,0.00124578015128064,-0.0161046811694968,-0.00466464376935623,0.00231169603056762,-0.365906930629864,6.92953019728917e-06,0.000376536211538972,255.759526017669,258.060487844761
3.4,-0.000198247513607421,-0.000199745083714887,0.990882242749845,0.00020429503988014,-0.000691470927324766,0.0406567932165647,0.000410769721230216,0.00127246364715263,-0.0158313272550289,-0.00464809061297422,0.0024473241555677,-0.34988858433309,4.7292472351769e-05,0.000352186534737985,255.883688722661,257.930765102976
3.41,-0.000194326622419613,-0.000186723850637049,0.991039340722378,0.000160218010138378,-0.000665754067977459,0.0372312682215855,0.000457521197403716,0.00129491033660027,-0.0155631510028092,-0.00463161376533172,0.00258318269953237,-0.333544420325653,4.7292472351769e-05,0.000352186534737985,255.994474390483,257.816028783273
3.42,-0.00018991317690358,-0.00017349617552471,0.991193779910902,0.000116164938844266,-0.000638901746653505,0.0339705080720011,0.000503111768847861,0.00131430681986319,-0.0152999794897465,-0.00460251465413623,0.00270815583125694,-0.316910773953711,7.40583537342355e-05,0.000324712860212068,256.093367121791,257.714599401854
3.43,-0.000185024431150775,-0.000160100740096747,0.991345609668242,7.22088196977886e-05,-0.000610958032409408,0.0308772598174989,0.000546207079143043,0.00132942455174887,-0.0150416456023605,-0.00457340280434728,0.00283342037773614,-0.300019927859612,7.40583537342355e-05,0.000324712860212068,256.181685856465,257.624985109173
3.44,-0.000179679282824189,-0.000146578735137344,0.991494877707898,2.8395632528258e-05,-0.000581962927102711,0.0279539641593113,0.000588155157984545,0.00134112793754994,-0.0147879904299288,-0.00453509131248896,0.00294612314825993,-0.282900564122595,9.34227131316552e-05,0.000292938312950457,256.260602784252,257.54586076062
3.45,-0.000173896548468983,-0.000132970128088106,0.991641630180307,-1.5217914768759e-05,-0.000551968627749017,0.0252027896155012,0.00062743442517192,0.00134853740088065,-0.0145388624552213,-0.00449667694005921,0.00305915708008498,-0.265578166022918,9.34227131316552e-05,0.000292938312950457,256.331159734568,257.476049356405
3.46,-0.000167696714282105,-0.000119315668602179,0.991785911756237,-5.85852979057967e-05,-0.00052102273857159,0.0226256628809387,0.000665613916083522,0.00135247878746077,-0.0142941192927202,-0.00444949992262847,0.00315772838354343,-0.248075374852209,0.000111695156872821,0.000256350708619407,256.394282687914,257.414505495544
3.47,-0.000161099820067513,-0.00010565483596428,0.991927765709941,-0.000101649917725079,-0.000489187235133448,0.0202242957955397,0.000700962507621346,0.00135213469063803,-0.0140536262956878,-0.00440213428311564,0.00325665675885238,-0.230412306985549,0.000111695156872821,0.000256350708619407,256.450794702959,257.360300711993
3.48,-0.000154127706655286,-9.20266919887046e-05,0.992067234004021,-0.000144353944449927,-0.000456517417237082,0.0180002093081831,0.000735262948620252,0.00134852759485632,-0.0138172578355435,-0.00434399761975015,0.00333928648769193,-0.212606835480776,0.000134072261748506,0.000215139005992294,256.501427355184,257.312610394637
3.49,-0.000146801395635805,-7.8468744969647e-05,0.992204357370767,-0.000186627705190433,-0.000423084979326178,0.0159547547657651,0.000766584413667671,0.00134066929398383,-0.013584895773279,-0.00428559480397441,0.00342228945999033,-0.194674840337474,0.000134072261748506,0.000215139005992294,256.546830940941,257.270702211519
3.5,-0.0001391439099974,-6.5017495421596e-05,0.992339175392517,-0.000228395450884445,-0.000388951811527527,0.0140891328275687,0.000796889307665474,0.00132992915508867,-0.0133564302381263,-0.00421288141773466,0.00348746814535223,-0.176630430751545,0.00016382805646312,0.000170094768349903,256.587583489536,257.233925771182
3.51,-0.000131177100905427,-5.17074367102565e-05,0.992471726576697,-0.000269566308825188,-0.000354197888719681,0.0124044102728518,0.000824084246680174,0.00131500417930236,-0.0131317583804845,-0.00413983525915367,0.00355302763448638,-0.158486142707612,0.00016382805646312,0.000170094768349903,256.624198807265,257.201703514543
3.52,-0.000122925042720304,-3.85720335041001e-05,0.992602048428628,-0.000310044816293413,-0.000318889834965889,0.0109015349268207,0.000850258768364782,0.00129766058852128,-0.0129107844849423,-0.0040484713932101,0.00359971318718872,-0.14025311443475,0.000201985414953363,0.00012242123444801,256.65713362986,257.173522476868
3.53,-0.000114410327872118,-2.56422089757602e-05,0.992730177518334,-0.000349716650250662,-0.000283113595088482,0.00958134893500762,0.000873212458625559,0.00127623895689432,-0.0126934193749127,-0.00395672093220221,0.00364677752565086,-0.121941241739985,0.000201985414953363,0.00012242123444801,256.686794092299,257.148926986873
3.54,-0.00010565796600618,-1.29482730085965e-05,0.992856149544458,-0.000388469378031269,-0.000246938406683757,0.00844460054172468,0.000895101179230646,0.00125285679685171,-0.0124795796628302,-0.00384318044621054,0.0036744648086971,-0.10355931737968,0.000247438938582966,7.35014987359954e-05,256.71354095706,257.127512617871
3.55,-9.66912314801566e-05,-5.17471262181906e-07,0.992979999284209,-0.000426168473314991,-0.000210453578305504,0.00749189502754122,0.000913680395733361,0.00122555322026423,-0.0122691341585166,-0.00372920337973966,0.00370251986767112,-0.08514483196466,0.000247438938582966,7.35014987359954e-05,256.718056796825,257.131681219197
3.56,-8.75359789937818e-05,1.16227074282414e-05,0.9931017582673,-0.000462692546842682,-0.000173729252827986,0.00672250189821257,0.000931103402664777,0.00119663430284751,-0.0120614931711022,-0.00359172177232455,0.00371129444783809,-0.0669563447066415,0.000296236440705058,2.48452075937165e-05,256.622487655342,257.251373520122
3.57,-7.82161494046416e-05,2.34483222566846e-05,0.993221451105115,-0.000497895408579665,-0.000136857249451058,0.00613284986717523,0.000945145001815156,0.00116403115246652,-0.0118558911537565,-0.00345356818301209,0.00372041562692364,-0.0492825917444755,0.000296236440705058,2.48452075937165e-05,256.432407697694,257.47951756414
3.58,-6.87584370046458e-05,3.4934334806994e-05,0.993339094575875,-0.0005316561375842,-9.99085169840365e-05,0.00571657137737733,0.000957870178325503,0.00113001168677947,-0.0116515346871333,-0.00329245305625556,0.00371107370917796,-0.0323917726895696,0.000343195376943689,-2.14825331112946e-05,256.154543402242,257.807693926823
3.59,-5.91874883793301e-05,4.60594378844556e-05,0.993454697687145,-0.000563830723631806,-6.29760746415118e-05,0.00546471900954904,0.000967163681597457,0.00109261890197765,-0.0114476772369503,-0.00313041750074573,0.00370197158963592,-0.0165290111075971,0.000343195376943689,-2.14825331112946e-05,255.796535746541,258.22646111669
3.6,-4.95306799845166e-05,5.68008787916474e-05,0.993568262427502,-0.000594307661885948,-2.61312774374468e-05,0.0053660090613816,0.00097494167798993,0.00105392983471734,-0.0112436809271911,-0.00294753472921427,0.00367571303775475,-0.0019134876428933,0.000384921447394949,-6.39798112366814e-05,255.367022600858,258.725312468668
3.61,-3.98132921521281e-05,6.71396349254109e-05,0.99367978511971,-0.000622955712076382,1.05332393296776e-05,0.00540709360541911,0.000979263851880328,0.00101224375003551,-0.0110390736511061,-0.00276351759096775,0.00364953016754283,0.0112643288934471,0.000384921447394949,-6.39798112366814e-05,254.875597064849,259.292772690076
3.62,-3.006306631603e-05,7.70551973455322e-05,0.9937892582536,-0.000649679689615403,4.69454881645888e-05,0.0055728587320172,0.000981882408629902,0.000969336517582887,-0.0108335862741888,-0.00256191160541082,0.00360761269254315,0.0228450992635801,0.000419109409407565,-0.000102225173830434,254.332689481938,259.916573070027
3.63,-2.0305645155826e-05,8.65306335232179e-05,0.993896672653379,-0.000674369055428029,8.30138012326034e-05,0.0058467448277214,0.000981051226296887,0.000923861431866412,-0.0106271802803288,-0.00235902495944772,0.00356558637118909,0.0327025289331422,0.000419109409407565,-0.000102225173830434,253.749401121312,260.583869754769
3.64,-1.05686781055507e-05,9.55477677021059e-05,0.994002019812155,-0.000696949229746051,0.000118664876960975,0.00621108335248599,0.000978386115624238,0.0008772322425062,-0.0104200521354769,-0.00214244650069217,0.00350901606876642,0.0407446956799038,0.000444688867122257,-0.000136782577764744,253.137308401149,261.281480958026
3.65,-8.77713998373549e-07,0.00010409174027686,0.994105294226171,-0.000717335052649339,0.000153807712079312,0.00664744410934818,0.000972311759650904,0.00082850149777309,-0.0102126268272675,-0.00192453366114861,0.00345216580491021,0.046914743734856,0.000444688867122257,-0.000136782577764744,252.508248362887,261.996130377327
3.66,8.74022624587e-06,0.000112146887091466,0.994206495562365,-0.00073547440819576,0.000188367005320022,0.0071369864910593,0.000964363037126777,0.000778702305177138,-0.0100055301652193,-0.00169703247123811,0.00338151082260728,0.0511909286807727,0.00046159639483631,-0.000168838589047561,251.874095227549,262.714685883893
3.67,1.82602581282608e-05,0.000119700540554083,0.994305630517096,-0.000751309221686358,0.000222251713974666,0.00766080831207174,0.000953083928691999,0.000727288480898346,-0.00979955319937942,-0.00146824592488598,0.00331044431926837,0.0535860180104342,0.00046159639483631,-0.000168838589047561,251.246534662158,263.424387820582
3.68,2.765653259253e-05,0.000126739761050829,0.994402714245364,-0.000764809788253053,0.000255384298663799,0.00820028579218,0.000939992462353455,0.00067492300615782,-0.00959560190142767,-0.00123388349511693,0.00322580236072738,0.0541460712271425,0.000470405267843865,-0.000199762110461679,250.636843003695,264.113061042386
3.69,3.69054238351923e-05,0.000133254264256894,0.994497771280761,-0.000775944549628366,0.000287673141209202,0.00873739872551483,0.000923690918330947,0.000621435101179456,-0.00939464493806918,-0.000998381498750949,0.00314067413699349,0.0529486351869498,0.000470405267843865,-0.000199762110461679,250.055675845037,264.769309037424
3.7,4.59827350610954e-05,0.000139234031915303,0.994590835899048,-0.000784704868879508,0.000319039028765482,0.0092550351184383,0.000905734076030645,0.000567142771547449,-0.0091976554393524,-0.000761070595839954,0.0030417903572246,0.0501004036075656,0.000471956526801807,-0.00023069782543748,249.512872309518,265.382686419643
3.71,5.48666277075243e-05,0.00014467136117305,0.994681951924047,-0.000791083689666065,0.00034938991399436,0.00973727027426523,0.000884730403408344,0.000512212620796039,-0.00900555784401069,-0.000522843058894494,0.00294241159956052,0.0457343992531426,0.000471956526801807,-0.00023069782543748,249.017279302477,265.943848769217
3.72,6.35349181347085e-05,0.000149559297350959,0.99477117200709,-0.000795091398224508,0.000378646490008282,0.0101696157699606,0.000862298956984662,0.000456645546465712,-0.0088191771922069,-0.000286291032928259,0.00282891825222149,0.0400067453402832,0.000467073583495038,-0.000262257455625832,248.576599883804,266.444678493711
3.73,7.19679435009767e-05,0.000153892871276411,0.994858556450197,-0.000796742750466876,0.000406717478815995,0.0105392346185354,0.000837026269438371,0.000400907973637339,-0.00863919933900309,-4.90937676567306e-05,0.00271498950104566,0.0330930992605555,0.000467073583495038,-0.000262257455625832,248.197269418478,266.878385821637
3.74,8.01457394742818e-05,0.00015766825773542,0.994944171665389,-0.000796064875827414,0.000433526104080875,0.010835119510393,0.000810587425369764,0.000344706765319258,-0.00846613966502465,0.000183189842318569,0.00258671792716949,0.0251848262812262,0.000456395314027873,-0.000294342182463854,247.884361836545,267.239584606547
3.75,8.80510198999276e-05,0.000160883294924348,0.995028088385947,-0.00079309156855688,0.000458984262002998,0.0110482319701507,0.000781552481267683,0.00028877871119174,-0.00830032574287987,0.000415831432988784,0.00245813434474713,0.0164849927267784,0.000456395314027873,-0.000294342182463854,247.641527462024,267.524343085562
3.76,9.56660831606795e-05,0.000163537273256407,0.995110379751075,-0.000787864484089428,0.000483021197225621,0.0111716009039299,0.00075160623106229,0.000232552399975379,-0.00814189095105637,0.000640507581313916,0.00231543473341027,0.00720425948339874,0.000440328908348806,-0.000326109354263357,247.470963154869,267.730209463217
3.77,0.000102976020498071,0.000165630824833056,0.995191119389857,-0.000780433948914049,0.000505555478928994,0.0112003799913823,0.00071934386570747,0.000177015813897642,-0.0079907815267354,0.00086527032205863,0.00217259858497829,-0.00244324344919131,0.000440328908348806,-0.000326109354263357,247.373414664918,267.85621251446
3.78,0.000109965295341614,0.000167166275512054,0.995270379618609,-0.00077085411446231,0.000526526335296704,0.0111318639862898,0.00068638104732516,0.000121329648712194,-0.00784677339805594,0.00107916274902204,0.0020165972691039,-0.0122439855463246,0.000419101783059653,-0.000356081232032517,247.348208743352,267.902838946216
3.79,0.00011662120174619,0.000168146964413782,0.995348229853283,-0.000759189711938381,0.00054586320968155,0.0109654649390683,0.000651410826542007,6.67215676264128e-05,-0.00770949868632663,0.00129291308774967,0.00186066756131861,-0.0219889696273027,0.000419101783059653,-0.000356081232032517,247.393315556451,267.871985593919
3.8,0.000122930178084939,0.000168578131420317,0.99542473531373,-0.00074550552813877,0.000563519178679744,0.0107026498963794,0.000615880919489601,1.20943572038472e-05,-0.00757847822608704,0.00149304565041885,0.00169339930224205,-0.0314774646506006,0.000392878780220908,-0.000382378249341811,247.50543533711,267.766890927036
3.81,0.000128881430441072,0.000168465691998608,0.995499956073561,-0.000729878865968991,0.000579438837376162,0.0103468424789838,0.000578674083011267,-4.10943525793116e-05,-0.00745315788692746,0.00169286897152194,0.00152641748595379,-0.0405204732041385,0.000392878780220908,-0.000382378249341811,247.680108266983,267.592044778692
3.82,0.000134463156436966,0.000167817666280545,0.99557394647931,-0.000712383354636976,0.000593592222995637,0.00990329115067494,0.000540968644525132,-9.4184017954033e-05,-0.00733294620074034,0.00187655405961861,0.00135079265796501,-0.0489438769813655,0.000361904224988021,-0.000403041676156346,247.911843204117,267.353078515065
3.83,0.000139666149479308,0.000166642406963505,0.995646754937015,-0.000693107133272478,0.000605942684416261,0.00937890772379789,0.000501931151684484,-0.000145501928827587,-0.00721724942483791,0.0020598330849501,0.00117564652628153,-0.0565912111917657,0.000361904224988021,-0.000403041676156346,248.194261513262,267.056637411619
3.84,0.000144480196125578,0.000164950591897739,0.995718424037868,-0.000672130833110662,0.000616478973179809,0.0087820799026694,0.00046238524098518,-0.000196603330851028,-0.00710550393860116,0.00222479694556111,0.000995247497019917,-0.0633260274575911,0.000326627525966488,-0.000416392065254519,248.520251985717,266.710237338291
3.85,0.000148897406765928,0.000162752893041331,0.995788990973689,-0.000649551579389806,0.000625185399720288,0.00812246222358045,0.000421859135573542,-0.000245626323727575,-0.00699720075024717,0.00238932645390148,0.000815469518338646,-0.069033812584088,0.000326627525966488,-0.000416392065254519,248.882133317047,266.322107867845
3.86,0.000152909090456073,0.00016006254541792,0.995858488177192,-0.000625455053165967,0.000632069416072104,0.00741074985524591,0.000380768859154532,-0.000294302303490147,-0.0068919053443757,0.00253384141947961,0.000634209503734306,-0.0736234408395049,0.000287776460598572,-0.000421355554188525,249.271819969023,265.901024944373
3.87,0.000156508532801071,0.000156892457797238,0.995926944110376,-0.000599945263317661,0.000637136595488192,0.00665844006819949,0.000339050026613044,-0.000340619914567825,-0.00678926645104462,0.00267795094202727,0.000453643419802832,-0.0770281456946887,0.000287776460598572,-0.000421355554188525,249.680988477783,265.456135598713
3.88,0.000159688634062375,0.000153258338158824,0.995994384122922,-0.000573110903426218,0.000640411215028157,0.00587758613893525,0.000296700572227121,-0.000386435143732854,-0.00668902062187815,0.00280093759889247,0.000275354421789489,-0.0792060067907089,0.00024635474711413,-0.000417687232782902,250.101240724005,264.996778227356
3.89,0.000162443884081412,0.000149175279750794,0.9960608313011,-0.000545060506748143,0.000641918339913906,0.00508054857344838,0.000254067308665997,-0.000429639619050136,-0.00659098510533674,0.00292358676220309,9.77553071674606e-05,-0.0801399569984386,0.00024635474711413,-0.000417687232782902,250.524261466549,264.532301812503
3.9,0.000164768973924383,0.000144661375366896,0.996126307240321,-0.000515883779995725,0.000641695602790208,0.00427974835063097,0.000210763591179811,-0.000472155283575408,-0.00649504914310299,0.00302465322587999,-7.42105670995625e-05,-0.0798373235429708,0.00020355933227775,-0.000406035749775205,250.941967591553,264.071887653741
3.91,0.000166659797273959,0.000139733857124229,0.996190832681017,-0.000485691305604647,0.000639783960057384,0.00348742677822025,0.000167508222339446,-0.000511836905528853,-0.00640115524520013,0.00312546806683704,-0.000245561537944808,-0.0783289255010098,0.00020355933227775,-0.000406035749775205,251.346646966829,263.624377295426
3.92,0.000168113127901491,0.000134413082325631,0.996254427970551,-0.000454572030087815,0.000636229920035935,0.00271541624926219,0.000123600182838173,-0.00055061398580698,-0.00630928273166479,0.00320486765957188,-0.000408636906554288,-0.0756677579753374,0.000160634542974906,-0.000387827098429437,251.73108505102,263.198110193295
3.93,0.000169126591420886,0.00012871834913764,0.996317113323652,-0.000422636242672879,0.000631085507550656,0.00197492587375977,8.00558385605112e-05,-0.000586364709562951,-0.00621942441581378,0.00328409948130072,-0.000571226078003122,-0.0719273002359362,0.000160634542974906,-0.000387827098429437,252.088677801873,262.80077459602
3.94,0.000169699366130016,0.000122672099713873,0.996378908881685,-0.000389970779534848,0.000624401385767763,0.00127634555861216,3.59524526043939e-05,-0.000620975923684854,-0.00613156943998928,0.00334260791903791,-0.000723783183874833,-0.0671994913266209,0.000118698789219528,-0.000364990770196022,252.413529629685,262.439274747419
3.95,0.000169831193702465,0.000116295564192976,0.9964398345785,-0.000356683709987294,0.000616235440318968,0.000629071631412151,-7.49104556015263e-06,-0.000652401377946037,-0.00604568279486477,0.00340101504616384,-0.000876013011219974,-0.0615924217877292,0.000118698789219528,-0.000364990770196022,252.700535521408,262.119617213664
3.96,0.00016952393896722,0.000109613012696655,0.996499909847297,-0.000322858977495544,0.000606638308362019,4.13566333351418e-05,-5.13216575353892e-05,-0.000682449848764929,-0.00596169381246376,0.00343974759029564,-0.00101734967831845,-0.0552277939951348,7.85882560496533e-05,-0.000339593573493886,252.94544664744,261.84681849502
3.97,0.000168779815846074,0.000102647387676921,0.996559153203455,-0.000288601152542367,0.000595669019113702,-0.000479814678225664,-9.4215699080807e-05,-0.000709187845859806,-0.00587948420339901,0.0034784189615101,-0.00115852409154745,-0.0482382064081765,7.85882560496533e-05,-0.000339593573493886,253.144919148826,261.624835579526
3.98,0.000167603557649205,9.54244494209258e-05,0.996617581759001,-0.000253991117273417,0.000583375168882468,-0.000928821581398324,-0.00013725916193192,-0.000734329170495471,-0.00579888610337732,0.00349862121939511,-0.00128869976944735,-0.0407643182835471,4.07572380539936e-05,-0.000313469616904411,253.296545902528,261.456520345201
3.99,0.000166000103294977,8.79685390928598e-05,0.996675210715731,-0.000219129425447649,0.000569813429047779,-0.00130147498828282,-0.000179107565850824,-0.00075607151736775,-0.00571968113063853,0.00351877376635633,-0.00141886423065929,-0.0329519520290473,4.07572380539936e-05,-0.000313469616904411,253.398871372246,261.343598224563
4,0.000163977097931704,8.03064993143392e-05,0.996732052896337,-0.000184094273388971,0.000555026865574904,-0.00159505598974707,-0.000220825614387781,-0.000776035425245284,-0.00564160853063274,0.00352162386962443,-0.00153843346301926,-0.024949189373611,5.25800852271906e-06,-0.000287930495094798,253.451389726274,261.286670753875
4.01,0.000161542303084538,7.24636713438553e-05,0.996788118355576,-0.000148982403919018,0.000539067948079328,-0.00180832556116841,-0.000261106036402593,-0.000792549298628057,-0.0055643742159706,0.003524410049208,-0.00165811480731997,-0.0169035160618003,5.25800852271906e-06,-0.000287930495094798,253.454526749475,261.285241148006
4.02,0.000158706168531873,6.44675244728697e-05,0.996843414117753,-0.00011387007552975,0.000521975304448163,-0.00194150612199052,-0.000300963608180495,-0.00080715743875217,-0.00548766638113024,0.00351086512966189,-0.0017678182787344,-0.0089590666720594,-2.81991626237726e-05,-0.000263610656886263,253.409606141449,261.337761325721
4.03,0.000155479200214821,5.63439396428641e-05,0.99689794406385,-7.88509712604972e-05,0.000503797121133426,-0.0019962361936299,-0.000339154614025027,-0.000818302875360766,-0.00541117064797472,0.00349722289367064,-0.00187772223797565,-0.00125401788835615,-2.81991626237726e-05,-0.000263610656886263,253.318801129923,261.441698493554
4.04,0.000151874407262092,4.81205376668915e-05,0.996951708990235,-4.40002947823359e-05,0.000484569048058569,-0.00197549981951113,-0.000376647035023062,-0.000827480206281498,-0.00533458843270916,0.00346793201979239,-0.00197819329283274,0.00608182616510248,-6.01248927869796e-05,-0.000240462293799105,253.185072365357,261.593618870382
4.05,0.000147904795466059,3.98232490216449e-05,0.99700470683682,-9.40968851483112e-06,0.000464336462933861,-0.00188353286288979,-0.000412256171468883,-0.000833221135485114,-0.00525765292056012,0.00343849946429298,-0.00207891619069556,0.0129292174451312,-6.01248927869796e-05,-0.000240462293799105,253.012093350411,261.789286074989
4.06,0.000143585580324302,3.14793807730319e-05,0.997056933079185,2.48459381981835e-05,0.000443134457787478,-0.0017257086341551,-0.000446932760993378,-0.000836999567294028,-0.00518014495135395,0.00339379221838017,-0.00217044811429212,0.0191813834303869,-9.10987790786864e-05,-0.00021787735583495,252.804164989252,262.023771031872
4.07,0.000138931889357269,2.3114428010552e-05,0.997108381258402,5.86760147339215e-05,0.000421008191999256,-0.00150840562385514,-0.000479521680421334,-0.00083740697313835,-0.00510190481997651,0.00334889658841762,-0.00226224772088982,0.0247456546652644,-9.10987790786864e-05,-0.00021787735583495,252.566120320236,262.291571281925
4.08,0.000133960723922084,1.47549550604515e-05,0.997159043620627,9.20055215509856e-05,0.00039799506933878,-0.00123886035805799,-0.000511003357305637,-0.000835921065994433,-0.00502284147811115,0.00328884423035065,-0.00234465005871477,0.0295447790150829,-0.000121618461097769,-0.000194891969415157,252.303221831034,262.586735953669
4.09,0.000128688868597381,6.42557476733882e-06,0.997208911824292,0.000124744342128856,0.000374143166136028,-0.000925008578562867,-0.000540207168856146,-0.000831168047984133,-0.00494293682420549,0.00322856275366528,-0.00242730436735002,0.033517908079046,-0.000121618461097769,-0.000194891969415157,252.021052792904,262.902994303949
4.1,0.000123134665216818,-1.84826310919937e-06,0.997257977675153,0.000156817471970827,0.000349494989937851,-0.000575318072230041,-0.000568196807967043,-0.000824643566348184,-0.00486224613645335,0.00315309900804387,-0.00249985972756574,0.0366212468706875,-0.000151975477076039,-0.000170422922573921,251.725404846052,263.233884792034
4.11,0.000117316056393964,-1.00432096837547e-05,0.997306233843147,0.000188135216919741,0.000324104612287344,-0.000198616521229514,-0.000593735985378608,-0.000814993116822965,-0.00478089394988104,0.00307737888201448,-0.00257262579163572,0.0388283657906486,-0.000151975477076039,-0.000170422922573921,251.422164089317,263.572882260163
4.12,0.000111252293738377,-1.81352304555637e-05,0.997353674522203,0.000218623332575784,0.000298021884986774,0.000196082252802327,-0.000618021216260812,-0.000803730030103124,-0.0046990661228972,0.0029864602185178,-0.0026341442386441,0.0401301778972868,-0.000182174405592964,-0.000143492816021255,251.117197346555,263.913521362168
4.13,0.000104961994488401,-2.61025381423822e-05,0.997400295995095,0.000248193236883241,0.000271309348736637,0.000599750356706316,-0.000639705433658385,-0.000789517190841222,-0.00461699882607667,0.00289527760682937,-0.00269581456791302,0.0405345925838559,-0.000182174405592964,-0.000143492816021255,250.816241407251,264.249513745569
4.14,9.84649366371526e-05,-3.39227367363139e-05,0.997446097076355,0.000276772804595566,0.000244025520346525,0.00100351303047767,-0.000660154334063317,-0.000773869290584707,-0.00453496477206289,0.00278905839524159,-0.00274477133865559,0.0400658617695208,-0.000211902444023801,-0.000113413266686258,250.524797054429,264.574857417658
4.15,9.17799865097701e-05,-4.15758048285337e-05,0.997491079412251,0.000304275995960342,0.000216242851978222,0.001398808016911,-0.000677878518311892,-0.000755479961084605,-0.00445325860776325,0.00268259163067127,-0.00279381345262985,0.0387636398343145,-0.000211902444023801,-0.000113413266686258,250.248030088023,264.883936805183
4.16,8.4927135577177e-05,-4.90411322917251e-05,0.997535247629165,0.000330634676148996,0.000188028700663256,0.00177753433583507,-0.000694429325083751,-0.000735833610817162,-0.00437218106240003,0.00256158773327686,-0.00282854700731762,0.0366817836313438,-0.000240549034682778,-7.99086586931646e-05,249.990681172944,265.171612136475
4.17,7.79251623309838e-05,-5.63005755361845e-05,0.997578609329752,0.000355767419218778,0.000159465578370053,0.00213218801332493,-0.000708163043491176,-0.000713682623511703,-0.00429202471662282,0.00244037815763936,-0.00286330258986901,0.0338869226444244,-0.000240549034682778,-7.99086586931646e-05,249.756986316445,265.433297201676
4.18,7.07940414365709e-05,-6.33353911964734e-05,0.997621174947169,0.00037961227823304,0.000130628649824445,0.00245598259744942,-0.000720809622844246,-0.000690437221721644,-0.0042130599156323,0.00230559362691773,-0.00288224375352523,0.0304568331759442,-0.0002672696612337,-4.31734136676544e-05,249.550609337509,265.665024586731
4.19,6.35522320279874e-05,-7.0129344410507e-05,0.997662957474912,0.000402094949681086,0.000101609268665114,0.00274295268676919,-0.000730581667137794,-0.000664948331217578,-0.00413552442333134,0.00217066885350441,-0.00290115747847661,0.0264786527206428,-0.0002672696612337,-4.31734136676544e-05,249.374587580564,265.863497893443
4.2,5.62195446289108e-05,-7.66655890521337e-05,0.99770397209688,0.000423161951295157,7.24882729284949e-05,0.00298803901619566,-0.000739357003919329,-0.000638500799911634,-0.00405961400906446,0.00202366475479552,-0.00290305699016822,0.0220469730108728,-0.000291083972167705,-3.86319387583721e-06,249.23129160226,266.026130471865
4.21,4.88139945107512e-05,-8.29297691475556e-05,0.997744235746644,0.000442748765281313,4.33633940917097e-05,0.00318715409742244,-0.000745237614519776,-0.00061009091723695,-0.00398547813169585,0.0018766038211601,-0.002904901897042,0.0172618509025551,-0.000291083972167705,-3.86319387583721e-06,249.122399403427,266.151070593044
4.22,4.13551524283441e-05,-8.8906936759919e-05,0.997783766626817,0.000460812455564803,1.43181663990448e-05,0.00333722773180688,-0.000750197873325541,-0.000580825910317827,-0.003913216517245,0.00171949583975146,-0.00288902382468372,0.012226777053762,-0.000310995314539682,3.69741445646999e-05,249.048885225929,266.237212982219
4.23,3.38605590258358e-05,-9.45845509097852e-05,0.997822583720117,0.000477300785688811,-1.4546715629152e-05,0.00343623219618432,-0.000752281351515982,-0.000549895249570452,-0.00384288122736635,0.00156242361710454,-0.00287309078415685,0.00704664147745227,-0.000310995314539682,3.69741445646999e-05,249.011022779453,266.284197018768
4.24,2.63495201468101e-05,-9.99495558665346e-05,0.997860706320443,0.000492182989624563,-4.31484646206187e-05,0.00348318719187533,-0.000753492996552511,-0.000518181856174718,-0.00377447881544941,0.00139780544925506,-0.00283934371672763,0.00182573435054658,-0.000326116342310196,7.80173707481263e-05,249.008402239261,266.292391889072
4.25,1.88391385954934e-05,-0.000104991156864089,0.997898153609797,0.000505421124288825,-7.13873625985821e-05,0.00347814513132456,-0.000751883358703023,-0.00048511071399469,-0.00370797745375357,0.00123331407342865,-0.00280556756543433,-0.00333418180064753,-0.000326116342310196,7.80173707481263e-05,249.03996024696,266.262869347763
4.26,1.13484525357193e-05,-0.000109698197967829,0.997934944299763,0.00051699755046585,-9.91848383707994e-05,0.00342215756780876,-0.000749415315245223,-0.000451305340336452,-0.00364331287902672,0.00106411527534206,-0.00275455441229512,-0.00833569443442272,-0.000335783890727289,0.000117825312891684,249.104021700164,266.197364719034
4.27,3.89419605530701e-06,-0.000114061583783806,0.997971096351909,0.000526889885689458,-0.000126446119831515,0.00331722403262504,-0.000744217097539251,-0.000416457133433084,-0.00358039812913975,0.000895121842594223,-0.00270355867955272,-0.0130874269245133,-0.000335783890727289,0.000117825312891684,249.198352175809,266.098227013918
4.28,-3.50487127225403e-06,-0.000118072093882749,0.998006626782648,0.000535093785862468,-0.000153099911839468,0.00316622469405762,-0.000738139024923346,-0.000380911175589338,-0.00351913079830897,0.000724419805570423,-0.00263653845039451,-0.0175055614380007,-0.000339646477432402,0.000155005204232868,249.320218855814,265.968359720018
4.29,-1.08323213057815e-05,-0.000121722326980065,0.99804155155371,0.000541602787778136,-0.000179059898345087,0.00297283865779638,-0.000729454398176734,-0.000344640307803132,-0.00345940260802115,0.000553980160063276,-0.00256959323750163,-0.0215151737752629,-0.000339646477432402,0.000155005204232868,249.466459706698,265.811152114314
4.3,-1.80697197618946e-05,-0.000125005067537958,0.998075885541031,0.000546425211078833,-0.000204264347935781,0.00274144979903995,-0.000719840975517857,-0.000307710394238102,-0.00340110558525103,0.000384793938731172,-0.00248836242800043,-0.0250513616875052,-0.000337710380299142,0.000188372869251937,249.633557583907,265.630404076411
4.31,-2.52009236930792e-05,-0.000127914653344188,0.998109642572092,0.000549569924355467,-0.000228638044842126,0.00247704233918385,-0.000707773139577655,-0.000270372717415907,-0.0033441391545956,0.000215899941828309,-0.00240726396885979,-0.0280601519055259,-0.000337710380299142,0.000188372869251937,249.817718584907,265.430244860847
4.32,-3.22079262922148e-05,-0.000130445972045216,0.998142835515699,0.000551056582513808,-0.000252130104570615,0.00218508835130141,-0.000694713089300846,-0.000232430888962007,-0.00328841359846321,5.09968780955548e-05,-0.00231397844034742,-0.0304991750873844,-0.000330335702734609,0.000217081044849175,250.014952737331,265.215047491141
4.33,-3.90749174275233e-05,-0.000132595191585449,0.998175476407934,0.000550907949408775,-0.000274677928121451,0.00187142962428173,-0.00067937472992193,-0.000194394132744972,-0.00323385338192704,-0.000113612656761566,-0.00222087156547702,-0.032338102935391,-0.000330335702734609,0.000217081044849175,250.221155302557,264.989340621402
4.34,-4.57844834494224e-05,-0.000134359415746814,0.998207576595285,0.000549153189070673,-0.000296241688975503,0.00154215618961647,-0.000662982396605599,-0.000155835437088273,-0.00318039735581357,-0.000271869154570037,-0.00211783926918039,-0.0335588471708537,-0.000318181813647766,0.000240695595779933,250.432187039666,264.757719556567
4.35,-5.23212753864974e-05,-0.000135736763825764,0.998239146878241,0.000545826890853676,-0.000316771714462942,0.00120348395935891,-0.000644507067135426,-0.000117487097483804,-0.00312799826003932,-0.000429856453970437,-0.00201501280521923,-0.0341555227781549,-0.000318181813647766,0.000240695595779933,250.643952372298,264.524757800201
4.36,-5.86686968041925e-05,-0.000136726662571064,0.998270197639272,0.000540965665199471,-0.000336238475325087,0.000861633726826783,-0.000624933948561376,-7.87326804407649e-05,-0.00307662023150393,-0.000579597611835942,-0.00190449124777245,-0.0341341839127193,-0.000302110769482365,0.000259207407822655,250.852473709369,264.294921214723
4.37,-6.48120652969928e-05,-0.000137329309385011,0.998300738943151,0.000534613520645037,-0.000354604435422209,0.000522713818633247,-0.000603487789694082,-4.04834498740938e-05,-0.0030262355060045,-0.000729113360925953,-0.00179417942153065,-0.03351234415682,-0.000302110769482365,0.000259207407822655,251.053960964382,264.072486254316
4.38,-7.07358671127965e-05,-0.000137546531745768,0.998330780600764,0.000526812490924422,-0.000371848870689189,0.000192608426778404,-0.000580931572845722,-1.97818159658999e-06,-0.00297682058345043,-0.000868985536156562,-0.00167820866431736,-0.0323182967014726,-0.000283065667517999,0.000272979294909073,251.244875169628,263.861463830827
4.39,-7.64263504407459e-05,-0.00013738070947944,0.998360332192023,0.000517613585352616,-0.000387944756865571,-0.000123126407239957,-0.000556722890722925,3.57400643950144e-05,-0.00292835178347452,-0.00100868757580833,-0.00156242827237257,-0.0305902532777247,-0.000283065667517999,0.000272979294909073,251.421985327694,263.665530257712
4.4,-8.18693659489455e-05,-0.000136836099027278,0.998389403047994,0.000507062520766211,-0.000402878279987592,-0.000419357488075277,-0.000531432204325884,7.35353145791325e-05,-0.00288080171031652,-0.00113780656282233,-0.00144272146380828,-0.0283753235972545,-0.00026194595210547,0.000282639738882219,251.582417749185,263.487966499726
4.41,-8.70523859956913e-05,-0.000135917318660499,0.998418002195772,0.000495215172191457,-0.000416630833108901,-0.00069145831185034,-0.000504717025201382,0.000110276904353534,-0.00283413538879302,-0.00126681397566982,-0.00132316590899222,-0.0257283593036644,-0.00026194595210547,0.000282639738882219,251.723697323204,263.331606800005
4.42,-9.19628954626442e-05,-0.000134631018337124,0.998446138274175,0.000482119653722059,-0.000429193566763722,-0.000935380857983157,-0.000476991079066271,0.000146897277279286,-0.00278830843545779,-0.0013846680601135,-0.00120106718700937,-0.0227106883610085,-0.000239501936279459,0.000288945459018271,251.843780282623,263.198797491011
4.43,-9.65898802433251e-05,-0.000132984043504349,0.998473819429468,0.000467835072262243,-0.000440554122137921,-0.00114771432266336,-0.000448073703453107,0.000182214486638965,-0.00274326505795714,-0.00150246529722351,-0.00107906669004272,-0.019388766943173,-0.000239501936279459,0.000288945459018271,251.941078210659,263.091366585452
4.44,-0.000100922691205745,-0.000130985332825364,0.998501053203949,0.000452411184585468,-0.000450706933868723,-0.0013257301194582,-0.000418256979507243,0.000217205716467587,-0.00269893870301459,-0.00160878900475729,-0.000955573734430751,-0.0158327767094063,-0.000216265918263843,0.000292639772813504,252.014473149788,263.01060445404
4.45,-0.000104952080794042,-0.000128643871137422,0.998527846428582,0.000435909306877825,-0.000459644004901046,-0.00146741270600395,-0.000387485527035965,0.000250663193663619,-0.00265525243276795,-0.0017151014956106,-0.00083211889920411,-0.0121151953797652,-0.000216265918263843,0.000292639772813504,252.063323845961,262.957255669238
4.46,-0.000108669439814276,-0.000125970714645342,0.998554205133013,0.000418380594649261,-0.000467361871306657,-0.00157147611106525,-0.000355958486322169,0.000283596805364381,-0.00261212201015268,-0.00180974413591841,-0.000707957127798004,-0.00830936825372151,-0.000192528707672814,0.000294332252357512,252.08746326793,262.931521810783
4.47,-0.000112067478593992,-0.00012297682450118,0.998580134482129,0.000399888156496558,-0.00047385556054117,-0.00163736627901041,-0.000323716235837636,0.000314786721848371,-0.0025694583312232,-0.00190440896496264,-0.000583773075679645,-0.00448810731719292,-0.000192528707672814,0.000294332252357512,252.087187702187,262.933074821139
4.48,-0.000115139732818594,-0.000119675147244685,0.998605638749107,0.000380484709684195,-0.00047912314915697,-0.00166524963280891,-0.00029088347652592,0.000345274003624572,-0.00252717217736322,-0.00198721972275114,-0.00045950212601165,-0.000722343321092078,-0.000168360632648223,0.000294418156727294,252.063237818262,262.961080249939
4.49,-0.000117880985011682,-0.000116078392368854,0.998630721328974,0.000360235236927971,-0.000483162045784211,-0.00165598848479843,-0.000257577329149112,0.000373830058438222,-0.00248517773212729,-0.00207007274223471,-0.000335154196091878,0.00292014559121026,-0.000168360632648223,0.000294418156727294,252.016772202145,263.014229621152
4.5,-0.000120286949501062,-0.000112201128700385,0.998655384796759,0.000339194427126077,-0.000485971939966796,-0.00161110416435491,-0.000223854756429677,0.000401533357370965,-0.00244339778139268,-0.00214081849591368,-0.000211285316032064,0.0063759074719977,-0.00014366780493911,0.00029304603385638,251.949334222126,263.090780639325
4.51,-0.000122354513872206,-0.000108057538144921,0.998679631007751,0.000317429538175666,-0.000487552689218418,-0.00153272892003334,-0.00018990235099162,0.000427142122746113,-0.00240176704571022,-0.00221161385908884,-8.72952719147744e-05,0.00958687359047241,-0.00014366780493911,0.00029304603385638,251.862812506997,263.188604666054
4.52,-0.000124081539388606,-0.000103663520325128,0.998703461237554,0.000294997702660288,-0.000487906215468078,-0.00142354784537776,-0.000155704774017092,0.000451782537715758,-0.00236023654470501,-0.0022699387555009,3.56000813234803e-05,0.0125012819667111,-0.000118269373902378,0.000290131775133498,251.759396242772,263.305239793977
4.53,-0.000125466975581095,-9.90344260283799e-05,0.998726876353524,0.00027196895999495,-0.000487035507788364,-0.00128673221663471,-0.000121521716166225,0.000474191149459973,-0.00231877557650213,-0.00232830984790398,0.000158646848422748,0.0150744551833485,-0.000118269373902378,0.000290131775133498,251.641526194451,263.437948297399
4.54,-0.000126510744969184,-9.41871878912838e-05,0.998749877010287,0.000248403242284549,-0.000484945727208689,-0.00112586575007089,-8.72519809841401e-05,0.000495552245651283,-0.00227737426600324,-0.00237373840989854,0.00027985271772342,0.0172694220380262,-9.19802048132406e-05,0.00028540967121432,251.511842251356,263.583777314684
4.55,-0.000127213752985347,-8.91380151829494e-05,0.998772463857205,0.000224373770383584,-0.000481644111191289,-0.000944865372768008,-5.32404002704184e-05,0.000514572002909344,-0.00223604345523054,-0.00241920196583816,0.000401224432317424,0.0190573762003187,-9.19802048132406e-05,0.00028540967121432,251.373128616295,263.739621417663
4.56,-0.000127577858617972,-8.39045844951225e-05,0.998794637748163,0.000199943368965026,-0.000477140252032631,-0.000747898155013244,-1.92808035185181e-05,0.000532499670296341,-0.00219481500006409,-0.00245118120024909,0.000519830458524516,0.0204179682576587,-6.4685254082235e-05,0.000278506843661827,251.228257674551,263.902285781006
4.57,-0.000127605772005169,-7.85036649279482e-05,0.998816399940874,0.000175188556009347,-0.00047144695647629,-0.000539296075887402,1.41798821564333e-05,0.000548005633643616,-0.00215373943970821,-0.00248318006930837,0.000638600701942613,0.0213394304573076,-6.4685254082235e-05,0.000278506843661827,251.080133508836,264.068548921525
4.58,-0.000127301140630001,-7.29534083005348e-05,0.998837752276869,0.000150174782097669,-0.000464579412675883,-0.000323470280585463,4.74735119903587e-05,0.000562404619079566,-0.00211288422352385,-0.00250115123079845,0.000753490977496011,0.0218185377979868,-3.63956123802577e-05,0.000269026605193991,250.931636720121,264.235223162037
4.59,-0.000126668302592205,-6.72708713389114e-05,0.998858697331647,0.000124981572306437,-0.000456557278752307,-0.000104826445959847,8.00331056114097e-05,0.000574331735810601,-0.00207232962326417,-0.00251912640307547,0.000868529228716147,0.0218604102094222,-3.63956123802577e-05,0.000269026605193991,250.785570516892,264.399213028477
4.6,-0.000125712537721701,-6.14744401931353e-05,0.998879238529585,9.96763388414316e-05,-0.000447402279846574,0.00011231719468245,0.00011233459480086,0.000585159678749263,-0.00203216557728544,-0.00252261396790544,0.000978408946758708,0.0214781646072765,-7.280513891138e-06,0.00025662797819938,250.644610028789,264.557569506094
4.61,-0.000124439628665968,-5.55812231214989e-05,0.998899380217415,7.43408651820398e-05,-0.000437141946329422,0.000323807713082857,0.000143675733780047,0.000593496294063887,-0.00199248672763464,-0.00252609334186531,0.00108840881612935,0.0206924279571134,-7.280513891138e-06,0.00025662797819938,250.511255348217,264.707539855188
4.62,-0.000122856335855082,-4.96096307116855e-05,0.99891912769577,4.90434854702922e-05,-0.000425805102583222,0.00052572990520977,0.000174689236418584,0.000600756282904326,-0.00195338884474021,-0.002514797375466,0.00119186317789902,0.0195307246181053,2.23263620393904e-05,0.000241091526958921,250.387789177458,264.84661214098
4.63,-0.000120969712487329,-4.35766269434564e-05,0.998938487207708,2.38670520280487e-05,-0.00041342773589631,0.000714472074900983,0.000204528265250952,0.000605536102022707,-0.00191496402299843,-0.00250348741038144,0.00129540257806029,0.018026753178613,2.23263620393904e-05,0.000241091526958921,250.276239840639,264.972553922227
4.64,-0.000118787861297132,-3.75004669942841e-05,0.998957465888603,-1.12051812244922e-06,-0.000400045855109973,0.00088678415551753,0.000233986883202632,0.000609268834721757,-0.00187729763727931,-0.00247736582341894,0.00139097885326576,0.0162195697005572,5.1944661856127e-05,0.000222364989989044,250.178350216321,265.083444584068
4.65,-0.00011631895324244,-3.13978138441523e-05,0.998976071680773,-2.58368524812274e-05,-0.000385703944250991,0.0010398273109043,0.000262072425262216,0.000610562474201633,-0.00184046460117245,-0.00245123261120516,0.00148660276917774,0.0141526954171895,5.1944661856127e-05,0.000222364989989044,250.095553092033,265.177701010334
4.66,-0.000113572313394137,-2.52866129654117e-05,0.99899431322089,-5.02159722559293e-05,-0.000370444773026854,0.00117121434841658,0.000289735428559025,0.000610839047091407,-0.00180452754734894,-0.00241056168642413,0.00157290403914581,0.0118731679338816,8.09850689148717e-05,0.000200585318037752,250.028953209148,265.254096321785
4.67,-0.0001105571054462,-1.91831028390466e-05,0.999012199706237,-7.41777609629932e-05,-0.000354320784498802,0.00127904046370357,0.000315845327012178,0.000608746249099675,-0.00176953470835924,-0.0023698899749967,0.00165921825857041,0.00943055530851529,8.09850689148717e-05,0.000200585318037752,249.979316207761,265.311771622246
4.68,-0.000107283775682431,-1.31047834326808e-05,0.99902974074948,-9.76597398072761e-05,-0.000337380612136,0.00136190403595179,0.000341494751763031,0.000605662412669406,-0.00173551960370441,-0.00231529481856313,0.00173499641092638,0.00687595267461324,0.000108801038281596,0.000176076515281955,249.947064435831,265.35024071205
4.69,-0.000103762384292492,-7.06736911686598e-06,0.999046946228561,-0.000120585890277861,-0.000319683585888104,0.00141891738549855,0.000365432198978409,0.000600305798608947,-0.00170250066058395,-0.00226071688711024,0.00181075974671052,0.0042609806059834,0.000108801038281596,0.000176076515281955,249.932279540032,265.369387944879
4.7,-0.000100004412950656,-1.0877887146803e-06,0.999063826140726,-0.00014289869031042,-0.000301282926889205,0.00144970759558991,0.000388869629295209,0.000593978224621821,-0.00167048226050402,-0.00219316776874997,0.001874995866786,0.00163680416773371,0.00013474748483402,0.000149325150272056,249.934711562222,265.3694593542
4.71,-9.60207466752889e-05,4.81885440839629e-06,0.99908039046585,-0.000164527957818921,-0.000282243354479459,0.00145440768561292,0.000410459347894308,0.000585499155408593,-0.00163945580559495,-0.00212565841142334,0.00193919913931591,-0.000946810290914539,0.00013474748483402,0.000149325150272056,249.953793983144,265.351047676401
4.72,-9.18238252041935e-05,1.06363261907601e-05,0.999096649045685,-0.00018542234910028,-0.00026262116060953,0.00143363858777386,0.00043150360595773,0.000576063892124426,-0.00160940164550374,-0.00204643378441908,0.00199116155144374,-0.00344238320662997,0.000158238830534922,0.000120937607200882,249.988664482893,265.315071279391
4.73,-8.74253028116247e-05,1.63502195806665e-05,0.999112611481393,-0.000205518999695912,-0.000242484688260692,0.00138848255066654,0.000450588867158186,0.000564620621515955,-0.00158029102003867,-0.00196727245782173,0.00204308384871513,-0.00580554030427476,0.000158238830534922,0.000120937607200882,250.038190774549,265.262747678629
4.74,-8.28384996418255e-05,2.19451233502636e-05,0.99912828705271,-0.000224773633656803,-0.000221891703435293,0.00132044871862523,0.000469075141362394,0.000552233528036165,-0.00155208823115899,-0.00187789411200402,0.00208235748211661,-0.00799574808156803,0.000178799039877287,9.15850504458779e-05,250.101000509302,265.195562477068
4.75,-7.807578851663e-05,2.74074197121302e-05,0.999143684657965,-0.000243131810191254,-0.000200912320029043,0.00123143177956325,0.000485516210770952,0.000538001439687691,-0.00152475280676743,-0.00178859986627962,0.00212159371396536,-0.00997695529001731,0.000178799039877287,9.15850504458779e-05,250.17551485005,265.115234151071
4.76,-7.31512826955609e-05,3.27226564171334e-05,0.999158812775096,-0.000260556826276191,-0.000179604261200746,0.00112366464974206,0.000501296871666649,0.00052284004929739,-0.00149824132209713,-0.00169074945153636,0.00214807873153861,-0.0117181310106248,0.000196097326708271,6.19434551216609e-05,250.259984796888,265.023675449059
4.77,-6.80780156245945e-05,3.78781113085506e-05,0.999173679440318,-0.000277003328351736,-0.000158037651268323,0.000999666279748333,0.000514971187153497,0.000506013420613251,-0.0014725092309225,-0.00159299790614659,0.00217453675163191,-0.0131936925143713,0.000196097326708271,6.19434551216609e-05,250.352529520284,264.92295224196
4.78,-6.28707885920737e-05,4.28604353849412e-05,0.999188292242276,-0.000292442305564098,-0.000136268869736249,0.000862185686172623,0.000527918220842191,0.000488279447797985,-0.00144751193830041,-0.00148842632569054,0.00218841883674262,-0.0143838180845104,0.000209965191824299,3.26366674998589e-05,250.451175846088,264.815240585712
4.79,-5.75432196125022e-05,4.76579232710383e-05,0.999202658327018,-0.000306837702896833,-0.000114366535484037,0.000714143394219204,0.000538722279145434,0.000469073943807956,-0.00142320597759477,-0.00138396006794263,0.00220228877396353,-0.0152746425564152,0.000209965191824299,3.26366674998589e-05,250.553898156179,264.702782887975
4.8,-5.21106695243284e-05,5.22584780296902e-05,0.999216784410641,-0.000320167980832017,-9.23846945015248e-05,0.000558571440947144,0.000548730968692651,0.000448995560426796,-0.00139954921602795,-0.0012744016083474,0.00220398737610846,-0.0158583353312262,0.000220393159196919,4.18999277388568e-06,250.658657892395,264.587843967639
4.81,-4.65872387597451e-05,5.6651543794486e-05,0.999230676795055,-0.00033240618773811,-7.03892951331221e-05,0.000398553133488844,0.000556583587185552,0.000427650567567413,-0.00137650133523546,-0.00116494565231771,0.00220568958433794,-0.0161330630876828,0.000220393159196919,4.18999277388568e-06,250.763441992312,264.472667890381
4.82,-4.09886937690231e-05,6.08264224554826e-05,0.99924434138412,-0.000343537777903356,-4.84314141777525e-05,0.000237163669490961,0.000563576851414921,0.000405483642385145,-0.0013540233231097,-0.00105204716086718,0.00219579312945711,-0.0161028410322442,0.000227508673802143,-2.29998253621054e-05,250.866299650122,264.359436211567
4.83,-3.53294854050828e-05,6.47738448158776e-05,0.9992577836969,-0.000353544392328046,-2.65735637257253e-05,7.74127349989737e-05,0.000568423235397017,0.000382263616330398,-0.00133207745584167,-0.000939239504571064,0.00218591372279602,-0.0157772799535023,0.000227508673802143,-2.29998253621054e-05,250.965376257776,264.250229083302
4.84,-2.96256081286655e-05,6.8484647813083e-05,0.999271008876681,-0.000362417850394123,-4.86356002193381e-06,-7.78099389413883e-05,0.000572355930528951,0.000358291317199958,-0.00131062641772222,-0.000824511799288566,0.0021651118815566,-0.015171235188856,0.000231539545359044,-4.86750158262192e-05,251.058945259656,264.146988412479
4.85,-2.38917023392627e-05,7.19509807444829e-05,0.999284021694472,-0.000370147678376153,1.6639897993541e-05,-0.000225785095792425,0.000574171854037574,0.000333485519971893,-0.00128963311998511,-0.000709856018140495,0.00214433579504077,-0.0143043689868643,0.000231539545359044,-4.86750158262192e-05,251.145435779624,264.051485653218
4.86,-1.8143794565966e-05,7.51653323238607e-05,0.999296826547376,-0.000376731390624173,3.78922577046314e-05,-0.000364009759130942,0.000575034368721503,0.000308015971834836,-0.00126905985129649,-0.000594650667881791,0.0021133582890718,-0.0132006356308988,0.000232769492857669,-7.2707587111139e-05,251.223457053741,263.965293104125
4.87,-1.23965303865211e-05,7.81213861343695e-05,0.999309427452543,-0.000382165621502683,5.88386835525718e-05,-0.000490237574493348,0.000573829781718837,0.000281936265337589,-0.00124886827658412,-0.00047949351270345,0.00208240913381265,-0.0118877020899215,0.000232769492857669,-7.2707587111139e-05,251.291818549374,263.889760137735
4.88,-6.66576205942209e-06,8.08133719137395e-05,0.999321828038573,-0.000386452965774434,7.94376900954642e-05,-0.000602513133254971,0.000571650392198216,0.000255298276640644,-0.0012290189531059,-0.000365003958746737,0.00204197850577584,-0.0103963168090226,0.000231493257322984,-9.50736895524999e-05,251.349545817299,263.82599432078
4.89,-9.65941266027442e-07,8.32365974013781e-05,0.999334031536446,-0.000389596433526993,9.96381277234428e-05,-0.000699199786326196,0.000567471884562252,0.000228274961334942,-0.00120947174474591,-0.000250536859322756,0.00200157243482653,-0.00875964017212924,0.000231493257322984,-9.50736895524999e-05,251.395891859483,263.774847803952
4.9,4.68746142904853e-06,8.5387089235399e-05,0.999346040772617,-0.000391603211758215,0.00011940128671791,-0.000779000659176275,0.000562317544586556,0.000200812117576573,-0.00119018587665066,-0.000137819298337213,0.00195237522578985,-0.00701254999456788,0.000227978269355408,-0.000115817130218958,251.430344233304,263.736908712119
4.91,1.02803912974982e-05,8.72618356352949e-05,0.999357858166771,-0.000392482085084935,0.000138679415356128,-0.000840972647312933,0.000555249292263272,0.000173188098144751,-0.00117112082357292,-2.5099211524772e-05,0.00190319308863686,-0.005190936470464,0.000227978269355408,-0.000115817130218958,251.452627039698,263.712498566806
4.92,1.57979586302628e-05,8.88586795435745e-05,0.999369485736689,-0.000392244507768885,0.000157436296223806,-0.000884533380765709,0.000547224763469139,0.000145251729058931,-0.00115223687782438,8.48937371987943e-05,0.00184587058052155,-0.00333099917315406,0.000222438116481083,-0.000135008880862869,251.46269944263,263.701673840439
4.93,2.12267016451415e-05,9.01763080161093e-05,0.999380925112168,-0.000390904617033135,0.000175627292510771,-0.000909461205038242,0.000537387809124613,0.000117375507774305,-0.00113349638534759,0.000194911032178311,0.00178854942022225,-0.00146856007525508,0.000222438116481083,-0.000135008880862869,251.460749013965,263.704233572313
4.94,2.65524941834713e-05,9.12143630982704e-05,0.999392177559424,-0.000388477973880498,0.000193218490404092,-0.000915888427039598,0.000526633248482135,8.93171428375579e-05,-0.00111486462897775,0.000301291860277115,0.00172370609108061,0.000361595390753853,0.000215020535792455,-0.000152709318180637,251.447181597488,263.719731061182
4.95,3.17626464392005e-05,9.19732101978875e-05,0.999403244016652,-0.000384983832485378,0.000210168187721821,-0.000904288127278532,0.000514183185740483,6.15352624903695e-05,-0.00109631114880146,0.000407713899483165,0.00165884808457679,0.00212633787532275,0.000215020535792455,-0.000152709318180637,251.42260733547,263.747490021825
4.96,3.68439558108069e-05,9.24542392154951e-05,0.999414125140645,-0.000380441834226517,0.000226444740094839,-0.000875455008930544,0.000500870467326987,3.36991981889314e-05,-0.00107781064530587,0.000509624594331494,0.00158707361649103,0.00379476378342915,0.000205809940146703,-0.000168938658154048,251.38782332183,263.786624575442
4.97,4.17846588840474e-05,9.26594370407254e-05,0.999424821363606,-0.000374876270616303,0.00024200936983054,-0.000830480796829925,0.000485993772759715,6.34877667480554e-06,-0.00105934406912671,0.000611587345412936,0.00151526829042505,0.00533870595916168,0.000205809940146703,-0.000168938658154048,251.343793306002,263.836062575316
4.98,4.65726101407085e-05,9.25918607885607e-05,0.999435332958534,-0.000368310917611284,0.000256832849981152,-0.000770724838492881,0.000470321919800363,-2.09346937291067e-05,-0.0010408992455859,0.000708172878103607,0.00143716757395118,0.00673317762075737,0.000194842169008864,-0.000183659046501454,251.291624875567,263.894571682894
4.99,5.11970975908275e-05,9.22550307135795e-05,0.999445660110936,-0.00036077512203644,0.000270879518390497,-0.000697780578388035,0.000453231295136379,-4.75327603261815e-05,-0.00102247146126834,0.000804814996857207,0.00135902175397806,0.00795674330303897,0.000194842169008864,-0.000183659046501454,251.232544618901,263.960787616719
5,5.70552189155369e-05,9.16535294235957e-05,0.999455915439477,-0.000352287511511145,0.000271511565412863,-0.000613431849147244,0.000748566258449333,-7.37551280717698e-05,-0.00103459058375285,0.000897326996217454,-0.00152765066506209,0.00899244236878965,0.000186486841592056,-0.00678056493383226,251.221426473554,264.08925090816
5.01,6.58710148040699e-05,9.07923674178454e-05,0.999466466686902,-0.000342873772939491,0.000243266869137098,-0.000519614762902536,0.00104539024452723,-9.91298860750727e-05,-0.0010847237273636,0.000989742920466827,-0.00441710823968049,0.00982679616548049,0.000186486841592056,-0.00678056493383226,251.199674693244,264.215703213723
5.02,8.68911170489071e-05,8.96787665035045e-05,0.99947741302077,-0.000332519351914095,0.000103552597207704,-0.000418360979945957,0.00339661350660174,-0.000123171885359718,-0.00111041152536114,0.00108658957554233,-0.0256592602989283,0.0104503079497413,0.000196824730472695,-0.0498220314297479,251.169124817671,264.339003599067
5.03,0.000131521433949419,8.8321728858451e-05,0.999488747903129,-0.0003212272409468,-0.000248670131924544,-0.000311774256639995,0.00577283353013413,-0.000146411370556378,-0.0011663994904588,0.00118192564511287,-0.0469207840395313,0.0108577451279675,0.000196824730472695,-0.0498220314297479,251.13201894793,264.458418614609
5.04,0.000201836966485032,8.67333136362202e-05,0.999500641732434,-0.000309048226123527,-0.000829076669655634,-0.000202022832963323,0.00857925930690054,-0.000168990375931267,-0.00122939438616297,0.00127348716714514,-0.0716422223614616,0.0110480582987884,0.000192661729791977,-0.0578874021296738,251.090066507786,264.572698621103
5.05,0.000300520131709838,8.49265448929191e-05,0.999513199669058,-0.000296038879138965,-0.00165679171709259,-9.12668521915242e-05,0.011455467502037,-0.000190651491099452,-0.00131819231523979,0.00136321953358571,-0.0963841729099047,0.0110243006260262,0.000192661729791977,-0.0578874021296738,251.045089556809,264.680805663427
5.06,0.00042560057393487,8.2911893339771e-05,0.999526748218288,-0.000282296613941481,-0.00270710334397736,1.83678316055529e-05,0.0138069552887215,-0.000212473971433844,-0.00146224600387152,0.00143890503841568,-0.115608745349509,0.0107934185328469,0.000167554353217518,-0.0449338156307734,250.998569784991,264.781492210187
5.07,0.000574707603446175,8.06991124453556e-05,0.999541611002567,-0.000267916794317326,-0.00394972544861496,0.000124840394096592,0.0162710342541886,-0.000233131891360202,-0.00162706773201811,0.00151348284720724,-0.134846991873115,0.0103660144009882,0.000167554353217518,-0.0449338156307734,250.951690668276,264.873392008731
5.08,0.000746101151129253,7.8295382079845e-05,0.9995580195357,-0.000253006973335109,-0.00535830111747343,0.000226233566961032,0.0182086631936797,-0.000254522538300675,-0.00183494705273587,0.00156629653866973,-0.148210817100552,0.00975604488757251,0.000125295849805086,-0.031187794278445,250.905799956267,264.955544192568
5.09,0.000937546746876633,7.57060272173141e-05,0.999576202336782,-0.000237677287973564,-0.00690055256496993,0.000320782725270872,0.0202906447720081,-0.000274503570250676,-0.00205784201197836,0.00161894554061982,-0.161582116057852,0.00898045289856092,0.000125295849805086,-0.031187794278445,250.861934603255,265.026935117466
5.1,0.0011481373934266,7.2936549608819e-05,0.999596282660794,-0.000222022046991311,-0.00855489002787656,0.000406908597669496,0.0219921255297748,-0.0002954225344852,-0.00230684132993341,0.00164623608310963,-0.17014621475152,0.0080587729880195,7.40466504991539e-05,-0.0199638409312071,250.821227685321,265.086953195074
5.11,0.00137653905607012,6.9989984884887e-05,0.999618374250414,-0.00020614518887,-0.0102948872363369,0.000483236955285371,0.0238594146645725,-0.000314727969824898,-0.00256541023527854,0.00167420622295187,-0.178713606656724,0.00701267857105651,7.40466504991539e-05,-0.0199638409312071,250.784537257571,265.135026012086
5.12,0.00162265265828101,6.68721832854279e-05,0.999642513814412,-0.000190112929268142,-0.0121044074095772,0.000548621524532885,0.0254994187395914,-0.000334780166160356,-0.00283762366416398,0.00167766495430265,-0.18369090987437,0.00586552462889907,2.30402226685049e-05,-0.0115942199074515,250.75270632382,265.170909731494
5.13,0.00188604678656488,6.35864134230663e-05,0.999668724835651,-0.000174006720423632,-0.0139637085709389,0.000602155179183349,0.0273185912592662,-0.000353061405061107,-0.00311487634277206,0.00168241304850624,-0.188669203436227,0.00464184859842925,2.30402226685049e-05,-0.0115942199074515,250.726332386422,265.194459565586
5.14,0.00216727136461829,6.01405055952926e-05,0.999696977909384,-0.000157858039753446,-0.0158613896594315,0.000643181957378783,0.0290385036459961,-0.000371558748871294,-0.00339788970539423,0.00166723095074418,-0.191112754193528,0.00336688726309964,-1.97560371501488e-05,-0.00569018017210438,250.705926862833,265.205799584484
5.15,0.00246663141563641,5.65400010928285e-05,0.99972722970668,-0.000141716250704538,-0.0177835091418688,0.00067129946969295,0.0309450182987143,-0.000388165025359692,-0.00368253472562067,0.00165367875922702,-0.193556338103894,0.0020660724748767,-1.97560371501488e-05,-0.00569018017210438,250.691780340547,265.205179583521
5.16,0.00278515815039687,5.27956294700343e-05,0.999759399989786,-0.000125579268585554,-0.0197224099348554,0.000686360153516462,0.0328504334447864,-0.000404238779213309,-0.00396833098183703,0.00162711836527362,-0.19429842218538,0.000764558834923237,-4.9150982582258e-05,-0.00172813413235971,250.684065379023,265.193072742277
5.17,0.00312370961267938,4.89163980970812e-05,0.999793395818116,-0.000109462563093504,-0.0216687328230427,0.00068846493016291,0.0349457540646442,-0.000418326777839129,-0.0042534680005379,0.00160227940143546,-0.195040383031859,-0.000513248286679151,-4.9150982582258e-05,-0.00172813413235971,250.682759766702,265.170079943574
5.18,0.00348365561864191,4.49160798255685e-05,0.999829097798422,-9.33384226575627e-05,-0.0236176365976301,0.000677954596290919,0.0371115678594431,-0.000431070250485977,-0.00453731989511177,0.00157200728798264,-0.194706810642893,-0.00174411963675512,-6.33851404034785e-05,0.000777101286653885,250.687719134198,265.136984108244
5.19,0.00386624853106062,4.08074090833225e-05,0.999866376059294,-7.71942412188881e-05,-0.0255632059153838,0.000655395399186041,0.0394678496787783,-0.00044175111591566,-0.00481924816062862,0.00154334537643738,-0.194373330823768,-0.00290640875100683,-6.33851404034785e-05,0.000777101286653885,250.698635529019,265.09468036201
5.2,0.00427308514543627,3.66066753314462e-05,0.999905081714823,-6.0989503449512e-05,-0.027502642156696,0.000621562047205181,0.0419447904560752,-0.000450366419068771,-0.00509891598077341,0.00151587577101448,-0.193417954284386,-0.00398040435481724,-6.39936872486936e-05,0.00222716256446702,250.715092785162,265.044202712435
5.21,0.00470568663049304,3.23297768112336e-05,0.999945058046562,-4.4695447115615e-05,-0.0294325263863684,0.000577416498990022,0.0446110562563765,-0.000456860080689659,-0.00537631075692785,0.00148975742377397,-0.192462973723412,-0.00494864565384862,-6.39936872486936e-05,0.00222716256446702,250.736548099837,264.986669839341
5.22,0.00516579341912291,2.79945304013138e-05,0.999986135200135,-2.82739484568231e-05,-0.0313514916801775,0.000524084514438339,0.0474316920037575,-0.000460783654262703,-0.00565151094302116,0.00146929249964011,-0.191203852312946,-0.00579617833748376,-5.50474128528775e-05,0.00293785118196035,250.762375657544,264.923292698526
5.23,0.00565510087077915,2.36188475054295e-05,1.00002813821495,-1.16955164262486e-05,-0.0332578678595467,0.000462829452836074,0.0504395517169158,-0.000462552170567145,-0.00592489409134843,0.00144982631582981,-0.189945361888139,-0.00651076102248209,-5.50474128528775e-05,0.00293785118196035,250.791864232783,264.855331740915
5.24,0.00617543292821496,1.92208741121337e-05,1.00007088399022,5.06080597167646e-06,-0.035151251958403,0.000395024578022252,0.0536232472773355,-0.000461540179715307,-0.00619694569928769,0.00143766668498465,-0.1885966189279,-0.00708301129288983,-4.20159802821903e-05,0.00315021405007711,250.824251154829,264.784090768817
5.25,0.00672859016299765,1.48190963386932e-05,1.00011418693133,2.20094535757632e-05,-0.0370311507352722,0.000322123982175906,0.0569916303612899,-0.000458378989761562,-0.00646833901698768,0.00142610795246803,-0.187248614400588,-0.00750649504077487,-4.20159802821903e-05,0.00315021405007711,250.858731326088,264.710884080004
5.26,0.00731643803219865,1.0430827530356e-05,1.00015785765998,3.9142471250193e-05,-0.0388977754173765,0.000245632992938617,0.0605484361455177,-0.000452542935488133,-0.00673991011076669,0.00142067632425863,-0.185946672581556,-0.0077777578845517,-3.05233956512713e-05,0.00304425559903638,250.89448229897,264.637020649691
5.27,0.0079408335174601,6.07370186267047e-06,1.00020170669088,5.64461833880738e-05,-0.0407513825238465,0.000167078467551752,0.0642873082885711,-0.000444618941250256,-0.00701258712359422,0.00141544249595006,-0.184645452267754,-0.00789629839571419,-3.05233956512713e-05,0.00304425559903638,250.930681051148,264.563780650682
5.28,0.00860365535611979,1.76327095937524e-06,1.00024554451943,7.38770010191961e-05,-0.0425925419319407,8.79796194950074e-05,0.0682209249926983,-0.000434411413982807,-0.00728749014815912,0.00141284252041045,-0.183469975175704,-0.00786448903863951,-2.52429633251371e-05,0.00275155743071488,250.966520621781,264.492393576509
5.29,0.0093067835603828,-2.48485036752841e-06,1.00028918363215,9.13852667511935e-05,-0.0444219480566572,9.81986596816441e-06,0.0723341235117748,-0.000422247191019879,-0.0075657746725295,0.00141006319428131,-0.182295113516886,-0.00768744280633964,-2.52429633251371e-05,0.00275155743071488,251.001231451608,264.424023712574
5.3,0.0100520921435051,-6.65744809007883e-06,1.00033243965081,0.000108891128029863,-0.0462403478560578,-6.59797955165159e-05,0.0766441177647319,-0.000408405626667149,-0.00784878259512409,0.00140500630229616,-0.181285440163881,-0.00737283562747613,-2.91167707299144e-05,0.00236583798605562,251.03409013021,264.359745497256
5.31,0.0108414623263836,-1.07416743228896e-05,1.00037513196506,0.000126307659398513,-0.0480486521508627,-0.000138085432004883,0.0811314719462801,-0.000392817737599067,-0.00813786713420995,0.00139944156861644,-0.180276231465462,-0.00693068317437427,-2.91167707299144e-05,0.00236583798605562,251.064442387452,264.300537445856
5.32,0.0116767528519765,-1.4726838604738e-05,1.00041708562601,0.000143524221930475,-0.0498476607685625,-0.000205272443368331,0.0858149024770984,-0.000376279088713129,-0.00843453789811221,0.00138632976335361,-0.179444116628789,-0.00637308341055767,-4.29980049736598e-05,0.00195148342733968,251.091704683326,264.247257678556
5.33,0.0125598328405104,-1.86031276253015e-05,1.00045813089657,0.000160422090048029,-0.0516383494195622,-0.000266445112458715,0.0906737914272311,-0.000358284192245657,-0.00874031091433235,0.0013724455643436,-0.178612310070432,-0.00571392577551366,-4.29980049736598e-05,0.00195148342733968,251.115386392604,264.200645532544
5.34,0.013492310592786,-2.23621435896808e-05,1.00049811715647,0.000176870383720947,-0.053419428493405,-0.000320652794668314,0.095675203464906,-0.000340086465885895,-0.00905647085954185,0.00134639203788563,-0.177493471997494,-0.00496857833241284,-6.5721787409666e-05,0.00262574326187591,251.135079065588,264.161293310213
5.35,0.014475753255886,-2.59968317205111e-05,1.00053690326176,0.000192729493571686,-0.0551893210866781,-0.000367103439061298,0.100850156535516,-0.000320794661668862,-0.00938440990499185,0.00131936139450128,-0.176374923647581,-0.00415355439787945,-6.5721787409666e-05,0.00262574326187591,251.150464448938,264.129642637574
5.36,0.0155112780605316,-2.95005087131748e-05,1.00057437929852,0.000207862043816731,-0.0569425104894404,-0.000405172835773994,0.106060529511062,-0.000301979411166059,-0.00972437781310537,0.00127697533413609,-0.174030024853834,-0.00328616990294002,-9.45364847196265e-05,0.00550572161010104,251.161328207969,264.105991804055
5.37,0.0165998501309978,-3.28681756555419e-05,1.00061045230229,0.000222122531134418,-0.0586722537578635,-0.000434411509663357,0.111441236120054,-0.0002824817382665,-0.010077423105586,0.00123348614084,-0.171685443647176,-0.0023841951496712,-9.45364847196265e-05,0.00550572161010104,251.167514220272,264.090445650426
5.38,0.0177423159685724,-3.60943521264485e-05,1.0006450438851,0.000235382754919516,-0.0603709420710177,-0.00045454781092545,0.116801038254436,-0.000263997381392625,-0.0104423434954164,0.00117338078727133,-0.167649560104388,-0.00146550674799387,-0.000125771898108306,0.00947817675392249,251.169018544961,264.083016994557
5.39,0.0189393042661777,-3.91754796460424e-05,1.00067809648112,0.000247508987913511,-0.0620292738831247,-0.000465487400736469,0.122325201559861,-0.00024525403132807,-0.0108202797225308,0.00111217586511546,-0.163613726618485,-0.00054775271807426,-0.000125771898108306,0.00947817675392249,251.165873125994,264.083511944388
5.4,0.0201915608652638,-4.21068733003296e-05,1.00070955427111,0.000258398058230294,-0.0636393423787627,-0.00046731032230673,0.127813525940099,-0.000227870547536007,-0.0112086492642514,0.00103514301422853,-0.157820697644537,0.0003519743401101,-0.000155569675855664,0.0136045450511186,251.158279841145,264.09168233321
5.41,0.0214995895016459,-4.48858670589208e-05,1.00073938306726,0.000267945073739742,-0.0651914804166879,-0.000460263546981263,0.133456884318739,-0.000210624712069958,-0.0116088457070034,0.000957154010923215,-0.152027074859848,0.00121743576963363,-0.000155569675855664,0.0136045450511186,251.146462586763,264.107086289336
5.42,0.0228641601387756,-4.75082818228576e-05,1.00076754269187,0.00027608482528847,-0.0666789058137015,-0.00044475249909044,0.139081454912317,-0.000194879535974331,-0.0120175838785767,0.000865934279857146,-0.144726981281209,0.0020335289484184,-0.000180535796507715,0.0171396824037595,251.13080549771,264.1292525119
5.43,0.0242858122989358,-4.99718980423455e-05,1.00079401317145,0.000282754342882715,-0.0680933261436465,-0.000421327657821935,0.144848512887791,-0.000179606650406282,-0.0124362271336461,0.000774010677421249,-0.137425408291361,0.00278653045697828,-0.000180535796507715,0.0171396824037595,251.11170643353,264.157549085836
5.44,0.0257654180782093,-5.22728666154257e-05,1.00081876540282,0.000287933918769191,-0.0694300613440316,-0.000390671309527577,0.150635177296409,-0.000165781621864024,-0.0128617611610755,0.000672750066425204,-0.129085624443416,0.00346431475640594,-0.00019822165043406,0.0195722560957928,251.089693092081,264.191330145545
5.45,0.0273036585002835,-5.44090910670416e-05,1.00084178765474,0.0002916092529846,-0.0706833902643807,-0.000353579626830272,0.156549238890413,-0.000152672826274771,-0.0132950116768765,0.000571088305233448,-0.120743481537773,0.00405652813580441,-0.00019822165043406,0.0195722560957928,251.065301439159,264.229835537714
5.46,0.028901540663288,-5.63769839179702e-05,1.00086305917854,0.000293807038198571,-0.0718512384993296,-0.000310945704534093,0.162531703051681,-0.000140797510630218,-0.0137340756773342,0.000464623884673451,-0.111943288880766,0.00455473136918209,-0.000207378834910075,0.0206405857120285,251.039153749411,264.272301002907
5.47,0.0305599375856213,-5.8174388186882e-05,1.00088257300249,0.000294561173951184,-0.0729310728821573,-0.000263738814782546,0.168624939992217,-0.00012977176824387,-0.0141788518658804,0.000358047000998186,-0.103140106860439,0.00495249627662177,-0.000207378834910075,0.0206405857120285,251.011876416984,264.317901492873
5.48,0.0322799852432801,-5.97980127501394e-05,1.00090031526872,0.000293939223182622,-0.0739234840501316,-0.000212985029663335,0.174835809562408,-0.000119646373311197,-0.0146289573315697,0.000251180306424985,-0.0944719259175605,0.00524546642580164,-0.00020797771074397,0.0203167189554361,250.984132001491,264.365814350306
5.49,0.0340627497332725,-6.12456094341697e-05,1.00091628197031,0.000292016253357663,-0.0748291996305471,-0.000159745457772693,0.18114043115077,-0.000110383905822364,-0.0150833255447579,0.000144425303098478,-0.0858005244282298,0.00543137401862321,-0.00020797771074397,0.0203167189554361,250.956583940398,264.415211793304
5.5,0.0359094603764604,-6.25143143853692e-05,1.0009304656614,0.000288890208508613,-0.0756511684994218,-0.000105095929855804,0.187604373997561,-0.000101615372498893,-0.0155430099639576,4.1320641951797e-05,-0.077788493160151,0.00551001933342569,-0.000201021590930809,0.0187645600218877,250.929880163437,264.465272383039
5.51,0.0378213386366999,-6.36019102326807e-05,1.00094286479751,0.000284665575490246,-0.0763930032897246,-5.01059611015875e-05,0.194145739681303,-9.36055065860744e-05,-0.0160063108646869,-6.15372894132144e-05,-0.069773428329677,0.00548321134539475,-0.000201021590930809,0.0187645600218877,250.904667166585,264.515223032742
5.52,0.0397996535289962,-6.45061701050654e-05,1.00095347885649,0.00027945746379134,-0.0770594462800084,4.18096308627724e-06,0.20087518809536,-8.56521873341206e-05,-0.0164752831377039,-0.000157740577213573,-0.0628160498181726,0.00535467264606888,-0.000188219740023473,0.0162820303582071,250.88152694214,264.564298629854
5.53,0.041845718692496,-6.52251593565311e-05,1.0009623095205,0.000273385760336437,-0.0776563032931252,5.67661586397967e-05,0.207667324784347,-7.82503297778435e-05,-0.0169481338337977,-0.00025364848454662,-0.0558561468258345,0.00512991239055597,-0.000188219740023473,0.0162820303582071,250.861038466628,264.611829621361
5.54,0.0439607823629297,-6.57575441385222e-05,1.00096936470089,0.000266569185877308,-0.0781894066450766,0.000106713394209779,0.214660748005152,-7.04727737542209e-05,-0.017427361633568,-0.00034097993503638,-0.0501955259743207,0.00481606848006944,-0.000171598401932483,0.0132376857654024,250.843673818156,264.657154284777
5.55,0.0461461755509472,-6.61020065037308e-05,1.00097465134752,0.000259129168486049,-0.0786658940963885,0.000153164164283491,0.221704353670746,-6.29629581618778e-05,-0.0179115966579165,-0.000428031113025397,-0.0445330513668763,0.0044217257931238,-0.000171598401932483,0.0132376857654024,250.829900587939,264.699743622567
5.56,0.0484030683283691,-6.62583626131487e-05,1.00097818807234,0.000251176162413385,-0.0790919603022544,0.000195352022894056,0.228946813335454,-5.46797068621384e-05,-0.0184032998978985,-0.000505613774198324,-0.0402495288534834,0.00395671121287801,-0.00015312847267331,0.010010813378683,250.820047393357,264.739075718141
5.57,0.0507327352595263,-6.62262610351413e-05,1.00097999014018,0.000242821373604564,-0.0794751843126078,0.000232613495247514,0.236229509760147,-4.63402184295152e-05,-0.0189018322093601,-0.000582964330302128,-0.0359648205424532,0.00343187336807999,-0.00015312847267331,0.010010813378683,250.814436233064,264.774785490956
5.58,0.0531362215330927,-6.60068763177528e-05,1.00098008933289,0.000234158106522166,-0.0798214670918102,0.000264398155990312,0.24369498799526,-3.68877047899459e-05,-0.0194093138391066,-0.000650782882612173,-0.0329929446604029,0.0028588484841816,-0.000134433270991249,0.00694172299308612,250.81323140852,264.806515027934
5.59,0.0556146824511065,-6.56011189781514e-05,1.00097851263388,0.000225278862591832,-0.0801380265324507,0.00029027470699948,0.251193356030501,-2.70574105443878e-05,-0.0199258635154395,-0.000718423130118183,-0.0300204274573266,0.00224981982005007,-0.000134433270991249,0.00694172299308612,250.816587350235,264.83407264529
5.6,0.0581690070217264,-6.50116399753835e-05,1.00097530692923,0.000216254445908144,-0.0804299549907704,0.000309936249609493,0.258848225093159,-1.58521226404303e-05,-0.0204531370336513,-0.000777015018852959,-0.0281803485274122,0.00161727327118136,-0.000116614911628294,0.00429632527525822,250.824497061705,264.857275801726
5.61,0.0608001861610289,-6.4240795400775e-05,1.00097051379708,0.000207153864257332,-0.0807034798528861,0.000323201437034431,0.266531024842055,-3.99448216054108e-06,-0.0209918009299006,-0.000835471115336061,-0.0263399945964013,0.000973755223463515,-0.000116614911628294,0.00429632527525822,250.836939507951,264.876102942118
5.62,0.0635089387060635,-6.329271704865e-05,1.00096419594551,0.000198023478300807,-0.080962550270512,0.00033001480318641,0.27433800381973,9.40601329370994e-06,-0.0215430404090197,-0.000885616617845677,-0.0253775553050444,0.000331636377404223,-0.000100209239828991,0.00224655576147006,250.853743228921,264.890545637027
5.63,0.0662960669260865,-6.21712473102843e-05,1.00095641105886,0.000188907493434957,-0.0812119946223384,0.000330443246620573,0.282169947128566,2.36452542191915e-05,-0.0221077365888878,-0.000935652887096554,-0.0244150367347375,-0.000297114145765009,-0.000100209239828991,0.00224655576147006,250.874718562335,264.900738395134
5.64,0.0691621221241091,-6.08818904140326e-05,1.00094723676109,0.000179828730539464,-0.0814544742017823,0.000324671676745776,0.290091951385509,3.94873689390211e-05,-0.022686641811195,-0.000978121650083925,-0.024043983305882,-0.000901140035228949,-8.52532825451332e-05,0.000866011941915163,250.899548944308,264.906833891461
5.65,0.0721077144485879,-5.94298740260984e-05,1.00093674646552,0.000170808154091418,-0.0816932422291262,0.000312995386721885,0.298037442534493,5.62335642756706e-05,-0.0232805207968704,-0.00102049646449518,-0.0236729236284541,-0.00146989177606982,-8.52532825451332e-05,0.000866011941915163,250.927896818323,264.909100075422
5.66,0.0751332442456662,-5.78218769866409e-05,1.00092503015875,0.000161848043920678,-0.0819297015676548,0.000295811627416862,0.306040852154952,7.45246659754951e-05,-0.02388972595714,-0.0010558825211708,-0.0236135800693734,-0.00199379904319586,-7.14305241800178e-05,0.00013851821898902,250.95933006153,264.907827446527
5.67,0.0782391441441951,-5.60642997115874e-05,1.00091217464617,0.000152949773036317,-0.0821655668518418,0.000273608668321354,0.314067222573834,9.36436346126522e-05,-0.0245146675026002,-0.00109118732619021,-0.0235542408207349,-0.00246442036050499,-7.14305241800178e-05,0.00013851821898902,250.993395517808,264.903388406009
5.68,0.0814256900631289,-5.41647469168831e-05,1.00089827841221,0.000144099423236038,-0.0824011513013187,0.000246954186191112,0.322124255570967,0.000114126671252872,-0.0251553143917233,-0.00111983924298844,-0.0235644617789463,-0.002874566419981,-5.82506459339432e-05,-2.38255975663215e-05,251.029582169229,264.896179741908
5.69,0.0846931652720941,-5.21305165543377e-05,1.0008834377182,0.000135283727660626,-0.0826368376684469,0.000216481987536825,0.330204169200748,0.000135214242999426,-0.0258116137779403,-0.00114842747183313,-0.0235746843101525,-0.00321839698266452,-5.82506459339432e-05,-2.38255975663215e-05,251.067361621276,264.886645007182
5.7,0.0880417531820899,-4.99698822768126e-05,1.00086775493814,0.000126477615021676,-0.0828721117504743,0.000182878287275088,0.338294211891477,0.000157364532881682,-0.0264831668127616,-0.00117046035855019,-0.0234706042650314,-0.00349148905773211,-4.52218264305189e-05,0.000243004292508959,251.106184334779,264.875249978763
5.71,0.0914716239847128,-4.76907549220205e-05,1.00085133090141,0.000117658737351632,-0.0831063450832267,0.000146867167803434,0.346407078256596,0.000179758971292689,-0.0271694677006432,-0.00119245493670546,-0.0233665356062321,-0.00369087699928792,-4.52218264305189e-05,0.000243004292508959,251.145490983824,264.862473737997
5.72,0.0949829014520385,-4.53018481204697e-05,1.00083426715397,0.000108796112519315,-0.0833385025730992,0.00010919591607606,0.35451698784062,0.000202805568356168,-0.0278697880011362,-0.00120781914214682,-0.0230324069844783,-0.00381506384510014,-3.1983266862912e-05,0.000780187658585009,251.18473420443,264.848810841595
5.73,0.0985756816141529,-4.28114359282956e-05,1.00081666399018,9.986390536728e-05,-0.0835673191774034,7.06203197641612e-05,0.362649379189375,0.000225623467823806,-0.0285832599447799,-0.00122317607321076,-0.0226983144205912,-0.00386400499320856,-3.1983266862912e-05,0.000780187658585009,251.223367832961,264.834739988016
5.74,0.102250058586599,-4.02284931434392e-05,1.00079861786199,9.08302752944237e-05,-0.0837915436881646,3.18902292778961e-05,0.370772887877064,0.000248594868275138,-0.0293089000416224,-0.0012317535311823,-0.022086115170716,-0.00383906523502822,-1.83798593867352e-05,0.00142974668446616,251.260884622937,264.820744425355
5.75,0.10600609088398,-3.75614690910374e-05,1.00078022387029,8.1671076072096e-05,-0.0840096468909899,-6.26425811309682e-06,0.37891807048051,0.000270788750102465,-0.030045607437637,-0.00124035476939177,-0.0214739787620114,-0.00374295053612675,-1.83798593867352e-05,0.00142974668446616,251.296791733768,264.807268381541
5.76,0.109843867284856,-3.48194765752907e-05,1.00076156995198,7.23581658295833e-05,-0.084220427466587,-4.31459350805646e-05,0.387054529073637,0.000292579964283567,-0.030792251170772,-0.00124205649233077,-0.0205947979904692,-0.00357961710822124,-4.47603864996132e-06,0.00205364947320045,251.330654662915,264.794746803767
5.77,0.113763439448055,-3.20110202252666e-05,1.0007427422679,6.28734978133064e-05,-0.0844224170556591,-7.81024804257319e-05,0.395211329095058,0.00031301349156301,-0.0315476307963813,-0.00124380669030284,-0.0197156928016514,-0.0033541593787799,-4.47603864996132e-06,0.00205364947320045,251.362067176242,264.783559313904
5.78,0.117764907881309,-2.91452743367865e-05,1.00072381786795,5.31964423398847e-05,-0.0846146661886925,-0.000110537384584649,0.403364061140086,0.000332469066589835,-0.0323105906476447,-0.0012386514071012,-0.0186255025893573,-0.00307268057932695,9.4814493673141e-06,0.00254693634481986,251.39069289016,264.774061324618
5.79,0.12184833974535,-2.62307356396643e-05,1.00070487138556,4.33184466489036e-05,-0.0847960141830763,-0.000139919372944547,0.411535322434292,0.000350003857888093,-0.0330799494278436,-0.00123355835126655,-0.01753537670034,-0.00274214773983167,9.4814493673141e-06,0.00254693634481986,251.41623655132,264.766543629297
5.8,0.126013856635704,-2.32765919963679e-05,1.00068596770024,3.32292666220531e-05,-0.0849658885086639,-0.000165790434529244,0.419709852603064,0.000366009604735491,-0.0338546408962262,-0.00122172042040997,-0.0163179516569163,-0.00237023553586317,2.31339807638171e-05,0.00284447146779155,251.438476756978,264.761258747868
5.81,0.130261554348156,-2.02913038175641e-05,1.00066716854466,2.29320702209166e-05,-0.0851235891046271,-0.000187772142812669,0.427900740976697,0.000379596271563834,-0.034633598439766,-0.00120994618697999,-0.0151005563403488,-0.00196516092944036,2.31339807638171e-05,0.00284447146779155,251.457243588484,264.758391907355
5.82,0.134591577833293,-1.72840327044066e-05,1.00064852634327,1.24288002259726e-05,-0.0852689682605963,-0.000205570364305472,0.436103148222864,0.000391171409207283,-0.0354159306779977,-0.00119176889146599,-0.0138503154799749,-0.00153551329728922,3.60939134859466e-05,0.00292123075283363,251.472438394325,264.758078656259
5.83,0.139004055865309,-1.42631843092548e-05,1.00063008967134,1.73535590553284e-06,-0.0854018451628626,-0.000218978198138679,0.444319548551616,0.000399936807620473,-0.0362007553797064,-0.00117364641857141,-0.012600056511802,-0.00109008208582579,3.60939134859466e-05,0.00292123075283363,251.484020683694,264.760390413008
5.84,0.143499153272555,-1.12378450683931e-05,1.00061189904485,-9.13345462323401e-06,-0.085522476855022,-0.000227877218380244,0.452555118522237,0.000406318057272383,-0.0369874021333864,-0.00114962344877115,-0.0114069610713728,-0.000637686494570096,4.80208870244087e-05,0.00278757234450591,251.492013309063,264.765341549709
5.85,0.148077028769804,-8.2163365475105e-06,1.00059399055385,-2.0149152575329e-05,-0.0856311773494939,-0.000232237012697165,0.460802299871553,0.000409640880795506,-0.0377752156380116,-0.00112564019730506,-0.0102138009847504,-0.000187009226997542,4.80208870244087e-05,0.00278757234450591,251.496499555181,264.772890251201
5.86,0.152737859633212,-5.20760174785975e-06,1.00057639397349,-3.12844700206138e-05,-0.0857285364854945,-0.000232113081698525,0.469074585595954,0.000410350700370961,-0.0385637532065154,-0.00109637302264851,-0.00915181853265664,0.000253561735782772,5.8677636573585e-05,0.00248092073686965,251.497614188042,264.782935159868
5.87,0.157481826148071,-2.21982512271446e-06,1.00055913427147,-4.24995204345873e-05,-0.0858152752137255,-0.000227643204766494,0.477356247801599,0.000407918432218479,-0.0393526007082207,-0.00106712891330361,-0.00808973916736791,0.000676081440082719,5.8677636573585e-05,0.00248092073686965,251.495550028249,264.79533023331
5.88,0.162309108578224,7.38283822982122e-07,1.00054223204577,-5.37559431898859e-05,-0.0858922117944633,-0.00021904236124145,0.485666574661301,0.000402810983518765,-0.0401415184470333,-0.00103327064930664,-0.00720963629385056,0.0010731831816385,6.79579904132643e-05,0.00205561665247127,251.490537016751,264.809872511243
5.89,0.167219897382401,3.65875808099513e-06,1.0005257029396,-6.50044308191765e-05,-0.0859603465468019,-0.000206596370218057,0.493984319407044,0.000394652790003863,-0.0409303194510136,-0.000999421036181289,-0.0063294254920305,0.00143819904974002,6.79579904132643e-05,0.00205561665247127,251.48285635282,264.826328127122
5.9,0.172214366106838,6.53322922464855e-06,1.00050956011442,-7.61976738197276e-05,-0.0860206091323678,-0.000190654395556884,0.50233170722296,0.000383933232537553,-0.0417189222902713,-0.00096161835267387,-0.00565595595048353,0.00176526356435561,7.58862457942549e-05,0.00157258279372892,251.472810875614,264.844413731907
5.91,0.177292703180658,9.35405105292341e-06,1.00049381187198,-8.72795111528359e-05,-0.0860741361577416,-0.000171620481172254,0.510684914690763,0.000370425478285315,-0.0425073278960241,-0.000923814196459552,-0.00498238822330351,0.00204939927267395,7.58862457942549e-05,0.00157258279372892,251.460744124147,264.863829870942
5.92,0.182455066932136,1.21133127885808e-05,1.0004784656595,-9.81963865429809e-05,-0.0861218565396059,-0.000149944343263544,0.519066342429248,0.00035464059568999,-0.0432955597564582,-0.000882657926686336,-0.00451537652619116,0.00228658305220749,8.25924117653311e-05,0.00109016134937224,251.447005916902,264.884239059312
5.93,0.187701632625819,1.4803805987832e-05,1.0004635243823,-0.000108888201159777,-0.086164906017145,-0.00012611154246878,0.527452387159152,0.000336484104938873,-0.0440837490088586,-0.000841494585778444,-0.00404829062922411,0.00247379257165886,8.25924117653311e-05,0.00109016134937224,251.431973451035,264.905302384963
5.94,0.193032537076149,1.74181930168607e-05,1.00044899132057,-0.000119298188591825,-0.0862041189936194,-0.000100633346340191,0.53586329717872,0.000316484870179309,-0.0448719711434228,-0.000797487251990556,-0.00376671872462414,0.00260903260011178,8.82712430647748e-05,0.000657063895123587,251.416016001372,264.926657207167
5.95,0.198447933676012,1.99498221701072e-05,1.00043486571094,-0.000129365369282721,-0.0862405156491883,-7.40363384583913e-05,0.544278007039286,0.000294655616956136,-0.0456604212339754,-0.000753470710091876,-0.00348510159191436,0.00269134126843913,8.82712430647748e-05,0.000657063895123587,251.399515369026,264.947953038943
5.96,0.203947934145747,2.23920340479701e-05,1.00042114793243,-0.000139032929047394,-0.0862747690438302,-4.68521511999903e-05,0.552712935448513,0.000271534847362752,-0.0464491804529149,-0.00070701560724002,-0.00335309906095998,0.00272077682653518,9.31344353908074e-05,0.000307926424762709,251.382833188995,264.968831411371
5.97,0.209532664501087,2.47388435949515e-05,1.00040783494206,-0.000148242033694001,-0.0863077020592621,-1.96073081921545e-05,0.561151185420707,0.000247212179799248,-0.0472384438898911,-0.000660551053597766,-0.00322107681668087,0.00269838565485444,9.31344353908074e-05,0.000307926424762709,251.366328571896,264.988957720074
5.98,0.215202210583848,2.69843571959059e-05,1.00039492514891,-0.00015693892473503,-0.086339790248818,7.18641448542648e-06,0.569604417041419,0.000222222677950234,-0.048028262503446,-0.000611963420309691,-0.00319473941042436,0.00262615279526556,9.73650330068217e-05,6.14060582871157e-05,251.350330726311,265.00800508378
5.99,0.220956668965046,2.91233483479963e-05,1.00038241422103,-0.00016506976876109,-0.0863716149768206,3.30411787533357e-05,0.57806075931658,0.000196701223681868,-0.0488187795654868,-0.00056336664289637,-0.00316839924655324,0.00250693635113646,9.73650330068217e-05,6.14060582871157e-05,251.335152387887,265.025679770475
6,0.226796101270081,3.11507548848175e-05,1.00037029919899,-0.000172586746939838,-0.0864034474874721,5.75014300661081e-05,0.58652690605524,0.000171161525484635,-0.0496099921220539,-0.000512903491751977,-0.00320231620553901,0.0023443875825638,0.000101081440364671,-7.90939278137396e-05,251.321069467276,265.041710011924
6.01,0.232720575680002,3.30621767899747e-05,1.00035857506165,-0.000179443594465746,-0.0864356193302063,8.01515008027189e-05,0.594996136197532,0.000145754378831428,-0.0504019580246386,-0.000462431348421096,-0.00323623785369789,0.00214285852014913,0.000101081440364671,-7.90939278137396e-05,251.308329688805,265.055863693386
6.02,0.238730133171168,3.48534255087808e-05,1.00034723779442,-0.000185600955037812,-0.0864682157820383,0.000100622132450457,0.603470591518696,0.000120950268685836,-0.0511946096889944,-0.000410333401331688,-0.00328908064101756,0.00190729930658052,0.000104315929149126,-0.000123191349846878,251.297139945516,265.06794223533
6.03,0.244824817125605,3.65209686295098e-05,1.00033628194685,-0.000191022307882785,-0.0865013410341692,0.000118596025425582,0.611948202458705,9.68917805986179e-05,-0.0519879066588885,-0.000358226444151687,-0.00334192848317329,0.00164314740459482,0.000104315929149126,-0.000123191349846878,251.287670337013,265.077790274808
6.04,0.251004652620959,3.80615105704738e-05,1.00032570254822,-0.000195678794512279,-0.0865349309852424,0.000133812171754021,0.620427428301401,7.39819905106753e-05,-0.0527817183854778,-0.000304763852662154,-0.00338050513268318,0.00135621107963453,0.00010700968170757,-8.99189054050938e-05,251.280048965412,265.085293991867
6.05,0.257269663521897,3.94724008295712e-05,1.00031549372719,-0.000199545322554397,-0.0865689072310061,0.000146069064274341,0.628909906462035,5.23384089766129e-05,-0.053575912332701,-0.000251292492926684,-0.00341908417037385,0.00105254943043915,0.00010700968170757,-8.99189054050938e-05,251.274362175014,265.090383412808
6.06,0.263619864208384,4.07512358034715e-05,1.00030564952621,-0.000202604968450425,-0.0866031033281483,0.000155226653767954,0.637391548657431,3.22723884494527e-05,-0.0543703072930425,-0.00019680585340343,-0.00342065930180904,0.000738351394211507,0.000109023646394611,-3.67320196476024e-06,251.270655774505,265.093034043071
6.07,0.270055265106763,4.18962367712372e-05,1.00029616351083,-0.000204845170851264,-0.0866373157988464,0.000161207120835271,0.645876505358144,1.38677565757118e-05,-0.0551646996793077,-0.000142311454966777,-0.00342223490863815,0.000419815949327863,0.000109023646394611,-3.67320196476024e-06,251.268932669803,265.093263090124
6.08,0.276575874901965,4.29058743823969e-05,1.00028702865679,-0.000206261692601389,-0.0866713257777783,0.000163994454316623,0.654359355811301,-2.67784064473996e-06,-0.0559588777541076,-8.724098545398e-05,-0.00337516830889717,0.000103035793156199,0.0001101621569873,0.000109694645679234,251.269159002331,265.091133002266
6.09,0.283181696637883,4.37792113373088e-05,1.00027823776983,-0.000206854950921197,-0.086704865742165,0.00016363287533124,0.662845509089062,-1.73146207330718e-05,-0.0567525970342482,-3.21648030230914e-05,-0.00332810322655496,-0.000206113504771699,0.0001101621569873,0.000109694645679234,251.271260516245,265.086743307878
6.1,0.289872737577451,4.45155623438951e-05,1.00026978269816,-0.000206633408101361,-0.0867377104948947,0.000160224206535792,0.671329341910189,-2.99758885861397e-05,-0.0575456394323829,2.29369471083411e-05,-0.00323099668351297,-0.000502076891525337,0.000110204651329928,0.000226336562725903,251.275131867427,265.080234640217
6.11,0.29664899871814,4.51147863250432e-05,1.00026165531816,-0.000205610210227498,-0.0867695847989762,0.000153924206130195,0.67981637299446,-4.06389034612009e-05,-0.0583377528204387,7.80414502132471e-05,-0.00313389584364614,-0.000779714129105144,0.000110204651329928,0.000226336562725903,251.280632998574,265.071778025973
6.12,0.303510489089065,4.55770037719196e-05,1.00025384635662,-0.000203805787855974,-0.0868002943228613,0.000144938048433592,0.688301695622331,-4.93783944003969e-05,-0.0591287368961431,0.000132514905604921,-0.00299361536237829,-0.00103438343195394,0.000108940068808493,0.000327009490908585,251.287599880916,265.061578166418
6.13,0.310457211764866,4.59028156871717e-05,1.00024634667556,-0.000201245071593478,-0.0868296015661474,0.000133514964491275,0.696790018551505,-5.61858180701472e-05,-0.0599183628908158,0.000186987716174855,-0.00285334650815302,-0.00126201328544662,0.000108940068808493,0.000327009490908585,251.295841929388,265.049861914393
6.14,0.317489179502577,4.60931060160065e-05,1.00023914597644,-0.000197959034753218,-0.0868573685134712,0.000119942273990033,0.705277787772437,-6.12796411348794e-05,-0.0607064687884389,0.000240088113522733,-0.00268241105334896,-0.00145916137179622,0.000106198642270745,0.000398540129422659,251.305152641172,265.03687992199
6.15,0.324606400131854,4.61491604233598e-05,1.00023223413462,-0.000193982809802291,-0.0868834264920805,0.000104538829845183,0.713768280164975,-6.46487399163058e-05,-0.0614928740461853,0.000293184680462966,-0.0025114927968202,-0.00162305997950095,0.000106198642270745,0.000398540129422659,251.315308733094,265.022895779825
6.16,0.331808890906277,4.60725831321591e-05,1.00022560001413,-0.00018935590020041,-0.0869077066536566,8.76481224763937e-05,0.72225962430463,-6.66489097245329e-05,-0.0622774691811487,0.000344116527378042,-0.00232527416553446,-0.00175164736817949,0.000101876727980007,0.000434263632406335,251.32607946795,265.008185551867
6.17,0.339096665629036,4.58652885060265e-05,1.00021923264722,-0.000184121530441829,-0.0869301248486783,6.96310833784186e-05,0.730753359507294,-6.72477678113548e-05,-0.0630601382233788,0.000395042167456469,-0.00213907613175218,-0.00184358501090206,0.000101876727980007,0.000434263632406335,251.337227808038,264.993028683729
6.18,0.346469745792494,4.55295590555739e-05,1.00021312032581,-0.000178325292140721,-0.0869506824799169,5.08588211997042e-05,0.739249338547031,-6.69236409254029e-05,-0.0638408308554093,0.000443000938616557,-0.00195318445044966,-0.00189826074240022,9.59518230083407e-05,0.000433597926279189,251.348517607944,264.977705358197
6.19,0.353928151093319,4.50678865481335e-05,1.00020725148249,-0.000172016023200019,-0.0869693812426056,3.17053523347864e-05,0.747747350612468,-6.56042467355648e-05,-0.0646195025599653,0.000490952296196566,-0.00176731369392173,-0.00191577824725375,9.59518230083407e-05,0.000433597926279189,251.359716710111,264.962489872019
6.2,0.361471906237817,4.44831916635591e-05,1.00020161415424,-0.000165242725676764,-0.0869862842476902,1.25405234021629e-05,0.756248776403364,-6.38684430892645e-05,-0.0653961611754838,0.000535167588838751,-0.00159545874616322,-0.00189693344649103,8.84867074015394e-05,0.000400945567815265,251.370601576819,264.947646107168
6.21,0.369101035725726,4.37784983311514e-05,1.00019619648779,-0.000158057194072348,-0.0870014685976009,-6.27679271677405e-06,0.764751880418689,-6.15871343945274e-05,-0.066170831412016,0.000579375473368361,-0.00142362217271431,-0.00184317865640145,8.84867074015394e-05,0.000400945567815265,251.380961950237,264.933423679789
6.22,0.376815565989385,4.29573265431239e-05,1.00019098660302,-0.000150509137293652,-0.0870150438895761,-2.44050789280805e-05,0.773259207888722,-5.9412390125099e-05,-0.0669435717196086,0.000619150423570355,-0.00127612994767893,-0.00175657554558751,7.96233942563192e-05,0.000344176382977666,251.390602852281,264.920052092784
6.23,0.384615524588863,4.20231927648202e-05,1.00018597270873,-0.000142650674490266,-0.0870271440366547,-4.15260413034114e-05,0.78176788741391,-5.71444627616699e-05,-0.0677144661420111,0.000658918938869803,-0.00112865170049468,-0.00163973810354591,7.96233942563192e-05,0.000344176382977666,251.399350222189,264.907739616214
6.24,0.392500938033616,4.09801770827737e-05,1.00018114333449,-0.000134529696390924,-0.087037906452521,-5.73498672282953e-05,0.790281176657443,-5.54783457177499e-05,-0.0684836115306169,0.000693661985034394,-0.00101169891498148,-0.00149576701990138,6.95689843814717e-05,0.000272959154598198,251.407050499833,264.896666844176
6.25,0.400471834918699,3.98322525609866e-05,1.00017648709607,-0.000126196234175233,-0.0870474990503153,-7.16197826348724e-05,0.798795539356299,-5.4133853858806e-05,-0.0692511358962712,0.000728400119101158,-0.000894755233520812,-0.00132817691058653,6.95689843814717e-05,0.000272959154598198,251.413576551791,264.886987999199
6.26,0.408528240282547,3.85840176236309e-05,1.00017199322102,-0.000117694193021431,-0.08705606798769,-8.4115865610682e-05,0.807314479399235,-5.38181903111887e-05,-0.0700171598178851,0.000757646841174524,-0.000810280491320666,-0.00114081804332356,5.85764016415118e-05,0.00019718384179269,251.418825254952,264.878824655928
6.27,0.416670181779115,3.72398668456449e-05,1.00016765104096,-0.00010906948964794,-0.0870637918724757,-9.46580387052824e-05,0.815834272975654,-5.41656210355759e-05,-0.0707818370203851,0.000786890275236353,-0.000725810695378719,-0.000937794100136543,5.85764016415118e-05,0.00019718384179269,251.422723025425,264.87226898479
6.28,0.424897681723364,3.58048704946233e-05,1.00016345071073,-0.000100360371995383,-0.0870708086295037,-0.000103108242688098,0.824358251673142,-5.58668695849706e-05,-0.0715452968184744,0.000810314694235008,-0.000671980694092992,-0.000723377746564327,4.69232498450288e-05,0.000125662608192704,251.425221931755,264.867378337555
6.29,0.433210765159195,3.4283807357336e-05,1.0001593825258,-9.16071263449081e-05,-0.0870772868132168,-0.000109371739150444,0.832882925822597,-5.84705177455573e-05,-0.0723077001044735,0.000833737194654102,-0.000618152874875858,-0.00050192552964244,4.69232498450288e-05,0.000125662608192704,251.42630423503,264.86417985702
6.3,0.441609450888521,3.2682166579233e-05,1.00015543772219,-8.28412544490418e-05,-0.0870833434323439,-0.000113397581513031,0.841411138806902,-6.2626257162519e-05,-0.0730691718106734,0.000851153314694461,-0.000590316871839994,-0.000277793851012913,3.48917271143204e-05,6.49841484568171e-05,251.425977595178,264.862666470516
6.31,0.450093760211497,3.10050690054048e-05,1.00015160772565,-7.4096479667297e-05,-0.0870891214839883,-0.000115178234284448,0.849939947147497,-6.78018494981483e-05,-0.0738298639092165,0.000868568436025936,-0.000562481753128396,-5.52574163566898e-05,3.48917271143204e-05,6.49841484568171e-05,251.424278195608,264.862802285944
6.32,0.458663708019672,2.92583623271181e-05,1.00014788493835,-6.53970836600977e-05,-0.0870947085889556,-0.000114748407788478,0.858471491722924,-7.45871223999894e-05,-0.0745898862102341,0.000879923783291902,-0.000554107649495652,0.000161568249005328,2.27518061814919e-05,1.95509398515909e-05,251.421265554034,264.864520313956
6.33,0.467319311207936,2.74474607210111e-05,1.00014426200785,-5.6769896491103e-05,-0.0871002118287181,-0.00011218312296877,0.867003580467699,-8.23786596682207e-05,-0.0753493687884926,0.000891278573707557,-0.000545734209520246,0.000368799026704433,2.27518061814919e-05,1.95509398515909e-05,251.41702400858,264.867728125573
6.34,0.476060580826245,2.55785027835487e-05,1.00014073251407,-4.82321003668032e-05,-0.0871056862248464,-0.000107595092823046,0.875537565988159,-9.16942543331153e-05,-0.0761083994254321,0.000896641980075753,-0.000549577600947521,0.000562847855045456,1.07489406083296e-05,-8.96820764256513e-06,251.411657587972,264.872307419711
6.35,0.48488752928502,2.36571401091002e-05,1.00013729033598,-3.98038706189665e-05,-0.087111199014701,-0.000101131467588766,0.884072080899463,-0.000101873288769212,-0.07686707831177,0.000902004891227858,-0.000553421913843183,0.00074048288772889,1.07489406083296e-05,-8.96820764256513e-06,251.405289834798,264.878119498012
6.36,0.493800164215891,2.16897282407022e-05,1.00013393018265,-3.14959382511128e-05,-0.0871167738575945,-9.29700420151645e-05,0.892607713318881,-0.000113356279374693,-0.0776254680829668,0.000901550827402371,-0.000562514496376217,0.000898877199803098,-9.03396680368347e-07,-2.12172107692469e-05,251.39805907462,264.885006564037
6.37,0.502798493927257,1.96820936029235e-05,1.00013064710673,-2.33225535585738e-05,-0.0871224396568789,-8.33149981051833e-05,0.901143883024798,-0.000125443063401626,-0.0783836359592119,0.00090109610891683,-0.000571608196387535,0.0010356494501537,-9.03396680368347e-07,-2.12172107692469e-05,251.390116749872,264.892796688861
6.38,0.511882523300288,1.76407301014695e-05,1.0001274368519,-1.52890686313929e-05,-0.087128193411885,-7.23922870778951e-05,0.909680523545082,-0.000138498200907127,-0.079141619790224,0.000895087588596646,-0.000580027591480113,0.00114889494817801,-1.20268246139965e-05,-1.96408776485479e-05,251.381623316932,264.901306544048
6.39,0.5210522572602,1.55715711233113e-05,1.00012429553515,-7.40491756857287e-06,-0.0871340314396713,-6.04447411992033e-05,0.91821771879276,-0.000151802466247627,-0.0798994551668502,0.000889078192479268,-0.000588447931074097,0.00123720688016146,-1.20268246139965e-05,-1.96408776485479e-05,251.372745416294,264.9103456442
6.4,0.530307698734843,1.34811678174752e-05,1.00012121980947,3.28558659532003e-07,-0.0871399310661899,-4.7727019099407e-05,0.92675491514933,-0.000165651445246578,-0.0806571583576688,0.000877849786292723,-0.000591824965812649,0.00129968756804631,-2.24778115404557e-05,-7.86931841174537e-06,251.3636525252,264.919720084854
6.41,0.53964885018347,1.13754893181194e-05,1.00011820671261,7.90538791302206e-06,-0.0871458645636252,-3.45004822626717e-05,0.935292682112917,-0.00017932912281009,-0.0814147381889951,0.000866620340375797,-0.000595202376387818,0.00133594986169443,-2.24778115404557e-05,-7.86931841174537e-06,251.354513389566,264.92923594948
6.42,0.549075713398746,9.26106253242782e-06,1.00011525366544,1.53267180389895e-05,-0.0871517976329555,-2.10281011730178e-05,0.943830174054869,-0.000193073457489267,-0.0821721945490948,0.000850562285443135,-0.000590956633041587,0.00134610894285675,-3.21452814394616e-05,9.91891080779973e-06,251.345493474897,264.938703552649
6.43,0.55858828935488,7.14381988700026e-06,1.00011235846567,2.25885816112874e-05,-0.0871576883413342,-7.56948576831094e-06,0.952368242757698,-0.000206194529048302,-0.0829295167209798,0.000834503147726052,-0.00058671048985946,0.00133076496430557,-3.21452814394616e-05,9.91891080779973e-06,251.336751128809,264.947939982176
6.44,0.568186579447548,5.03018418274232e-06,1.00010951915846,2.96930796839896e-05,-0.087163498661264,5.62387106223945e-06,0.960905943549837,-0.000218886842921383,-0.0836866943797372,0.000814047029107891,-0.000574016140406537,0.00129097715759413,-4.09472018430698e-05,2.96278290906677e-05,251.328435807924,264.956773336802
6.45,0.577870584080722,2.92597941994163e-06,1.00010673413949,3.6636827697526e-05,-0.08716918210853,1.83130541010822e-05,0.969444212721583,-0.000230508798829493,-0.0844437054808465,0.000793589920942509,-0.000561320683383025,0.00122823011143179,-4.09472018430698e-05,2.96278290906677e-05,251.320684428011,264.965044435528
6.46,0.587640304832979,8.37447683270321e-07,1.00010400194391,4.34214612762005e-05,-0.087174703651673,3.02758157921251e-05,0.977982172072128,-0.000241226827675408,-0.0852005355852816,0.000769196012695235,-0.00054084569341047,0.00114439313505938,-4.88270215194188e-05,4.77730192863909e-05,251.313620302922,264.97261058468
6.47,0.597495742281839,-1.22976479537384e-06,1.00010132141584,5.00429155886424e-05,-0.0871800204749921,4.13102312710291e-05,0.986520675350812,-0.000250467931665925,-0.0859571592136166,0.000744801329729046,-0.000520369186379427,0.00104167362585853,-4.88270215194188e-05,4.77730192863909e-05,251.307350077856,264.979346524122
6.48,0.607436898570801,-3.26966878277502e-06,1.00009869146263,5.65011692617426e-05,-0.0871851054579206,5.12378613675794e-05,0.995059032890239,-0.000258385483450433,-0.0867135630268736,0.000716947452654136,-0.00049387291226102,0.000922565546308503,-5.5750465242948e-05,6.1811016770592e-05,251.301963296867,264.985147351171
6.49,0.617463774965212,-5.27686155249776e-06,1.00009611124842,6.27904721781815e-05,-0.0871899254597438,5.99063819573896e-05,1.00359789508506,-0.000264492222546953,-0.0874697246824345,0.000689093110632266,-0.000467375112660155,0.00078979407224953,-5.5750465242948e-05,6.1811016770592e-05,251.297530215672,264.989928790886
6.5,0.627576374354727,-7.24567354294346e-06,1.00009357995504,6.89082645114717e-05,-0.0871944641311974,6.71916431745155e-05,1.0121368330269,-0.000268941723747934,-0.0882256357522013,0.000658264790722169,-0.000437251626829588,0.000646257610903153,-6.17028341274548e-05,7.02643943723563e-05,251.294101909558,264.993629026475
6.51,0.637774698964162,-9.17100681826329e-06,1.00009109696317,7.48464335545111e-05,-0.0871987015007315,7.29991412125015e-05,1.02067622481972,-0.000271345421239222,-0.0889812816852725,0.000627436383208868,-0.000407126967108827,0.00049496831096165,-6.17028341274548e-05,7.02643943723563e-05,251.291709142422,264.996208385943
6.52,0.648058752432295,-1.10475724404067e-05,1.0000886616519,8.05993615549257e-05,-0.0872026328582079,7.72648885594906e-05,1.02921592585683,-0.000271867464403736,-0.0897366611346201,0.000594118148985668,-0.000375962260466113,0.000338992260083685,-6.66866799848405e-05,7.26880035153492e-05,251.290362929223,264.997649962079
6.53,0.658428537992066,-1.28706335317539e-05,1.00008627354036,8.61562605479864e-05,-0.0872062524593663,7.99556890744618e-05,1.03775602289992,-0.000270225998723881,-0.0904917698421978,0.00056080024682076,-0.000344796945904656,0.000181390468457924,-6.66866799848405e-05,7.26880035153492e-05,251.290054513909,264.997958807386
6.54,0.6688840598945,-1.46353364811676e-05,1.00008393214644,9.1508316780745e-05,-0.0872095663929624,8.10688264169934e-05,1.04629663716814,-0.000266602420688749,-0.0912466140817313,0.000525468033698805,-0.00031498947912412,2.51617422003523e-05,-7.0719566199636e-05,6.95204034135066e-05,251.290756304747,264.99716135632
6.55,0.679425322247744,-1.63373563087983e-05,1.00008163707267,9.66421234344676e-05,-0.0872125821125565,8.0631193337623e-05,1.05483758743479,-0.000260824239502327,-0.0920012003013365,0.00049013658861994,-0.000285182002202567,-0.000126811557597395,-7.0719566199636e-05,6.95204034135066e-05,251.292422898811,264.995304219108
6.56,0.690052329685464,-1.79723228737509e-05,1.00007938793304,0.000101545902389833,-0.0872153143911813,7.86978917618342e-05,1.06337921064307,-0.000253092609860678,-0.0927555415217357,0.000453251363831218,-0.000258659723646804,-0.000271813932758123,-7.38316065180141e-05,6.18587621678345e-05,251.294992311617,264.992452532719
6.57,0.700765086931033,-1.9536368133616e-05,1.00007718437739,0.000106204028169476,-0.0872177812937367,7.53503482917572e-05,1.07192111224132,-0.000243341654481937,-0.0935096535349762,0.000416367328565435,-0.000232137910778262,-0.000407342518273922,-7.38316065180141e-05,6.18587621678345e-05,251.298387890004,264.988688444384
6.58,0.711563598727406,-2.10256466870722e-05,1.000075026085,0.000110602320418333,-0.0872200033951023,7.06939936574898e-05,1.08046377543411,-0.000231790530218362,-0.0942635541871642,0.000378370155804811,-0.000210187909688784,-0.00053114749084105,-7.60625676461133e-05,5.11966110882911e-05,251.302519758057,264.984108607086
6.59,0.72244787008532,-2.24367862569548e-05,1.00007291273103,0.000114723628771202,-0.0872220058474381,6.48555630041409e-05,1.08900666551963,-0.000218472177508439,-0.0950172659617162,0.000340374542486679,-0.000188238644647153,-0.000641266514971685,-7.60625676461133e-05,5.11966110882911e-05,251.307287390343,264.978822446156
6.6,0.733417905584651,-2.37665002316592e-05,1.00007084403723,0.00011855220177238,-0.0872238118823722,5.798007992431e-05,1.09755033545922,-0.000203617965694416,-0.0957708090039502,0.000301683332234988,-0.000171449086087337,-0.000736052772552205,-7.74584908955961e-05,3.91626722239481e-05,251.312581193965,264.972949074526
6.61,0.744473710183691,-2.50119442336816e-05,1.00006881969115,0.000122070282447863,-0.0872254498950415,5.02275881570425e-05,1.10609418943618,-0.000187347537203887,-0.0965242091174999,0.000262993959643053,-0.000154660323625059,-0.000814196232356161,-7.74584908955961e-05,3.91626722239481e-05,251.318285473614,264.966615440242
6.62,0.755615288064112,-2.61704169078371e-05,1.00006683943874,0.000125261570899458,-0.0872269428122164,4.17697029565024e-05,1.11463877757944,-0.000169895188504587,-0.0972774860715916,0.000224002083238553,-0.000142961521080325,-0.000874737980680549,-7.80679812355282e-05,2.72902625378631e-05,251.324280065806,264.959952964417
6.63,0.766842643827085,-2.7239626686013e-05,1.00006490297157,0.000128108765123043,-0.0872283186526467,3.27860479177247e-05,1.1231835167676,-0.000151451860627163,-0.0980306654791284,0.000185012194800135,-0.000131263418544308,-0.000917077539085791,-7.80679812355282e-05,2.72902625378631e-05,251.330443416226,264.953095672268
6.64,0.77815578108374,-2.82174760123357e-05,1.00006301004345,0.000130596144232483,-0.0872295976087259,2.34606524669085e-05,1.1317288942602,-0.000132242788054385,-0.0987837643220786,0.000146088986724247,-0.000124046327244785,-0.000940973260304848,-7.79384790935886e-05,1.68370480710646e-05,251.336654178457,264.94617685393
6.65,0.78955470384341,-2.91022432900515e-05,1.00006116034266,0.000132707979467572,-0.0872308043541769,1.39783729019777e-05,1.14027439963553,-0.000112512767701702,-0.0995368048914099,0.000107167765170062,-0.000116829762671443,-0.000946535988983726,-7.79384790935886e-05,1.68370480710646e-05,251.342794139987,264.939327284584
6.66,0.801039415222302,-2.9892445122433e-05,1.00005935359989,0.000134430271948955,-0.0872319562168977,4.52140921974403e-06,1.14882045359454,-9.24642620082234e-05,-0.100289801333108,6.86607297467852e-05,-0.000113457131694662,-0.000934216324000914,-7.71129321138342e-05,7.86883074200699e-06,251.34874970383,264.932672187053
6.67,0.812609918704657,-3.05869388628787e-05,1.00005758947332,0.000135749955527704,-0.0872330743673997,-4.73402583705843e-06,1.15736662097679,-7.23777964286419e-05,-0.101042772511779,3.01555251097427e-05,-0.000110084830753503,-0.000904785901416686,-7.71129321138342e-05,7.86883074200699e-06,251.354414451901,264.926329660362
6.68,0.824266216706689,-3.11848573476666e-05,1.00005586767104,0.000136655826242496,-0.0872341707204088,-1.36208217370684e-05,1.16591319239693,-5.24187320663131e-05,-0.101795726860213,-7.60615928503493e-06,-0.000109353833136704,-0.000859313240927261,-7.56272996607656e-05,1.7057508567154e-06,251.35969035783,264.92040809676
6.69,0.836008311911447,-3.16856374167831e-05,1.00005418783118,0.000137138461740022,-0.0872352598293281,-2.198382378483e-05,1.17445987036738,-3.28858562558561e-05,-0.102548676125776,-4.53663087715074e-05,-0.000108623009500982,-0.000799134762442521,-7.56272996607656e-05,1.7057508567154e-06,251.364489834257,264.915004935345
6.7,0.847836206082888,-3.20890219815774e-05,1.00005254962396,0.000137190379333117,-0.0872363480948134,-2.96823736236039e-05,1.18300681185158,-1.38936198826925e-05,-0.103301622722069,-8.20675909743637e-05,-0.000109309154393973,-0.000725821669364836,-7.35092485726583e-05,-1.60083863604713e-06,251.368736658516,264.910204753273
6.71,0.859749901136556,-3.23950194187133e-05,1.00005095265645,0.000136806605705729,-0.0872374433307943,-3.65925042954931e-05,1.19155385831401,4.25651207659176e-06,-0.104054570891752,-0.000118767737988511,-0.000109995368047438,-0.000641143437567278,-7.35092485726583e-05,-1.60083863604713e-06,251.372367357037,264.90607838792
6.72,0.871749398279918,-3.26039686243236e-05,1.0000493965474,0.000135984096597376,-0.0872385469656497,-4.26087541561527e-05,1.20010104534817,2.15131893981502e-05,-0.104807517466273,-0.000154103501117549,-0.00011099518416547,-0.000547028700134959,-7.07782546645315e-05,-2.33267993593465e-06,251.375331780569,264.902681789136
6.73,0.883834698758916,-3.27164333349234e-05,1.00004788086187,0.000134722904149401,-0.0872396607369174,-4.76455815378384e-05,1.2086483387255,3.75849677112914e-05,-0.105560459735771,-0.00018943858257305,-0.000111994999421648,-0.000445524336474732,-7.07782546645315e-05,-2.33267993593465e-06,251.377593779921,264.900055569497
6.74,0.8960058033551,-3.2733326915976e-05,1.00004640515603,0.000133024884952266,-0.0872407821538714,-5.16383622892066e-05,1.21719567768309,5.24931924363701e-05,-0.106313390045445,-0.000223110192944822,-0.000112439452256816,-0.000338753586603744,-6.74471383607558e-05,-1.0365221859331e-06,251.379131389271,264.898224635407
6.75,0.908262712791749,-3.2655744601072e-05,1.00004496894299,0.000130895428887232,-0.0872419081656674,-5.45439667643045e-05,1.22574312512288,6.59655408254191e-05,-0.107066300107807,-0.000256781573984879,-0.000112883845479769,-0.000228874004417535,-6.74471383607558e-05,-1.0365221859331e-06,251.37993680874,264.897198196872
6.76,0.920605427570378,-3.24851459845842e-05,1.00004357170903,0.000128341474911314,-0.0872430337173985,-5.63409164102176e-05,1.23429055659472,7.81022676835227e-05,-0.107819179334842,-0.000288494824575132,-0.000112205118944849,-0.000118036040403654,-6.35248668798802e-05,1.5846931343462e-06,251.380016179302,264.896970130439
6.77,0.933033948063815,-3.22231270540549e-05,1.00004221290799,0.000125373782452466,-0.0872441526265127,-5.702913071873e-05,1.24283809772864,8.86553004845897e-05,-0.108572015796445,-0.000320208246375817,-0.000111526266531634,-8.34301177577193e-06,-6.35248668798802e-05,1.5846931343462e-06,251.379388942042,264.897519448938
6.78,0.945548274633183,-3.18716595162735e-05,1.00004089195393,0.000122004267481686,-0.087245258688033,-5.6629281416057e-05,1.25138559477853,9.78060981743548e-05,-0.109324797706374,-0.000349673179549983,-0.000109470631720578,9.81868350689657e-05,-5.90202871059232e-05,4.79778572738299e-06,251.378087215908,264.898811294941
6.79,0.958148407471241,-3.14328035054221e-05,1.00003960823833,0.000118248813173311,-0.087246344316487,-5.51817774909838e-05,1.25993320054952,0.000105331968400314,-0.110077511637096,-0.000379138593990289,-0.000107414794276499,0.000199655520809916,-5.90202871059232e-05,4.79778572738299e-06,251.376154646169,264.900797838243
6.8,0.970834346914471,-3.09090037890252e-05,1.00003836110649,0.000114123934090715,-0.0872474034173529,-5.27454120995329e-05,1.26848076286791,0.000111493698742189,-0.110830146247999,-0.00040607145810833,-0.000104008231164302,0.000294317214642915,-5.39463362665752e-05,7.94979344397082e-06,251.373645425533,264.903419759164
6.81,0.983606093121159,-3.03027433290392e-05,1.00003714988975,0.00010965013485046,-0.0872484285429932,-4.93957056415893e-05,1.27702843029302,0.000116091413986733,-0.111582688628468,-0.000433005000881009,-0.000100601390453729,0.000380606302753149,-5.39463362665752e-05,7.94979344397082e-06,251.370622772534,264.906607509374
6.82,0.996463646352327,-2.96168970582615e-05,1.00003597235638,0.000104847911014865,-0.0872494146757113,-4.52230065907282e-05,1.28557607606987,0.000119459278841058,-0.112334367741363,-0.000457132151307298,-9.60840652360465e-05,0.000457151340428139,-4.83242260477958e-05,1.05408910840739e-05,251.365207684082,264.9082416767
6.83,1.00940700371302,-2.88543286630683e-05,1.00003479204998,9.97417157985291e-05,-0.0872503556880716,-4.03307717338707e-05,1.29412382070798,0.000121415311247302,-0.113078171334892,-0.000481258164955698,-9.15667644672676e-05,0.000522726308503929,-4.83242260477958e-05,1.05408910840739e-05,251.348799312348,264.899149202697
6.84,1.02243489276554,-2.80183154818883e-05,1.00003360441151,9.43546718677805e-05,-0.0872398939601715,-3.48326153610204e-05,1.30239096851725,0.000122346751575261,-0.11379135878266,-0.000502449125151951,0.00243681147473547,0.000576354400593273,-4.24589285466024e-05,0.00590190223088758,251.323660558756,264.881516497793
6.85,1.03554574526071,-2.71120837033077e-05,1.00003236756271,8.87137506158741e-05,-0.0872041503138556,-2.88506134459257e-05,1.31065892125794,0.000122096588097434,-0.114451140643131,-0.000523625860104211,0.00496476387484971,0.000617342365053758,-4.24589285466024e-05,0.00590190223088758,251.292325665133,264.857809526298
6.86,1.04873624915892,-2.61392856019107e-05,1.00003110869548,8.28440878152985e-05,-0.0871138460116172,-2.25114910041851e-05,1.31820158360631,0.000121093470306859,-0.11500513928736,-0.000541733038552188,0.0139994332323227,0.000645282666510398,-3.63653110420494e-05,0.0210985611804785,251.25707949169,264.830232078805
6.87,1.06200231633455,-2.51034896986282e-05,1.00002988546906,7.67745996640827e-05,-0.0869332039046421,-1.59447683333197e-05,1.32574212043888,0.000119193348786614,-0.115412528267231,-0.000559794466498619,0.0230321063007773,0.000660045297481863,-3.63653110420494e-05,0.0210985611804785,251.219767835023,264.800530579426
6.88,1.07533920422513,-2.4008685722242e-05,1.00002870599398,7.05327151595645e-05,-0.0866214151584318,-9.28048519400367e-06,1.33226279224047,0.000116866531676743,-0.115584209399792,-0.000574479961329888,0.0411355741343038,0.000661768865094515,-2.97266116943508e-05,0.0423052835782069,251.182091463862,264.770305242771
6.89,1.08874103569875,-2.28587396090976e-05,1.00002763998143,6.41495564172049e-05,-0.0861286101289437,-2.64624180802827e-06,1.33876641607417,0.000113951470151554,-0.115483125189118,-0.000589081449669827,0.0592349597881541,0.000650845165085552,-2.97266116943508e-05,0.0423052835782069,251.145261732194,264.740652817203
6.9,1.10220638623445,-2.16578908022558e-05,1.0000265067636,5.76546846719704e-05,-0.0854463961844179,3.83169648251789e-06,1.34502671381325,0.000110955329058532,-0.115086110867492,-0.000599883393683757,0.0792043280818184,0.000627892540266834,-2.22676424537099e-05,0.046689227204663,251.110475965889,264.712667111608
6.91,1.11573343884508,-2.04101574251189e-05,1.00002516076578,5.10805068554225e-05,-0.084564506490074,1.00341935809237e-05,1.35123454092389,0.000107668661216861,-0.114386720655325,-0.000610612418305504,0.0991697547245488,0.000593742819431424,-2.22676424537099e-05,0.046689227204663,251.078696180867,264.68721005272
6.92,1.12932325311938,-1.91198033655112e-05,1.00002336174267,4.4456465879769e-05,-0.0835001620641859,1.58498041684761e-05,1.35779446452018,0.000104627177685706,-0.113424715714341,-0.000617132835426414,0.115313207598427,0.00054941164830942,-1.39239400991036e-05,0.0377533398233601,251.050807692171,264.665079936313
6.93,1.14297713600914,-1.77907589449068e-05,1.0000208936753,3.78142885025651e-05,-0.0822743938274457,2.11782244002868e-05,1.36426057399252,0.000101560538566676,-0.11221016136582,-0.000623629482812328,0.131454337563142,0.000496078327711966,-1.39239400991036e-05,0.0377533398233601,251.027699528705,264.647097554947
6.94,1.15669612510008,-1.64272356124522e-05,1.00001757447334,3.11811712439863e-05,-0.0809072372908375,2.59322005244528e-05,1.37111102743405,9.90165768533543e-05,-0.110786999516971,-0.000625618210186417,0.143146038924593,0.00043505752682522,-4.87340665631076e-06,0.0273462387493633,251.010012567905,264.633844054506
6.95,1.17048161610615,-1.50330303454506e-05,1.00001324927508,2.45866920261789e-05,-0.0794231676431337,3.00384825044725e-05,1.3778335531304,9.6665536958113e-05,-0.109174065813265,-0.000627634273950033,0.154836929346269,0.000367770264418295,-4.87340665631076e-06,0.0273462387493633,250.998498637395,264.626037933758
6.96,1.18433408747358,-1.36123177026921e-05,1.00000784266482,1.80546298648527e-05,-0.0778394603423128,3.34392328556916e-05,1.38484291056238,9.50417903318633e-05,-0.107407318994808,-0.000625023977918086,0.162689830017873,0.000295713737748027,4.50837918893759e-06,0.0183679984296008,250.993535112516,264.624027657752
6.97,1.19825434933749,-1.21688024509314e-05,1.00000131189328,1.16114605404915e-05,-0.0761772235052229,3.60921850754319e-05,1.39169937883839,9.37674672671905e-05,-0.105509353614573,-0.000622479491908691,0.170542892936335,0.000220429717350106,4.50837918893759e-06,0.0183679984296008,250.995648247481,264.628339632214
6.98,1.21224227757491,-1.07066639180247e-05,0.999993711610894,5.27682998385577e-06,-0.0744498632231644,3.79712239695106e-05,1.39872624996786,9.3334116769362e-05,-0.103507634877901,-0.000615422078001329,0.175416592097712,0.000143473948197552,1.37230182403388e-05,0.0113982062732572,251.004941995804,264.639080179773
6.99,1.22629801836996,-9.22958247834615e-06,0.999985133996623,-9.26631540662563e-07,-0.0726737634724846,3.90660684050302e-05,1.40558340461154,9.33352177438148e-05,-0.101424494563657,-0.00060845157120627,0.180290872639405,6.63852498161095e-05,1.37230182403388e-05,0.0113982062732572,251.021665857476,264.656529227809
7,1.24042093666267,-7.74178391949811e-06,0.999975769114892,-6.98381697498526e-06,-0.0708587105601295,3.93820497688476e-05,1.41250786254183,9.419143549524e-05,-0.099280613046552,-0.000597328023636811,0.182989651927269,-9.34317159834043e-06,2.22388617862914e-05,0.0063097676124986,251.045665851527,264.68056463917
7.01,1.25461060378536,-6.24699263266105e-06,0.999965847014611,-1.28765131723645e-05,-0.0690166672806347,3.89393779863113e-05,1.41925218488178,9.54916890359762e-05,-0.0970957278813759,-0.000586295650615362,0.185689022890029,-8.22914914340255e-05,2.22388617862914e-05,0.0063097676124986,251.076911253878,264.711212123849
7.02,1.26886599067731,-4.74950667151892e-06,0.999955686046697,-1.85942665006176e-05,-0.0671544305635972,3.77722486861113e-05,1.42598178075212,9.75636810030182e-05,-0.0948853640731579,-0.000571689612895262,0.186877182715505,-0.000151137892535221,2.95832467760124e-05,0.00277656168885613,251.115026303594,264.748153357424
7.03,1.283186217697,-3.25314513104667e-06,0.999945629520708,-2.41236041502255e-05,-0.0652803107975983,3.59275497808419e-05,1.43252553312684,0.000100016465950947,-0.0926614157920511,-0.00055716604774328,0.1880656640008,-0.000214733121753997,2.95832467760124e-05,0.00277656168885613,251.151796392856,264.782877595916
7.04,1.29756996390845,-1.76230659598593e-06,0.999936031528988,-2.9458783220866e-05,-0.0633987884294642,3.34628955695179e-05,1.4389930936216,0.00010306700666653,-0.0904277083624435,-0.000539873591891136,0.188258068265514,-0.000272102099872834,3.52856125904354e-05,0.000449394711485251,251.184777522236,264.812921423248
7.05,1.31201600862091,-2.80958664196811e-07,0.999927205855736,-3.45913893913822e-05,-0.0615153418710494,3.04451299902257e-05,1.44527232513862,0.000106373864481185,-0.0881892668230118,-0.000522647979378887,0.188450511133366,-0.000322410694618533,3.52856125904354e-05,0.000449394711485251,251.21401902787,264.838441507487
7.06,1.32652282243072,1.18640482940265e-06,0.999919452234879,-3.95201547115597e-05,-0.0596327266026316,2.69487482179709e-05,1.45143118494472,0.000110037028356808,-0.085947576485251,-0.000503592048136851,0.188030565475328,-0.000364976435977253,3.90680494992367e-05,-0.000980492024252969,251.239532587072,264.859563471018
7.07,1.34108894197179,2.63565330481054e-06,0.999913032943436,-4.42417472427947e-05,-0.05775431108848,2.30543947412137e-05,1.45740130361025,0.000113784877895415,-0.0837051913657771,-0.000484582576280996,0.187610562844496,-0.000399278252008656,3.90680494992367e-05,-0.000980492024252969,251.26138022936,264.876471422071
7.08,1.35571269857608,4.06230403098935e-06,0.999908190366351,-4.87581168591772e-05,-0.0558816097802018,1.88471199522782e-05,1.46322055147712,0.000117620462696131,-0.0814620789903853,-0.000464546562830843,0.186854080513897,-0.000424961046342612,4.1195714608932e-05,-0.00176581792568125,251.279608256625,264.8893362614
7.09,1.37039246418063,5.462174422439e-06,0.999905132495476,-5.30697002962086e-05,-0.0540164735946676,1.44147704205058e-05,1.46885190574947,0.000121337651608178,-0.0792189283312897,-0.000444534664918074,0.186097541210228,-0.000441838250992974,4.1195714608932e-05,-0.00176581792568125,251.294297886901,264.898366259265
7.1,1.38512648258367,6.83094050541674e-06,0.99990404393701,-5.71799489088121e-05,-0.0521595573635329,9.84622957760943e-06,1.47431231469591,0.000124877064034395,-0.076974745500263,-0.000424031367138889,0.185195551664852,-0.000449889983604993,4.22060659834534e-05,-0.0021052102889602,251.305529182424,264.903766944783
7.11,1.39991301988022,8.1645342610831e-06,0.999905078020422,-6.1091166584547e-05,-0.0503116611494678,5.2298212356685e-06,1.47958635498334,0.000128081727169449,-0.0747289353432159,-0.000403530099967579,0.184293542863998,-0.000449258939536493,4.22060659834534e-05,-0.0021052102889602,251.313405934428,264.905764927988
7.12,1.41475026978459,9.45894254030085e-06,0.999908363273469,-6.48065637666308e-05,-0.0484728718695032,6.51665566271434e-07,1.4846770763042,0.000130869150907193,-0.0724799546190379,-0.000382762932825306,0.183372241202538,-0.000440242711093316,4.27219768744898e-05,-0.00215024485535749,251.318039437822,264.90458883159
7.13,1.42963643561094,1.07103893430513e-05,0.999914000123432,-6.8328342146983e-05,-0.0466432955202773,-3.80578791352905e-06,1.489583231304,0.000133111367084756,-0.0702264221206573,-0.000361977661372157,0.182450963217613,-0.000423283856007223,4.27219768744898e-05,-0.00215024485535749,251.319556787009,264.900476069751
7.14,1.44456968722887,1.19153031546959e-05,0.999922064439432,-7.16580273953356e-05,-0.0448226683962201,-8.0651791035258e-06,1.494299215915,0.000134739201013943,-0.0679665527568457,-0.000340872993821151,0.181588255276919,-0.000398957257682277,4.33076178812417e-05,-0.00201363689758531,251.318096811655,264.893666893017
7.15,1.45954819572191,1.30703560638822e-05,0.999932607217114,-7.47960733756059e-05,-0.0430106681006768,-1.20554726740674e-05,1.49883245292143,0.000135635819650442,-0.0656985765703171,-0.000319733277934155,0.180725603870038,-0.0003679555409253,4.33076178812417e-05,-0.00201363689758531,251.313808537132,264.884401302855
7.16,1.47457012478302,1.41725110867253e-05,0.999945656361857,-7.7741399271132e-05,-0.041206837662901,-1.57130661641261e-05,1.50317249483016,0.00013577312211722,-0.0634206937363422,-0.00029802389844799,0.17996442932839,-0.000331072640296191,4.43646110482513e-05,-0.00177691193736422,251.306853825655,264.872920594111
7.17,1.48963363416445,1.52190011274847e-05,0.999961218155848,-8.04916603909914e-05,-0.0394106186207983,-1.89827136190893e-05,1.50733146609295,0.000135034048025668,-0.0611310443275651,-0.000276266572215768,0.179203329476132,-0.000289185988075838,4.43646110482513e-05,-0.00177691193736422,251.297400687865,264.859459391297
7.18,1.50473689263995,1.62073711629063e-05,0.999979278090109,-8.30428793561468e-05,-0.0376214708055269,-2.18182653048495e-05,1.51129675241785,0.00013344721718768,-0.0588279762832286,-0.000253602976799213,0.178562172281059,-0.000243237669186103,4.60748951423277e-05,-0.00149705316328605,251.285628984121,264.844250932214
7.19,1.51987806224093,1.713547322451e-05,0.99999980326466,-8.53895913378696e-05,-0.0358387341768233,-2.41832273546432e-05,1.51508241908304,0.000130892583341978,-0.0565097512860842,-0.000230883091335709,0.177921094399988,-0.0001942149448008,4.60748951423277e-05,-0.00149705316328605,251.271721649363,264.827517472009
7.2,1.53505532339327,1.80014372190514e-05,1.00002274278956,-8.75252574112724e-05,-0.0340618588268637,-2.60511049071413e-05,1.51867548211723,0.000127458039429034,-0.0541749745314952,-0.000206948509558004,0.17740211774351,-0.000143130479311793,4.83917775202801e-05,-0.00121208299970178,251.255871184297,264.809476949577
7.21,1.55026684862977,1.88037377673526e-05,1.00004803054889,-8.94416949807656e-05,-0.032290172870934,-2.74055760649975e-05,1.52209011749324,0.000123026358227983,-0.05182216820525,-0.000182954037273619,0.176883215146932,-9.10027768921246e-05,4.83917775202801e-05,-0.00121208299970178,251.238270655323,264.790333706489
7.22,1.56551083326971,1.95410561158833e-05,1.00007558547837,-9.11306565348869e-05,-0.0305231624022313,-2.82404398544162e-05,1.52531410085703,0.000117735402321517,-0.0494502609124164,-0.000157562123823902,0.176478420410892,-3.88369602515496e-05,5.10731717131688e-05,-0.000945684829087817,251.219119694835,264.770285172197
7.23,1.58078546468871,2.02124465653725e-05,1.00010531433464,-9.25822421671593e-05,-0.0287601995523088,-2.85594133753586e-05,1.52836059030397,0.000111483286048679,-0.0470581162951107,-0.000132111345694718,0.176073688703566,1.23934068716752e-05,5.10731717131688e-05,-0.000945684829087817,251.198616297621,264.74951392471
7.24,1.5960889540625,2.08170838501572e-05,1.00013711200871,-9.37876885577506e-05,-0.0270008317518222,-2.83757137134644e-05,1.53121875703749,0.000104439589693983,-0.04464501785088,-0.00010527154251273,0.175769448539502,6.17636239924553e-05,5.37449533729684e-05,-0.000710992921472589,251.176961724973,264.72819370004
7.25,1.61141950525146,2.13545271749261e-05,1.00017086409311,-9.47367664566052e-05,-0.0252445060841625,-2.77115152304295e-05,1.53390012666798,9.65339593086264e-05,-0.0422102072795459,-7.83781282690651e-05,0.175465258085118,0.000108413379016767,5.37449533729684e-05,-0.000710992921472589,251.154353562955,264.706483204011
7.26,1.62677534477566,2.18243765282086e-05,1.00020644729323,-9.54215175141491e-05,-0.0234908421874795,-2.65972186364489e-05,1.53639555044059,8.79443394204733e-05,-0.0397533277112851,-5.03214034801722e-05,0.175245530230918,0.000151560980192002,5.59791312043776e-05,-0.000513661099057021,251.130989358226,264.684531174384
7.27,1.6421546928346,2.22266064863414e-05,1.00024373168861,-9.58329084444186e-05,-0.0217393753646796,-2.507062887266e-05,1.5387146693466,7.86482424426059e-05,-0.0372740029901746,-2.22199028351741e-05,0.175025838956909,0.000190515247674668,5.59791312043776e-05,-0.000513661099057021,251.107061060153,264.662471965648
7.28,1.65755578990425,2.25611765252149e-05,1.00028258124518,-9.59650267953662e-05,-0.0199897985870394,-2.31759834764699e-05,1.54085006088171,6.88075511850421e-05,-0.0347722210123596,6.61467013679189e-06,0.174874330952526,0.000224685805319326,5.73713873173446e-05,-0.000354300511641282,251.082757472559,264.640429636409
7.29,1.67297687127931,2.28283887197429e-05,1.00032285573425,-9.58114534924623e-05,-0.0182417367458253,-2.09629289115876e-05,1.54280947183556,5.84608397878342e-05,-0.0322479692442316,3.54824474851023e-05,0.174722848052115,0.00025359069382568,5.73713873173446e-05,-0.000354300511641282,251.058260007368,264.618515110395
7.3,1.68841618955996,2.30285085498733e-05,1.00036441131756,-9.53693109092175e-05,-0.0164949511799164,-1.84853930699494e-05,1.54458710176145,4.77319864540382e-05,-0.0297015520808391,6.44933320395145e-05,0.174624370379008,0.000276862189619956,5.76050574144668e-05,-0.000230365337548215,251.033744167317,264.596829385346
7.31,1.70387199329962,2.31620924567385e-05,1.00040710212807,-9.46359047242318e-05,-0.0147491503007185,-1.58004483229215e-05,1.5461889438533,3.67282092814938e-05,-0.0271332874893338,9.35240960532333e-05,0.174525908630662,0.000294249856571249,5.76050574144668e-05,-0.000230365337548215,251.009376447973,264.575461968208
7.32,1.71934254524717,2.3229676357551e-05,1.00045078088715,-9.36120141033247e-05,-0.0130041554856657,-1.29671189260643e-05,1.54761063101888,2.5518540819244e-05,-0.0245437598710329,0.000122013921002471,0.1744671219356,0.000305621716871595,5.64929361740232e-05,-0.00013756159211798,250.985315112494,264.554493349972
7.33,1.73482610514225,2.32320207747362e-05,1.0004953001735,-9.22993408386673e-05,-0.0112597484916021,-1.00452221687093e-05,1.54885662500288,1.42794974612424e-05,-0.0219335762311909,0.000150509596789118,0.174408344360185,0.000310962815673856,5.64929361740232e-05,-0.00013756159211798,250.961708051002,264.53399438417
7.34,1.75032094395817,2.31699156120477e-05,1.00054051303091,-9.07025274372952e-05,-0.00951580098905051,-7.09420052768923e-06,1.54992376614158,3.01497918213085e-06,-0.0193035603797672,0.000177759791035513,0.174378074163454,0.000310371921121005,5.39933689273377e-05,-7.08540860122644e-05,250.93869310321,264.514028174993
7.35,1.76582533054999,2.30443006375746e-05,1.00058627396183,-8.88278522947455e-05,-0.00777215617636744,-4.17202836306173e-06,1.55081523966049,-8.03552894850597e-06,-0.0166545632712328,0.000205002146107241,0.17434780840052,0.000304055999508524,5.39933689273377e-05,-7.08540860122644e-05,250.916396690146,264.494650087946
7.36,1.78133754235812,2.28562197155178e-05,1.00063243948972,-8.66836280258828e-05,-0.0060287261665999,-1.33415136555235e-06,1.55152886224775,-1.89367076228778e-05,-0.0139876065443929,0.0002303432755904,0.174337068518493,0.000292322944387531,5.02019294768625e-05,-2.51458845078592e-05,250.894933907788,264.475909177342
7.37,1.79685585543008,2.26067900541377e-05,1.0006788689162,-8.42804237847879e-05,-0.00428540356745623,1.36746394099476e-06,1.5520667976941,-2.93983441252205e-05,-0.0113037397920914,0.000255664177204425,0.174326330098393,0.000275572630991795,5.02019294768625e-05,-2.51458845078592e-05,250.874407769085,264.457848563017
7.38,1.81237855214108,2.22973204030422e-05,1.00072542481102,-8.16296971586507e-05,-0.00254213179273361,3.88521372316463e-06,1.55242762292695,-3.955100726651e-05,-0.00860414215903748,0.00027853226001958,0.174328165272165,0.000254286441190196,4.53237985573476e-05,4.29881297337133e-06,250.854909243796,264.440506496552
7.39,1.82790391403457,2.1929120440213e-05,1.00077197356992,-7.87456417793915e-05,-0.000798841692828769,6.17660258862291e-06,1.55261271547688,-4.90700115524415e-05,-0.00589001867382218,0.000301369846225739,0.174330000215706,0.000229015777474717,4.53237985573476e-05,4.29881297337133e-06,250.836516976575,264.423916893921
7.4,1.84343022713134,2.15037788131379e-05,1.00081838581473,-7.5642105460922e-05,0.000944500008727909,8.20489741828048e-06,1.55262122249223,-5.81443575331918e-05,-0.00316266842048942,0.00032134265281545,0.17433923055515,0.000200369334290752,3.96342732422407e-05,2.16239974107482e-05,250.819297398554,264.408110112498
7.41,1.85895577703153,2.10228212307301e-05,1.00086453678523,-7.23359849383512e-05,0.00268793398030862,9.93962526556136e-06,1.55245393979952,-6.64328327827916e-05,-0.000423412248989693,0.000341277436703994,0.174348459858292,0.000169000076646346,3.96342732422407e-05,2.16239974107482e-05,250.803304811162,264.393113489273
7.42,1.87447885234816,2.04881284779658e-05,1.00091030664084,-6.88426505998068e-05,0.00443147685087451,1.13569647273516e-05,1.55211042556045,-7.41723540830692e-05,0.00232636471639676,0.000358088849023166,0.174361385722381,0.000135591330430871,3.34355199788386e-05,3.02878880965157e-05,250.788581648726,264.378951878335
7.43,1.88999774155532,1.99014657139993e-05,1.00095558071528,-6.51806662942606e-05,0.00617514894632342,1.24399738053684e-05,1.55159106373333,-8.10224858207327e-05,0.00508526099962674,0.000374857846348316,0.174374310308749,0.000100843281841926,3.34355199788386e-05,3.02878880965157e-05,250.775158841354,264.365648094557
7.44,1.90551073501839,1.92650096311569e-05,1.00100024971874,-6.13660568610603e-05,0.00791895557920295,1.31787071448883e-05,1.55089569551114,-8.72561901880206e-05,0.00785183520373237,0.000388392024412484,0.174388416644832,6.54589699922673e-05,2.70169019823845e-05,3.3060237869577e-05,250.763056260013,264.353223254598
7.45,1.92101612313963,1.85807805780471e-05,1.0010442098798,-5.74180358113937e-05,0.00966290324602329,1.35701728405533e-05,1.55002442836866,-9.25484862206573e-05,0.0106246356488334,0.000401882671546516,0.174402521784164,3.01313355460894e-05,2.70169019823845e-05,3.3060237869577e-05,250.752283290082,264.341697068415
7.46,1.93651219738109,1.78512426946526e-05,1.0010873630527,-5.33525072929809e-05,0.0114069900476632,1.36181845538574e-05,1.54897728753561,-9.71966008916102e-05,0.0134021901617132,0.000412152523869031,0.17441620571744,-4.46985737396573e-06,2.06243541044159e-05,3.20754901670203e-05,250.742839458144,264.331088018044
7.47,1.95199724933467,1.70786742371706e-05,1.00112961676718,-4.91884439476909e-05,0.0131512136665079,1.33330661970922e-05,1.54775420784531,-0.000100901678927398,0.016183022489388,0.000422380901716136,0.174429888687642,-3.7709500155583e-05,2.06243541044159e-05,3.20754901670203e-05,250.734715155851,264.321413478802
7.48,1.96746957105643,1.62658046061479e-05,1.00117088424961,-4.49410122949527e-05,0.0148955680314228,1.27312667319391e-05,1.54635532489109,-0.00010397455206612,0.0189656509926189,0.000429496894112936,0.174442222907158,-6.89983939320036e-05,1.44418480733504e-05,2.89155674137574e-05,250.727892423624,264.312689766393
7.49,1.98292745476347,1.54151570375677e-05,1.00121108439808,-4.06282534745773e-05,0.0166400457249518,1.18348489885303e-05,1.54478047743885,-0.000106148500546038,0.0217485958894168,0.000436576310595623,0.174454556440229,-9.78024949015039e-05,1.44418480733504e-05,2.89155674137574e-05,250.722345770619,264.304932098092
7.5,1.99836919272646,1.45296909427984e-05,1.00125014172871,-3.62641712438489e-05,0.0183846386608838,1.06709105989711e-05,1.54302985886031,-0.000107738985817571,0.0245303834299466,0.000440711945043906,0.174465093073718,-0.000123651641495763,8.58549807627493e-06,2.47039218925037e-05,250.718043073553,264.298154539111
7.51,2.01379307736479,1.36121460407725e-05,1.00128798629089,-3.18654186204758e-05,0.0201293369578834,9.27090682045604e-06,1.54110326591554,-0.000108512838319899,0.0273095471036249,0.000444818223581109,0.174475629276463,-0.000146146011546575,8.58549807627493e-06,2.47039218925037e-05,250.714946442761,264.292369833678
7.52,2.02919740088101,1.26656658364691e-05,1.00132455355141,-2.74446070247176e-05,0.0218741319692564,7.66993260202393e-06,1.53900091402284,-0.00010878299834122,0.03008463477032,0.000446177757002472,0.174484243816386,-0.000164961851601672,3.1087299546122e-06,2.01988103957155e-05,250.713013184355,264.287589283522
7.53,2.04458045558561,1.1693164794649e-05,1.00135978426253,-2.30167768546676e-05,0.0236190131276789,5.90593841310098e-06,1.53672259414776,-0.000108347338832502,0.0328542061659775,0.00044751681309566,0.174492858129306,-0.000179854826245688,3.1087299546122e-06,2.01988103957155e-05,250.712196666143,264.283822490233
7.54,2.05994053340457,1.06979174210361e-05,1.00139362429688,-1.85930927405567e-05,0.0253639721428512,4.01893526525352e-06,1.53426852098332,-0.000107510771788473,0.035616841211354,0.000446309289784985,0.174499629918874,-0.00019066253122569,-1.98453404027703e-06,1.5878594968435e-05,250.712447287767,264.281077200227
7.55,2.07527592631445,9.68296179740367e-06,1.00142602447959,-1.41869596813685e-05,0.0271089988823273,2.05016681836416e-06,1.531638502292,-0.000106096875555447,0.038371135488487,0.000445091077464981,0.174506401624102,-0.000197304657633124,-1.98453404027703e-06,1.5878594968435e-05,250.713713305364,264.279359003423
7.56,2.09058492581207,8.65164705611338e-06,1.00145694038645,-9.80817938738922e-06,0.0288540859332631,4.13010833673907e-08,1.52883273885427,-0.000104398307249841,0.0411157085443597,0.000441512904819919,0.174511525862268,-0.000199782321317132,-6.72241365001055e-06,1.20153890615201e-05,250.715941755659,264.278671179514
7.57,2.10586582337984,7.60707890282758e-06,1.00148633214989,-5.46865150176793e-06,0.0305992242352452,-1.96637851260424e-06,1.52585106783185,-0.000102257479120646,0.04384919848246,0.000437933966084843,0.17451665010188,-0.000198175204779059,-6.72241365001055e-06,1.20153890615201e-05,250.719079200087,264.279014400923
7.58,2.12111690997429,6.55262510974585e-06,1.00151416423202,-1.17699219867972e-06,0.0323444074949615,-3.93273395049068e-06,1.52269366969752,-9.99514374815191e-05,0.0465702695366263,0.000432160442508881,0.174520375805139,-0.000192637968227433,-1.11470111823753e-05,8.73578177719866e-06,250.723072559801,264.280386607516
7.59,2.13633647647132,5.49140256471411e-06,1.00154040521313,3.05617825914168e-06,0.0340896280201862,-5.81950503946055e-06,1.51936041660408,-9.73343084439939e-05,0.0492776065170201,0.000426395467510993,0.174524101549885,-0.000183394735165928,-1.11470111823753e-05,8.73578177719866e-06,250.727869747153,264.28278275596
7.6,2.15152281320628,4.42674505155976e-06,1.00156502754994,7.22320366800016e-06,0.0358348806926265,-7.59096910724399e-06,1.51585146689553,-9.46646955316346e-05,0.0519699212668725,0.000418580169521713,0.17452669004819,-0.000170733051847007,-1.52987756009029e-05,6.06892812538003e-06,250.733420371965,264.286194751893
7.61,2.16667421037084,3.36172743556088e-06,1.00158800735431,1.1314476871376e-05,0.0375801592562798,-9.2145483773463e-06,1.51216672864542,-9.18021735111159e-05,0.0546459474037698,0.00041078146915711,0.174529278595832,-0.000154996258460455,-1.52987756009029e-05,6.06892812538003e-06,250.739676238775,264.290611276632
7.62,2.1817889576202,2.29960225005698e-06,1.00160932414569,1.53230680449936e-05,0.0393254597068227,-1.06613255667905e-05,1.50830633913291,-8.89843794712307e-05,0.0573044455090497,0.000401061405934086,0.174530977602885,-0.000136575612163215,-1.92052818859501e-05,3.9830599877034e-06,250.746591897974,264.296017796928
7.63,2.19686534440862,1.24335494807983e-06,1.00162896062658,1.92401240493312e-05,0.0410707771499907,-1.1906489691323e-05,1.50427024039544,-8.60717305696815e-05,0.0599441983950033,0.0003913641959626,0.174532676647983,-0.000115901206728885,-1.92052818859501e-05,3.9830599877034e-06,250.75412499417,264.302396491843
7.64,2.21190165966778,1.96115902580279e-07,1.00164690243681,2.3059231310781e-05,0.0428161085708146,-1.29296777924882e-05,1.50005855131209,-8.3278619277148e-05,0.062564015036802,0.000379868205967035,0.174533706114027,-9.34329720730399e-05,-2.28752630823266e-05,2.41313304498173e-06,250.762236647454,264.309726352671
7.65,2.22689619207829,-8.39259070361332e-07,1.00166313793153,2.67720741072253e-05,0.044561450284506,-1.37152366033349e-05,1.49567124437811,-8.04638096459543e-05,0.0651627264530528,0.000368399165309357,0.174534735598509,-6.965087357993e-05,-2.28752630823266e-05,2.41313304498173e-06,250.77089164815,264.317983221121
7.66,2.24184722981625,-1.85979623217284e-06,1.00167765794335,3.03725899268923e-05,0.0463068001104635,-1.42523752074779e-05,1.49110842353086,-7.78164869005877e-05,0.0677391884817261,0.000355257114482606,0.174535280951926,-4.50455364421125e-05,-2.62976749767771e-05,1.27818277758617e-06,250.780058666463,264.32713998204
7.67,2.25675306076417,-2.86280223769766e-06,1.00169045556765,3.38528482120905e-05,0.0480521553839185,-1.45352347515836e-05,1.48637008750549,-7.51934826305127e-05,0.0702922782771245,0.000342143763359878,0.174535826303697,-2.01084660637576e-05,-2.62976749767771e-05,1.27818277758617e-06,250.789710297309,264.337166713992
7.68,2.27161197231832,-3.84548860025065e-06,1.00170152593739,3.72070291407842e-05,0.0497975145995965,-1.45628516477144e-05,1.48145632890379,-7.27572820231637e-05,0.0728208960876078,0.000327494581338536,0.174536037553186,4.67697252746611e-06,-2.94447750528909e-05,4.95098057926709e-07,250.799823106957,264.348030969589
7.69,2.28642225154614,-4.80535052214322e-06,1.00171086601975,4.04275087854783e-05,0.0515428759182853,-1.4339041982758e-05,1.47636716843001,-7.03645319840901e-05,0.0753239623179295,0.000312873501165762,0.174536248785234,2.88446158173342e-05,-2.94447750528909e-05,4.95098057926709e-07,250.810377541587,264.359698027928
7.7,2.30118227081594,-5.73980969529377e-06,1.00171847886895,4.3508660416828e-05,0.053287469137773,-1.38722212971667e-05,1.47112184898997,-6.81501756759292e-05,0.077799306187261,0.000296870769742754,0.174365302015797,5.19535790899938e-05,-3.22777440184941e-05,-0.000400595648693586,250.821355485409,264.372128795601
7.71,2.31589042186027,-6.64657176263876e-06,1.00172437018144,4.64431571074237e-05,0.0550303528030444,-1.31751041389025e-05,1.46570154426913,-6.59740645035401e-05,0.0802445439954398,0.000280893282326155,0.174194338445361,7.3595849868899e-05,-3.22777440184941e-05,-0.000400595648693586,250.832735653515,264.385275531095
7.72,2.33054563079309,-7.52329411285251e-06,1.00172857591805,4.92255582638284e-05,0.0567658032091749,-1.22645673602664e-05,1.46024907743455,-6.39435957211979e-05,0.0826507194790525,0.000263707509637313,0.172751442607171,9.34031578255239e-05,-3.47531186512703e-05,-0.00338059993969224,250.844491821357,264.399080627166
7.73,2.34514697174955,-8.36791523505227e-06,1.00173114235914,5.18488562394388e-05,0.0584868239502662,-1.11610967730272e-05,1.45462436080883,-6.19264282563925e-05,0.0850067132875657,0.000246541318656823,0.171308391578059,0.000111051992320325,-3.47531186512703e-05,-0.00338059993969224,250.856548872193,264.413431268647
7.74,2.35969367876391,-9.17833839153905e-06,1.00173212539588,5.43078298117154e-05,0.0601851025109971,-9.88834036157952e-06,1.44903605078729,-6.00031951690429e-05,0.0873011359115912,0.00022835872055181,0.168018275900061,0.000126268561127627,-3.68280773099229e-05,-0.00770687625841683,250.868883279458,264.428265382588
7.75,2.37418521273647,-9.95273995395559e-06,1.00173159518525,5.65958725771251e-05,0.0618504782192459,-8.47261600395031e-06,1.44328200012923,-5.8054432020777e-05,0.0895179755396565,0.000210187403192666,0.164727784628554,0.000138832016466518,-3.68280773099229e-05,-0.00770687625841683,250.881398054985,264.44344150004
7.76,2.38862092637174,-1.0689277896394e-05,1.00172961557252,5.87080680644438e-05,0.0634740397113039,-6.94221467598044e-06,1.43758769854501,-5.61353829712012e-05,0.0916466414114439,0.000191208124512099,0.159457417383058,0.000148577279548524,-3.8465296966147e-05,-0.0123428280046506,250.894078524561,264.458902644269
7.77,2.40300043272998,-1.13863710788572e-05,1.001726265424,6.06383611729085e-05,0.0650448947334964,-5.32699119627026e-06,1.43173833625433,-5.41444776740805e-05,0.0936696417222862,0.000172230503466839,0.154186429499583,0.000155396264064141,-3.8465296966147e-05,-0.0123428280046506,250.906830997335,264.474508257279
7.78,2.4173230618604,-1.20424415334971e-05,1.00172160765157,6.23822956648078e-05,0.0665551421088167,-3.65750353326908e-06,1.42593624062032,-5.2113503455089e-05,0.0955790521069296,0.000152666827923705,0.147160354302865,0.000159238476465967,-3.96370404076634e-05,-0.0164510075693941,250.919651162772,264.490211292647
7.79,2.43158839770977,-1.26561566637774e-05,1.0017157186509,6.39345882741922e-05,0.0679951249765823,-1.96469216720226e-06,1.419993481179,-4.99633273682458e-05,0.0973591555203992,0.000133095715520425,0.140133445648816,0.000160110197347758,-3.96370404076634e-05,-0.0164510075693941,250.93246429527,264.50589173055
7.8,2.4457956561208,-1.32262128816659e-05,1.00170865496422,6.52914644000731e-05,0.069359095808655,-2.78961228026789e-07,1.41406044830105,-4.77046405769189e-05,0.0990053744478733,0.000113169963642152,0.131830306346513,0.000158072928044861,-4.03272241664055e-05,-0.0194368960632267,250.945274531249,264.521513591654
7.81,2.45994426883934,-1.37515339477921e-05,1.00170048372043,6.64486831776624e-05,0.0706400308598757,1.37006345353732e-06,1.40800381712058,-4.52845013938581e-05,0.100506495285755,9.32298914418731e-05,0.123526193221316,0.000153240650635203,-4.03272241664055e-05,-0.0194368960632267,250.958033081443,264.536987694176
7.82,2.47403329510841,-1.42311010502892e-05,1.00169125238275,6.74034121532883e-05,0.071834969332805,2.95440156050968e-06,1.40190573175296,-4.26950907877092e-05,0.10186121885454,7.31715972670842e-05,0.114565304706723,0.000145776338027277,-4.05315993030963e-05,-0.0209719508636316,250.970748775113,264.552288009727
7.83,2.48806195113792,-1.46641027089577e-05,1.0016810154604,6.8152735108921e-05,0.0729402943032141,4.44789972661476e-06,1.39570242410407,-3.99124164973233e-05,0.103064547006705,5.30952883151655e-05,0.105603391236871,0.000135887571478289,-4.05315993030963e-05,-0.0209719508636316,250.983399778004,264.567359835621
7.84,2.50202914078159,-1.50498136548818e-05,1.001669810467,6.86950196983603e-05,0.0739559733423026,5.82695001747534e-06,1.38940360915987,-3.69127204289319e-05,0.104118069766552,3.31373767686298e-05,0.0966355237392809,0.000123821445248215,-4.02566365387326e-05,-0.0209835241257532,250.99599529387,264.582184871437
7.85,2.51593385622037,-1.53876942025724e-05,1.00165767822984,6.9028922970225e-05,0.0748819692419863,7.07062898482476e-06,1.38301785876614,-3.37026071358725e-05,0.105023417422044,1.31610086619029e-05,0.0876666647919754,0.000109858958772706,-4.02566365387326e-05,-0.0209835241257532,251.008538154686,264.596742479835
7.86,2.52977488104488,-1.56773179852061e-05,1.00164464678151,6.91542242655856e-05,0.0757209032453739,8.16119649608826e-06,1.37648864929506,-3.02447019003953e-05,0.105784607159629,-6.46494578950372e-06,0.079281524461146,9.43087271773081e-05,-3.95177501633304e-05,-0.0196155485981181,251.021033779067,264.611019374099
7.87,2.54355101921741,-1.59184208625875e-05,1.00163074382842,6.90713293614453e-05,0.0764759818316341,9.08420417156344e-06,1.36988947385347,-2.6576701555225e-05,0.10640907671986,-2.61072670880582e-05,0.0708954920625807,7.75006612197537e-05,-3.95177501633304e-05,-0.0196155485981181,251.033505518053,264.625025915386
7.88,2.55726099107185,-1.6110876067348e-05,1.00161598964044,6.87815607636613e-05,0.0771519018500419,9.82873738775125e-06,1.36311140981232,-2.26494975161238e-05,0.106902787018,-4.51762253277071e-05,0.0635543089238776,5.97789486865482e-05,-3.83373450700633e-05,-0.0171695217753879,251.045951331012,264.63875087952
7.89,2.57090347843112,-1.62546942102063e-05,1.00160040085294,6.82871512695035e-05,0.0777544066600653,1.03874955344628e-05,1.35627811337866,-1.85312450991339e-05,0.107277295729225,-6.42580764184413e-05,0.0562123744288035,4.14955742696549e-05,-3.83373450700633e-05,-0.0171695217753879,251.058409425084,264.652230205556
7.9,2.58447720478948,-1.63500437228105e-05,1.00158399295159,6.75910019122595e-05,0.0782895172548864,1.07567748297052e-05,1.3492465700227,-1.41624214319452e-05,0.107539948857047,-8.25564523617497e-05,0.0502093750407938,2.3003069680369e-05,-3.67429767099549e-05,-0.0140367099750746,251.070867326213,264.665451738328
7.91,2.59798081102253,-1.63972042849428e-05,1.00156677506554,6.66971490080746e-05,0.0787645951944542,1.09365140544177e-05,1.34217174460847,-9.63995915486598e-06,0.107704380385456,-0.000100864015851727,0.0442057827156669,4.6484054563466e-06,-3.67429767099549e-05,-0.0140367099750746,251.083370916174,264.678469216866
7.92,2.61141308836393,-1.63966303710819e-05,1.0015487619115,6.56100141992729e-05,0.0791861883866638,1.09300460217869e-05,1.33489614990061,-4.89463316837712e-06,0.107778641126905,-0.000118193641832277,0.0396580251759506,-1.32339817279659e-05,-3.47657637337103e-05,-0.0106317117608336,251.095895301105,264.691266848849
7.93,2.62477271889166,-1.63488606288849e-05,1.001529959962,6.43353244953536e-05,0.0795623020503217,1.07440970279455e-05,1.32758626129591,-4.95618803528953e-08,0.107776517151842,-0.000135529349549308,0.0351098318408666,-3.03274638439811e-05,-3.47657637337103e-05,-0.0106317117608336,251.108485734061,264.703906509478
7.94,2.63805861549215,-1.6254622500633e-05,1.00151038762325,6.28788881653269e-05,0.0798992777358832,1.0388356557736e-05,1.32008831426835,4.97404238251414e-06,0.107705991811588,-0.00015171007135826,0.0319714230874057,-4.63394271249125e-05,-3.24391153688685e-05,-0.00733547896881637,251.121104262257,264.716366809964
7.95,2.6512695730084,-1.61147000116475e-05,1.00149005417219,6.12479437843768e-05,0.080204868020749,9.87541819655457e-06,1.31256224000673,1.0030194100733e-05,0.107579517384202,-0.000167894730214016,0.0288327209241143,-6.10053573720647e-05,-3.24391153688685e-05,-0.00733547896881637,251.133787161904,264.728707447251
7.96,2.66440466348743,-1.59300775402961e-05,1.00146898575396,5.94495003627797e-05,0.0804846200916647,9.22022878779613e-06,1.30487272086312,1.52075703936253e-05,0.107404253547586,-0.000182765606714737,0.0269271015384742,-7.40938442682637e-05,-2.97978119054647e-05,-0.00445319745189964,251.146484417775,264.740900655684
7.97,2.67746284755333,-1.57017683951836e-05,1.00144719952118,5.7492088365958e-05,0.080745315188399,8.43996311021899e-06,1.29715880370714,2.03411501721387e-05,0.107190397491613,-0.00019763916964098,0.025021307628625,-8.54092445619695e-05,-2.97978119054647e-05,-0.00445319745189964,251.15921644863,264.752994721477
7.98,2.69044337500669,-1.54309956866782e-05,1.00142473215281,5.53837034975142e-05,0.080991311273766,7.5534156575505e-06,1.28931364347938,2.55301320166665e-05,0.106943684649735,-0.000211058619545325,0.0240841756682572,-9.47951464722287e-05,-2.68774692256014e-05,-0.00218955729598393,251.171923857711,264.764956117396
7.99,2.7033454026776,-1.51189841436057e-05,1.00140161234103,5.31339300062215e-05,0.0812279356629881,6.58080982365266e-06,1.28144591644073,3.05945791542507e-05,0.106671669417448,-0.000224480072152557,0.0231469595417401,-0.000102135504965395,-2.68774692256014e-05,-0.00218955729598393,251.184607199159,264.776815218182
8,2.71616835821987,-1.47671756949963e-05,1.00137788827083,5.0751526416035e-05,0.0814581699875585,5.54318969734886e-06,1.27348217277266,3.56449516640159e-05,0.106378329021257,-0.000236325528857383,0.0228724395240239,-0.000107356358093172,-2.37143949352291e-05,-0.000641285738984159,251.197201780175,264.788534639399
8.01,2.72891160213784,-1.43769872306974e-05,1.00135360172388,4.8246889382122e-05,0.0816856590028554,4.46217475809136e-06,1.26549640235438,4.04905920580617e-05,0.106068602477286,-0.00024817249117946,0.0225978953925177,-0.000110425448272227,-2.37143949352291e-05,-0.000641285738984159,251.209687942334,264.800124088697
8.02,2.74157472427238,-1.39500580452267e-05,1.00132881140439,4.56293178198007e-05,0.0819120144367045,3.3593983014029e-06,1.25744868281814,4.5253859433063e-05,0.105744682569268,-0.000258340140374646,0.0226815470365612,-0.00011135213469672,-2.03457926012076e-05,0.000195378651316237,251.222000613389,264.811545108461
8.03,2.7541572759581,-1.34879766139206e-05,1.00130357141889,4.29097842803943e-05,0.0821392064162056,2.25622835872728e-06,1.24937878080731,4.97374615436554e-05,0.105409196197686,-0.000268508715587858,0.0227652058080858,-0.000110185620273457,-2.03457926012076e-05,0.000195378651316237,251.234103151786,264.822787830334
8.04,2.76665898205984,-1.2992556620739e-05,1.00127794833873,4.00979125109977e-05,0.0823676406830973,1.1732863782566e-06,1.24127650328139,5.40759904602039e-05,0.105062796417859,-0.000276913722226678,0.022939021943296,-0.000107013160636767,-1.68102023969843e-05,0.000405899977969803,251.245935121938,264.833815800744
8.05,2.7790795563586,-1.24655361987615e-05,1.00125200582962,3.72050226653669e-05,0.0825978131709957,1.30162145266734e-07,1.23315171207415,5.80693519592765e-05,0.104706257800957,-0.000285318909748927,0.0231128523210233,-0.000101957104103672,-1.68102023969843e-05,0.000405899977969803,251.257448833175,264.844603767809
8.06,2.79141882502565,-1.19088789555955e-05,1.00122581460032,3.42408570291884e-05,0.0828291961401321,-8.54966507418434e-07,1.22501740278904,6.18642313748062e-05,0.10433911696395,-0.000291896270401511,0.0231693886137651,-9.5171639810799e-05,-1.314800562321e-05,0.000132003851899489,251.268592890975,264.855120061857
8.07,2.8036766262155,-1.1324449434311e-05,1.00119944378176,3.12168649177579e-05,0.0830611444866733,-1.76559402841075e-06,1.2168604744907,6.52612105533101e-05,0.103960825961315,-0.000298472986956312,0.0232259293054383,-8.6838925194668e-05,-1.314800562321e-05,0.000132003851899489,251.279315858672,264.865330080362
8.08,2.8158528520342,-1.0714335378864e-05,1.00117296410928,2.81427123774471e-05,0.0832925245836985,-2.58715680477903e-06,1.20870914005689,6.84183333949309e-05,0.103570294418287,-0.000303178870215103,0.0230305449581635,-7.71647280120307e-05,-9.4017925621217e-06,-0.000456122423733714,251.289578632657,264.875208969585
8.09,2.82794742327944,-1.00805033851108e-05,1.00114644557031,2.5029771748845e-05,0.0835219507679598,-3.30723959851421e-06,1.20053556723642,7.11399183143011e-05,0.103166190873606,-0.000307883379552964,0.0228351464562348,-6.63739607129328e-05,-9.4017925621217e-06,-0.000456122423733714,251.299333296466,264.884719274568
8.1,2.83996026520007,-9.42513856036304e-06,1.00111995506751,2.18874534777199e-05,0.0837480158513433,-3.91573372244038e-06,1.19237502837055,7.35939778053716e-05,0.102747254723393,-0.000310696623940078,0.0223270537615282,-5.47056434783135e-05,-5.61641303503707e-06,-0.00118596845046976,251.308554841596,264.893844011837
8.11,2.85189134125007,-8.75028448197059e-06,1.00109355906821,1.87268635225116e-05,0.0839689998504144,-4.40496625769454e-06,1.18419323497653,7.55911782544501e-05,0.102311872418747,-0.000313508027984023,0.0218189272880279,-4.2408186432575e-05,-5.61641303503707e-06,-0.00118596845046976,251.317204955426,264.902548690237
8.12,2.86374058277673,-8.05819631679056e-06,1.00106731749621,1.55569985779391e-05,0.0841835175032241,-4.7697522237564e-06,1.1760252099723,7.73074614293558e-05,0.101858971772597,-0.000314431396758958,0.0210030033485724,-2.97341293214939e-05,-1.83859539070927e-06,-0.00190424880141619,251.325273049543,264.910824267286
8.13,2.87550796186807,-7.35096933893642e-06,1.00104128970403,1.23885315824618e-05,0.0843898756921287,-5.00743217091633e-06,1.16783750804999,7.85619959095396e-05,0.101387080957264,-0.000315352811076701,0.0201870305614009,-1.69355106862242e-05,-1.83859539070927e-06,-0.00190424880141619,251.332734604349,264.918643611111
8.14,2.88719339657508,-6.63090142210911e-06,1.00101552645802,9.22991511949799e-06,0.0845869405086059,-5.11782815954347e-06,1.1596591788268,7.95360337130034e-05,0.100895548861838,-0.000314413653754366,0.0191191357259837,-4.25882581772121e-06,1.88388456862881e-06,-0.00249202381304393,251.33959247079,264.926004873617
8.15,2.89879684229265,-5.90011452900901e-06,1.00099007749054,6.09125147096083e-06,0.0847733261190198,-5.103185833303e-06,1.15146323642597,8.00589521550543e-05,0.100383358684893,-0.000313472762552658,0.0180511844437538,8.05920210055766e-06,1.88388456862881e-06,-0.00249202381304393,251.345837958664,264.932890950302
8.16,2.9103181926531,-5.16092225815029e-06,1.0009649832663,2.98035211083357e-06,0.0849482978774031,-4.96804701397604e-06,1.14326901736725,8.03142384553884e-05,0.0998503894097466,-0.000310722866202744,0.0168200462392402,1.97960549787169e-05,5.50340409062893e-06,-0.00287267365555305,251.351485375788,264.93930588626
8.17,2.92175737088956,-4.41544890979558e-06,1.00094028256799,-9.33553127246588e-08,0.0851109579980319,-4.7191028565337e-06,1.13505956446105,8.01427615347973e-05,0.0992962618471847,-0.000307971685351064,0.0155888517682811,3.07469756762233e-05,5.50340409062893e-06,-0.00287267365555305,251.356541855016,264.945243587245
8.18,2.93311424288702,-3.6659975016076e-06,1.00091600537748,-3.12276119855544e-06,0.0852610349575929,-4.36499809222126e-06,1.12684282547715,7.97268751935784e-05,0.0987213906317515,-0.000303486261631167,0.0142973870568206,4.07284804825396e-05,8.97390629549396e-06,-0.00301317206648916,251.361030534209,264.950712421264
8.19,2.9443886938718,-2.91467120364625e-06,1.00089217929765,-6.09918116301421e-06,0.0853981970441917,-3.91611092382055e-06,1.11861335021634,7.89198367482026e-05,0.0981260835607106,-0.000299000084516072,0.0130058724497996,4.9581031089867e-05,8.97390629549396e-06,-0.00301317206648916,251.364972666864,264.955716863008
8.2,2.95558056510188,-2.16373701401849e-06,1.00086882444832,-9.01623281604679e-06,0.0855226242008495,-3.38430577707811e-06,1.11036789099813,7.78993871844451e-05,0.0975112203335478,-0.000292875981930466,0.0117544062343112,5.71714132284206e-05,1.22523321067481e-05,-0.00291963403386422,251.368397303648,264.960268021632
8.21,2.96668970619619,-1.41525447591778e-06,1.0008459579401,-1.18660101930167e-05,0.0856345365156654,-2.78266219132477e-06,1.10211211930203,7.65317338726514e-05,0.0968777288598758,-0.00028675160320915,0.0105029001598862,6.33943856004044e-05,1.22523321067481e-05,-0.00291963403386422,251.371336889942,264.964379445681
8.22,2.97771594149084,-6.71430111864954e-07,1.00082359124622,-1.46428525370055e-05,0.0857344945027506,-2.125194467541e-06,1.09383326421707,7.49865991016721e-05,0.0962268344189179,-0.000279104927211664,0.00937600190264364,6.81738180555618e-05,1.52998872036477e-05,-0.0026288610384922,251.373823493474,264.968063591496
8.23,2.98865909352568,6.57416763121815e-08,1.00080173235426,-1.73396390926443e-05,0.0858231833782819,-1.42655540444776e-06,1.08554628491313,7.31434299463785e-05,0.0955599340964274,-0.000271458312657888,0.008249074914853,7.14632564423247e-05,1.52998872036477e-05,-0.0026288610384922,251.375897098576,264.97134092788
8.24,2.99951897994276,7.94138216025045e-07,1.00078038567667,-1.99514016034938e-05,0.0859014346864518,-7.01742318732914e-07,1.0772315373997,7.11607666138959e-05,0.0948784547157746,-0.000262421670330603,0.00730697118620428,7.32458194936991e-05,1.8083006365514e-05,-0.00219766079970356,251.377590166499,264.974224183379
8.25,3.01029540840004,1.51185076881589e-06,1.00075955187248,-2.2471790299079e-05,0.0859702648744191,3.41979813747574e-08,1.06891050286288,6.89313856117484e-05,0.0941840673547914,-0.000253385264806847,0.00636484892825097,7.35336976180536e-05,1.8083006365514e-05,-0.00219766079970356,251.37894632547,264.976738310095
8.26,3.02098820063058,2.2168626712338e-06,1.00073923002953,-2.48964855940398e-05,0.0860306498412952,7.66456966601111e-07,1.06055976418261,6.65998649512433e-05,0.0934782527275926,-0.000243104836156108,0.00563961632156375,7.236690410809e-05,2.05739447972383e-05,-0.00169169953335407,251.379996259826,264.978895616729
8.27,3.0315971628444,2.90737030687343e-06,1.0007194154458,-2.72198817353711e-05,0.0860837824352053,1.48073394505587e-06,1.05220416226696,6.40722759654565e-05,0.0927627552685724,-0.000232824687906635,0.00491437325888287,6.98118005596703e-05,2.05739447972383e-05,-0.00169169953335407,251.380783532483,264.980723147282
8.28,3.04212213056533,3.58148377114207e-06,1.00070010357336,-2.94382582013144e-05,0.0861306586627946,2.1634984593102e-06,1.04381957266231,6.14769420517794e-05,0.0920389758793856,-0.00022145728269277,0.00441047822662364,6.59588784164908e-05,2.2750994898045e-05,-0.00117536953256223,251.381335442426,264.982232484701
8.29,3.05256292112001,4.23752280595075e-06,1.00068128626167,-3.15467214926466e-05,0.0861724959173995,2.80221438932886e-06,1.03543111990341,5.87331425006346e-05,0.0913085571849504,-0.000210090128100123,0.00390657827942469,6.09204689707497e-05,2.2750994898045e-05,-0.00117536953256223,251.38169231286,264.983450683676
8.3,3.06291939126125,4.87374335422939e-06,1.00066295680895,-3.35421025822951e-05,0.0862102040196717,3.38555974134941e-06,1.02701661647409,5.59512060826033e-05,0.0905727142825838,-0.000197800336724275,0.00360486702283208,5.48277909533588e-05,2.45983816527616e-05,-0.000703749811219821,251.381877050013,264.984388633528
8.31,3.07319137954842,5.48860529175969e-06,1.0006451052885,-3.5420190370701e-05,0.0862448950002235,3.90359088234229e-06,1.01859886057776,5.30635421722078e-05,0.0898328577546462,-0.000185510751414166,0.00330315405819945,4.78280545872461e-05,2.45983816527616e-05,-0.000703749811219821,251.381924346608,264.985071813039
8.32,3.08337876848972,6.080527555502e-06,1.00062772401102,-3.7178327802522e-05,0.0862773144428858,4.34790572804116e-06,1.01015956434692,5.01613230113196e-05,0.0890899475752113,-0.000172468255824087,0.00316712867554256,4.00810474485936e-05,2.61059215950034e-05,-0.000317279975655139,251.381852285564,264.985510700715
8.33,3.09348142459161,6.64812518877722e-06,1.00061080257843,-3.88129632063065e-05,0.0863083736279988,4.71173985248921e-06,1.00171730429159,4.71900634264699e-05,0.0883450847316408,-0.00015942594561219,0.00303110300490441,3.1755876427476e-05,2.61059215950034e-05,-0.000317279975655139,251.381688455282,264.985728199584
8.34,3.10349925757187,7.18999505500814e-06,1.00059433311196,-4.03219239712168e-05,0.0863386089904403,4.99006348733304e-06,0.993258845569798,4.42211857872309e-05,0.0875989448327494,-0.000145803027746839,0.00301428554322954,2.30273770632954e-05,2.7268538184389e-05,-3.92267605774106e-05,251.381446186718,264.985734800071
8.35,3.11343216484916,7.70492037975335e-06,1.00057830561656,-4.17023048845706e-05,0.0863686761750777,5.17960733986482e-06,0.984797476439176,4.12133622571569e-05,0.0868522927388361,-0.000132180309542788,0.00299746809177678,1.40727524166125e-05,2.7268538184389e-05,-3.92267605774106e-05,251.381145423943,264.985550416928
8.36,3.12328008203706,8.19168844473156e-06,1.00056271246046,-4.2952404224953e-05,0.0863988901597302,5.27888907138897e-06,0.976325365627614,3.82182014068419e-05,0.0861055277231949,-0.000118149579128073,0.00305064574322893,5.06808190484097e-06,2.80857157200476e-05,0.000124037245484468,251.380795206695,264.985185995353
8.37,3.13304293692761,8.64926142240059e-06,1.00054754450202,-4.40699616510097e-05,0.0864296359162566,5.28817216217587e-06,0.967850255458513,3.52076622862817e-05,0.085359094523747,-0.000104119085632991,0.00310382319392581,-3.81488865089817e-06,2.80857157200476e-05,0.000124037245484468,251.380408130624,264.984658546666
8.38,3.14272068751707,9.07662690577501e-06,1.00053279448057,-4.50537470059248e-05,0.0864610230494423,5.20942313600173e-06,0.959369364128727,3.22139430958104e-05,0.0846131540616538,-8.98514405924538e-05,0.00318135751737393,-1.24118909581755e-05,2.85609528736536e-05,0.000180850923072929,251.379989667375,264.983979827282
8.39,3.15231328853288,9.47293436877902e-06,1.00051845419066,-4.59021544656781e-05,0.0864931855199454,5.04621141936535e-06,0.950885329231303,2.92224776186356e-05,0.0838678782041781,-7.55840693365199e-05,0.00325889138049615,-2.05689624101241e-05,2.85609528736536e-05,0.000180850923072929,251.379546023919,264.983164386572
8.4,3.16182071541554,9.83737892698464e-06,1.00050451663716,-4.66144391609788e-05,0.0865260647960249,4.80360401574792e-06,0.942399534127903,2.6246846454375e-05,0.083123246765093,-6.12468947171614e-05,0.00332341874194249,-2.81450387332658e-05,2.87012538126237e-05,0.000150513761480705,251.379079961158,264.98222497929
8.41,3.17124294438791,1.01693032178497e-05,1.00049097436247,-4.71896691957091e-05,0.0865595893399428,4.48801780926388e-06,0.933910468362373,2.32861682359879e-05,0.0823792247371565,-4.69100085451359e-05,0.00338794560455549,-3.50142097863566e-05,2.87012538126237e-05,0.000150513761480705,251.378592695752,264.98117431698
8.42,3.18057996277979,1.04681143939178e-05,1.00047782039689,-4.76276093758609e-05,0.0865935823913683,4.10706311874102e-06,0.925422472783407,2.03365009620973e-05,0.0816356758915774,-3.26656103178195e-05,0.00341319298138934,-4.10676114050679e-05,2.85166755115414e-05,5.88919144101047e-05,251.378085157211,264.980026123819
8.43,3.18983176184687,1.07333516115341e-05,1.00046504768271,-4.79280283047401e-05,0.0866278279126966,3.66936224366879e-06,0.916931148647295,1.74108331198628e-05,0.0808924314522483,-1.84214818364617e-05,0.00343844012869386,-4.62149709803201e-05,2.85166755115414e-05,5.88919144101047e-05,251.377555175059,264.978791913735
8.44,3.19899833532491,1.09646359148956e-05,1.00045264898785,-4.8091232134617e-05,0.0866620854918111,3.18435688456498e-06,0.908442459888255,1.44890075929162e-05,0.0801493022340777,-4.42574004644513e-06,0.00341026260968118,-5.03857097386006e-05,2.80199367475828e-05,-6.5727968024088e-05,251.377002663624,264.977486130203
8.45,3.20807968288232,1.11617038645068e-05,1.00044061724962,-4.81177201506102e-05,0.0866960612952014,2.66210795801559e-06,0.899950483382733,1.15979897793692e-05,0.0794060565412645,9.56978169226791e-06,0.00338208538129481,-5.35297008154536e-05,2.80199367475828e-05,-6.5727968024088e-05,251.376423670235,264.976119621261
8.46,3.21707579997651,1.13243896649594e-05,1.00042894472547,-4.80083746239636e-05,0.0867295018650226,2.11308407131113e-06,0.891461559199439,8.70284094337062e-06,0.078662504553475,2.31685677156381e-05,0.00329758378865665,-5.56175557590699e-05,2.72260872448868e-05,-0.000197115800502372,251.375817780662,264.974707099022
8.47,3.22598668884936,1.14526257673096e-05,1.00041762399032,-4.7764455038518e-05,0.0867620974223766,1.54795772534227e-06,0.882969494948809,5.84448000672514e-06,0.0779184113717592,3.67672015124435e-05,0.00321308311798645,-5.664058134421e-05,2.72260872448868e-05,-0.000197115800502372,251.375180673568,264.97325905739
8.48,3.23481234309432,1.15464563154052e-05,1.00040664662686,-4.73874529569096e-05,0.0867936233566833,9.7739252526452e-07,0.874479966245435,2.9746680203352e-06,0.077173624539807,4.9829311642217e-05,0.00307866780289769,-5.66102837778926e-05,2.61522324046797e-05,-0.000313555799797092,251.374512137797,264.971789888874
8.49,3.24355276289804,1.16060058300284e-05,1.00039600459055,-4.6879412247526e-05,0.0868238051450783,4.11850128945179e-07,0.865987542211743,1.48076534747669e-07,0.0764279506623939,6.28913384184956e-05,0.00294425399061843,-5.55575715571352e-05,2.61522324046797e-05,-0.000313555799797092,251.37380861015,264.970309811984
8.5,3.25220793768085,1.16315227972165e-05,1.00038568873518,-4.62424604556498e-05,0.0868524768439811,-1.3860710828036e-07,0.85749648527245,-2.69536985972436e-06,0.0756812970111914,7.52865118609353e-05,0.00277296192635292,-5.35315643367518e-05,2.48173078962608e-05,-0.00039958854641456,251.373070450563,264.968832247184
8.51,3.26077786243906,1.16233177886348e-05,1.0003756902725,-4.54794400173205e-05,0.086879435632311,-6.64485721038552e-07,0.849002851843279,-5.48766286984627e-06,0.0749335393163971,8.76816571355078e-05,0.00260167176347016,-5.05981431884762e-05,2.48173078962608e-05,-0.00039958854641456,251.372295637196,264.967367000456
8.52,3.26926252145111,1.15818357903118e-05,1.00036599939358,-4.45931300271801e-05,0.0869045900782048,-1.15702864278421e-06,0.840509084157561,-8.29931830470831e-06,0.0741846518299061,9.92898881841408e-05,0.00241006101948818,-4.68381950387854e-05,2.32418974418606e-05,-0.000446997621808292,251.371485310265,264.965925878251
8.53,3.27766190302065,1.15075653349406e-05,1.00035660658876,-4.3587171429633e-05,0.0869278284281847,-1.60835097111853e-06,0.832013102521776,-1.10496469293196e-05,0.0734345896750107,0.0001108981246325,0.00221845232509055,-4.23456550342871e-05,2.32418974418606e-05,-0.000446997621808292,251.370639407386,264.964517960029
8.54,3.28597598645549,1.14011379711443e-05,1.000347501555,-4.24649953443484e-05,0.0869491366351498,-2.01156659107899e-06,0.823515441652865,-1.38183094595467e-05,0.0726833892910897,0.000121610398929231,0.00202371949088355,-3.72253493967605e-05,2.14480854812801e-05,-0.00045429054288568,251.369759921839,264.963152882788
8.55,3.29420475330171,1.12632101799966e-05,1.00033867421009,-4.12310235441644e-05,0.0869684975253138,-2.36088260135194e-06,0.815015940663515,-1.65128420471374e-05,0.0719310809698871,0.00013232269053333,0.0018289886065216,-3.15907043438296e-05,2.14480854812801e-05,-0.00045429054288568,251.368848841216,264.961838590799
8.56,3.3023481789394,1.10945882121923e-05,1.00033011400047,-3.988932164642e-05,0.0869859664755272,-2.65167800648768e-06,0.806513408592153,-1.92208708603435e-05,0.071177750084745,0.000142041674947079,0.00164656126754791,-2.55613688042339e-05,1.94593344486451e-05,-0.000425591501153991,251.367908973762,264.960582142072
8.57,3.31040623923503,1.08960847342922e-05,1.00032181051566,-3.84450547607023e-05,0.0870016111627025,-2.88055249919331e-06,0.798009391732734,-2.18393100264872e-05,0.0704234872552607,0.000151760672928216,0.00146413558977813,-1.92607791146879e-05,1.94593344486451e-05,-0.000425591501153991,251.366944176897,264.959389924059
8.58,3.3183789072309,1.06686671098324e-05,1.00031375323574,-3.69028858828112e-05,0.0870155406915498,-3.04535441631659e-06,0.789501349563395,-2.44626869409032e-05,0.0696684088719888,0.000160401360959174,0.00130595336013217,-1.28137477048686e-05,1.73003747903584e-05,-0.000369035719524972,251.365957952176,264.958266192291
8.59,3.32626615495435,1.04132908741457e-05,1.00030593172171,-3.5268665350254e-05,0.0870278884064797,-3.14518293345084e-06,0.780992135685521,-2.69786740030926e-05,0.0689126449412592,0.000169042051771888,0.00114777240273556,-6.34407237739932e-06,1.73003747903584e-05,-0.000369035719524972,251.36495564858,264.957215419764
8.6,3.33406795491751,1.01310693996909e-05,1.00029833577656,-3.35475966778962e-05,0.087038797191466,-3.18036658903847e-06,0.772478345319214,-2.94877360817004e-05,0.0681563237937247,0.000176532357604741,0.00102134189970819,2.7731750579086e-08,1.49970951304954e-05,-0.000294964206374662,251.36394128188,264.956239040188
8.61,3.3417842775102,9.82308643636534e-06,1.00029095524634,-3.17461373268012e-05,0.0870484416775098,-3.15242124338704e-06,0.763963638345828,-3.18698806409835e-05,0.067399592162213,0.000184022656080453,0.00089491226845865,6.18660417829873e-06,1.49970951304954e-05,-0.000294964206374662,251.362921193547,264.955339380447
8.62,3.34941509644863,9.49058497521814e-06,1.00028378051916,-2.98699559854588e-05,0.0870569776764916,-3.06398413418497e-06,0.75544425770272,-3.42306213054168e-05,0.0666425729436432,0.000190303944937492,0.000803106473552942,1.20249074964607e-05,1.25764205017598e-05,-0.000214187082600926,251.361899700119,264.954515233332
8.63,3.3569603826803,9.1347612185253e-06,1.00027680201568,-2.79260210836873e-05,0.0870645956213985,-2.91873296553148e-06,0.746924150493081,-3.64440325030989e-05,0.0658854088562053,0.000196585221430565,0.000711301205126507,1.74442330899977e-05,1.25764205017598e-05,-0.000214187082600926,251.360883588858,264.953766714171
8.64,3.36442011256401,8.75697033519064e-06,1.00027001091966,-2.59203751387919e-05,0.0870714453081691,-2.72128342524617e-06,0.73839967624223,-3.86198307002934e-05,0.0651282037134417,0.000201612761354507,0.00065278333538464,2.23569446610708e-05,1.00661681962775e-05,-0.000136526319287322,251.359877248487,264.953090332384
8.65,3.37179425950115,8.35850434470881e-06,1.00026339846211,-2.38603863977846e-05,0.0870777098182443,-2.47707729639478e-06,0.729874601383008,-4.06279958187517e-05,0.0643710799222352,0.000206640289740064,0.000594265736318626,2.66875063866559e-05,1.00661681962775e-05,-0.000136526319287322,251.358887380051,264.952484107697
8.66,3.37908280345574,7.94081234039573e-06,1.00025695676209,-2.17523673214489e-05,0.0870835182840892,-2.1922534962047e-06,0.721345767927327,-4.25816091544404e-05,0.0636141136620797,0.00021038360927015,0.000564443970812913,3.03735143111913e-05,7.4948731668136e-06,-6.95768623214265e-05,251.357918218053,264.951942763207
8.67,3.38628572163487,7.50526488453734e-06,1.00025067801936,-1.96039637055105e-05,0.0870890285328717,-1.87351496055778e-06,0.712816403186255,-4.43484491228706e-05,0.0628573967916519,0.000214126921778508,0.000534622313082029,3.33664778703781e-05,7.4948731668136e-06,-6.95768623214265e-05,251.356975914717,264.95146251841
8.68,3.39340299812414,7.05338616294872e-06,1.00024455535877,-1.74216456480211e-05,0.0870943390456633,-1.52798444525894e-06,0.704284084641948,-4.60440982042265e-05,0.0621009740588279,0.000216570057943424,0.00052668526117468,3.56322942847277e-05,4.89157755706583e-06,-1.85179259881482e-05,251.356064333505,264.95103689236
8.69,3.40043461475457,6.58660759393954e-06,1.0002385820311,-1.52132075020518e-05,0.0870995701875947,-1.16306103911665e-06,0.695751259515546,-4.75360283450831e-05,0.061344902116109,0.000219013192007555,0.000518748230265519,3.71514588835322e-05,4.89157755706583e-06,-1.85179259881482e-05,251.355188700362,264.950660732032
8.7,3.4073805597436,6.10650927426475e-06,1.00023275216453,-1.29851607484e-05,0.0871047854476104,-7.86272283424384e-07,0.687216355275976,-4.89414053734478e-05,0.0605891952957212,0.00022015481279564,0.000524919867889437,3.79189807976237e-05,2.28558164577015e-06,1.43992656770842e-05,251.354352314898,264.950326971199
8.71,3.41424081973544,5.614565597454e-06,1.00022706006122,-1.07453171940086e-05,0.0871100624231486,-4.0513138289719e-07,0.678680938867743,-5.01292422272291e-05,0.059833875931598,0.000221296434098583,0.000531091490638319,3.79440412844507e-05,2.28558164577015e-06,1.43992656770842e-05,251.353559215036,264.950029613427
8.72,3.42101538668645,5.1123932612981e-06,1.00022150078994,-8.50011401924844e-06,0.0871154302310445,-2.699663645509e-08,0.670144279704823,-5.12172954196386e-05,0.0590789325606583,0.000221149819117612,0.000543733558614357,3.72493897940089e-05,-2.93844037958338e-07,2.94956954767188e-05,251.352811973749,264.949761607906
8.73,3.42770425172253,4.60149176737769e-06,1.00021606963647,-6.25725181069727e-06,0.0871209244585959,3.41060180202856e-07,0.661607087025615,-5.20778745508508e-05,0.0583243581775336,0.000221003203888245,0.000556375603719642,3.58705089783607e-05,-2.93844037958338e-07,2.94956954767188e-05,251.352113292154,264.949516684719
8.74,3.4343074098589,4.08349519001451e-06,1.00021076250266,-4.02298264079047e-06,0.0871265444227831,6.9237736547308e-07,0.653069365657139,-5.28282487054818e-05,0.057570122427738,0.000219596066546157,0.000568865891979821,3.38545658129611e-05,-2.8177831834309e-06,2.91416730763079e-05,251.3514648904,264.949288344395
8.75,3.44082485598172,3.55991048254775e-06,1.00020557553932,-1.80477386085312e-06,0.0871322892889221,1.0208146305276e-06,0.644531086661486,-5.33456510970904e-05,0.056816196520777,0.0002181889255505,0.000581356161939479,3.12591746828057e-05,-2.8177831834309e-06,2.91416730763079e-05,251.35086808872,264.94907059705
8.76,3.44725658732233,3.03237016246537e-06,1.00020050534603,3.91409637102859e-07,0.0871381358461727,1.32085179509495e-06,0.635992815603772,-5.37457003107847e-05,0.056062539072822,0.000215563060769594,0.000588688468093928,2.81510063524989e-05,-5.25802990840538e-06,1.71074213071847e-05,251.350323670803,264.948857929138
8.77,3.45360260156373,2.50237137593889e-06,1.00019554878839,2.55844538274565e-06,0.0871440557258409,1.58767273305503e-06,0.627453970273239,-5.39120228892192e-05,0.0553091081647164,0.000212937188262464,0.000596020766004793,2.46042644814799e-05,-5.25802990840538e-06,1.71074213071847e-05,251.349831622999,264.948645117233
8.78,3.45986289726481,1.97152663833652e-06,1.00019070301711,4.69074577681461e-06,0.0871500118547935,1.81723366323629e-06,0.618915466100274,-5.39573506042892e-05,0.0545558590423758,0.000209147932213174,0.000595114564950165,2.06990742068453e-05,-7.58746911124162e-06,-2.1142574297171e-06,251.349391756357,264.948427942536
8.79,3.46603747384438,1.44130660215867e-06,1.00018596544938,6.78163148577127e-06,0.0871559589215052,2.00631502013006e-06,0.610376385226487,-5.37729961102258e-05,0.0538027451485831,0.000205358665957265,0.000594208369549291,1.65198014574344e-05,-7.58746911124162e-06,-2.1142574297171e-06,251.349002844997,264.948202327892
8.8,3.47212633036861,9.13286010319516e-07,1.0001813336449,8.82596790995303e-06,0.0871618546965964,2.15255631114822e-06,0.601837779252237,-5.34675168788017e-05,0.0530497248398513,0.00020047415898175,0.00058391781975844,1.21533518750974e-05,-9.78047052417595e-06,-2.40095028425205e-05,251.348663741016,264.947965519933
8.81,3.47812946697931,3.88893070134953e-07,1.00017680541444,1.08176015107985e-05,0.0871676475664298,2.25447388975225e-06,0.593298611487575,-5.29410164006654e-05,0.05229675417609,0.000195589642544124,0.000573627293398175,7.68746594363307e-06,-9.78047052417595e-06,-2.40095028425205e-05,251.348372182435,264.947714832402
8.82,3.48404688259215,-1.30352168119413e-07,1.00017237860191,1.27519104205962e-05,0.0871732977011586,2.31146192074365e-06,0.584759882803608,-5.22965698947772e-05,0.0515437992704804,0.000189689893263424,0.000554485621982737,3.20905785455881e-06,-1.18132833809226e-05,-4.46608065893341e-05,251.348126126028,264.947449009912
8.83,3.48987857723183,-6.43079010015911e-07,1.00016805127392,1.46233326359711e-05,0.0871787564198672,2.32377670041204e-06,0.576220624417777,-5.14439850321722e-05,0.0507908240821442,0.000183790138957329,0.000535343994620484,-1.19738687114735e-06,-1.18132833809226e-05,-4.46608065893341e-05,251.347922483871,264.947166852228
8.84,3.49562454921816,-1.14783800614964e-06,1.00016382145901,1.64278021286136e-05,0.0871839919354367,2.2925057175992e-06,0.567681645572772,-5.04795633183388e-05,0.0500378050717712,0.000176965895975197,0.000509138477989883,-5.45131350334791e-06,-1.36644165746698e-05,-6.11422562567949e-05,251.347758429205,264.946868508375
8.85,3.5012847978634,-1.64333002495646e-06,1.00015968737112,1.81603968387395e-05,0.0871889653968988,2.21952163113976e-06,0.559142183560491,-4.93235418881593e-05,0.0492847171348251,0.00017014165536382,0.000482933025894612,-9.4774865223598e-06,-1.36644165746698e-05,-6.11422562567949e-05,251.347630276234,264.946554213126
8.86,3.50685932066548,-2.12819096715053e-06,1.0001556471518,1.98176333108849e-05,0.0871936564806349,2.10742358095476e-06,0.550602769201053,-4.80642139480156e-05,0.0485315477591289,0.000162493102048585,0.000452211116776513,-1.32072322972232e-05,-1.53149881719106e-05,-7.16801812919751e-05,251.347534570274,264.946225321685
8.87,3.51234811589276,-2.60120617780887e-06,1.00015169908609,2.13952609581409e-05,0.0871980403465557,1.95946601538175e-06,0.542062928236986,-4.66327918827833e-05,0.0477782836954841,0.000154844559904221,0.000421489288398474,-1.65795245049146e-05,-1.53149881719106e-05,-7.16801812919751e-05,251.34746726184,264.945883325411
8.88,3.51775118019276,-3.06111036656261e-06,1.00014784138364,2.28903903308642e-05,0.0872021093664614,1.7794781591418e-06,0.533522880003341,-4.51084236912566e-05,0.0470249225902756,0.000146479856377285,0.000389072202586997,-1.95418918497186e-05,-1.67490284671481e-05,-7.56357589927266e-05,251.347424460059,264.945530510203
8.89,3.52306851070452,-3.50678502947804e-06,1.00014407235537,2.42994581862529e-05,0.0872058542168188,1.57177444547878e-06,0.524982466562587,-4.34336755876249e-05,0.0462714622267429,0.000138115172421812,0.000356655205772477,-2.20511390135167e-05,-1.67490284671481e-05,-7.56357589927266e-05,251.347401982451,264.945169347173
8.9,3.52830010335446,-3.93707573785579e-06,1.00014039025708,2.56201669746943e-05,0.0872092792887867,1.34105928392696e-06,0.516441609902489,-4.16775494259332e-05,0.0455179084620635,0.000129148876194806,0.000325213925347594,-2.40738728808268e-05,-1.79537225179183e-05,-7.33594094325337e-05,251.347395718866,264.9448027305
8.91,3.53344595427085,-4.35097048493194e-06,1.00013679340699,2.68496428521505e-05,0.0872123899491079,1.09232680954314e-06,0.507900449123118,-3.97941911251064e-05,0.0447642680542525,0.000120182606031964,0.000293772732474208,-2.55868279577574e-05,-1.79537225179183e-05,-7.33594094325337e-05,251.347401572542,264.944433770566
8.92,3.53850605889623,-4.74743625071314e-06,1.00013328010273,2.79861667962219e-05,0.0872152004759784,8.30758750311725e-07,0.499358659364718,-3.78416246062552e-05,0.0440105525391596,0.000110734008072737,0.000265504390346607,-2.65769952506357e-05,-1.89195811626961e-05,-6.59566174106005e-05,251.347415442697,264.944065631065
8.93,3.54348041261335,-5.12557646845259e-06,1.0001298486715,2.90275448776168e-05,0.0872177283202749,5.61621526060149e-07,0.490816621827788,-3.57856639675582e-05,0.0432567749064711,0.000101285439895342,0.000237236125394984,-2.70415519433553e-05,-1.89195811626961e-05,-6.59566174106005e-05,251.347433517365,264.943701694311
8.94,3.54836901067298,-5.48448848449071e-06,1.00012649745998,2.99726145379677e-05,0.0872199946012597,2.901650738405e-07,0.482273838474758,-3.36727185258965e-05,0.0425029497109053,9.1476855927938e-05,0.000213660970105234,-2.69876071109071e-05,-1.96405335669576e-05,-5.5006622446159e-05,251.347451930643,264.943345066921
8.95,3.5531718480606,-5.82339864927791e-06,1.00012322481921,3.0819843251435e-05,0.0872220251311246,2.1525031212985e-08,0.473730855653295,-3.14802365111617e-05,0.0417490932609288,8.16683025446984e-05,0.000190085875595218,-2.64317644610115e-05,-1.96405335669576e-05,-5.5006622446159e-05,251.347467327956,264.942999044362
8.96,3.55788892013294,-6.14154197626257e-06,1.00012002915767,3.15685968385076e-05,0.0872238444632537,-2.39370137430074e-07,0.465187085433253,-2.92425883996642e-05,0.0409952207131463,7.16233600506647e-05,0.000171967053316192,-2.5399526282322e-05,-2.01139389058322e-05,-4.22758770884942e-05,251.347476285564,264.942666386296
8.97,3.56252022184798,-6.43827369482128e-06,1.00011690887126,3.22179791794316e-05,0.0872254826071415,-4.87884990467995e-07,0.456643154115457,-2.69487134694122e-05,0.0402413490344221,6.1578446475519e-05,0.000153848273345883,-2.39245432301836e-05,-2.01139389058322e-05,-4.22758770884942e-05,251.347476046332,264.942349982161
8.98,3.56706574893105,-6.71297207882481e-06,1.00011386244341,3.2767852923634e-05,0.0872269642775583,-7.1975536256204e-07,0.448098464539015,-2.46207395065019e-05,0.0394874920662043,5.14204063405328e-05,0.000141221650795838,-2.20477404861505e-05,-2.0340519377007e-05,-2.94612989191973e-05,251.347463803712,264.942052010657
8.99,3.57152549665145,-6.96512564592577e-06,1.00011088833595,3.32179292573756e-05,0.0872283196813095,-9.31156669693086e-07,0.439553641772177,-2.2258856143642e-05,0.0387336653196508,4.12623917637485e-05,0.000128595053700239,-1.98163282829925e-05,-2.0340519377007e-05,-2.94612989191973e-05,251.347437500402,264.941774700028
9,3.57589946130162,-7.19425978337981e-06,1.00010798511696,3.35685349139628e-05,0.0872295709494006,-1.11876265475619e-06,0.431008147651875,-1.98729636089134e-05,0.037979880041756,3.11125401280488e-05,0.000120886458811136,-1.72827308089166e-05,-2.03242208916867e-05,-1.79862931202805e-05,251.347395078082,264.941519482839
9.01,3.58018763873044,-7.39999913085405e-06,1.00010515133065,3.38199572506081e-05,0.0872307451307659,-1.27979220266301e-06,0.422462538481165,-1.74741726098236e-05,0.0372261488768242,2.09627098169785e-05,0.000113177876587446,-1.45034443057307e-05,-2.03242208916867e-05,-1.79862931202805e-05,251.347335240255,264.941287751466
9.02,3.58439002575277,-7.58201828721483e-06,1.00010238561932,3.39729549920572e-05,0.0872318612789343,-1.4120453532028e-06,0.413916347916943,-1.50603798480811e-05,0.036472480464316,1.09388508267789e-05,0.000109703418590274,-1.1537858907398e-05,-2.00720111680726e-05,-8.10690228909244e-06,251.347256762885,264.941080110299
9.03,3.58850661877065,-7.74007926362043e-06,1.00009968660108,3.4028360135115e-05,0.0872329426815279,-1.51392653537116e-06,0.405370051898234,-1.26532058381331e-05,0.0357188845659905,9.15008707746203e-07,0.0001062289648776,-8.44705689862076e-06,-2.00720111680726e-05,-8.10690228909244e-06,251.347159156172,264.940897059363
9.04,3.59253741532641,-7.87400622011896e-06,1.00009705300466,3.39873332674896e-05,0.0872340026895664,-1.58445664952108e-06,0.396823321818769,-1.02389591511773e-05,0.0349653664091309,-8.86991698835749e-06,0.000105721409092315,-5.29262049093338e-06,-1.95936273586023e-05,-1.1842751293466e-06,251.347042040604,264.940738348588
9.05,3.59648241265413,-7.98369821320821e-06,1.00009448354103,3.38512202094035e-05,0.0872350576209709,-1.62327235229101e-06,0.388276489345101,-7.8492812803832e-06,0.0342119319928655,-1.86548299816322e-05,0.000105213853726136,-2.13546223269099e-06,-1.95936273586023e-05,-1.1842751293466e-06,251.346905673422,264.940603552329
9.06,3.60034160898353,-8.0691275903917e-06,1.00009197701641,3.36215560211446e-05,0.0872361148927714,-1.63061465898725e-06,0.379729370566077,-5.45947611201255e-06,0.033458583557295,-2.80939825553964e-05,0.000106354523663768,9.65293259555529e-07,-1.89012865942707e-05,2.66152026685199e-06,251.346750484711,264.940491622213
9.07,3.60411500235902,-8.13032857603715e-06,1.00008953222739,3.33001708511952e-05,0.0872371835702448,-1.6073058333023e-06,0.371182148380111,-3.11064250807904e-06,0.0327053237994341,-3.75331260833653e-05,0.000107495193187898,3.95336299801936e-06,-1.89012865942707e-05,2.66152026685199e-06,251.346577410596,264.94040128826
9.08,3.60780259160327,-8.1674186544926e-06,1.00008714804412,3.28889497725064e-05,0.0872382656234406,-1.55471673661361e-06,0.362634772715526,-7.67803931023331e-07,0.0319521526774608,-4.65268481082753e-05,0.000109073637135546,6.77627229407393e-06,-1.80093730467377e-05,3.68297873731409e-06,251.346387602576,264.940330819442
9.09,3.61140437547702,-8.18056383231226e-06,1.00008482333544,3.2390179155261e-05,0.0872393634602081,-1.47472435816014e-06,0.354087290927211,1.51912000708806e-06,0.0311990703514616,-5.55205641571699e-05,0.000110652081231637,9.3862222262448e-06,-1.80093730467377e-05,3.68297873731409e-06,251.346182569535,264.940278248031
9.1,3.61492035326093,-8.17002206971091e-06,1.00008255701872,3.18060722377144e-05,0.0872404746743702,-1.369661574701e-06,0.345539761313707,3.79455033775899e-06,0.0304460753390736,-6.39773010766066e-05,0.000111695795018245,1.17408427786636e-05,-1.69341146561926e-05,2.43529120660877e-06,251.345964051391,264.940241322208
9.11,3.61835052428155,-8.13608632257185e-06,1.00008034801729,3.11393445067183e-05,0.0872415963250376,-1.2422595874674e-06,0.336992123168525,6.00045480457802e-06,0.029693166175429,-7.24340344919339e-05,0.000112739509661385,1.38038216081245e-05,-1.69341146561926e-05,2.43529120660877e-06,251.345733993797,264.940217571682
9.12,3.6216948881226,-8.07914884153069e-06,1.00007819527802,3.0392517379553e-05,0.0872427230643549,-1.09558483914817e-06,0.328444508423746,8.18978050525524e-06,0.0289403407654669,-8.02710944276501e-05,0.000112594781159923,1.55454010298856e-05,-1.56932610557654e-05,-3.37706745668778e-07,251.345494558523,264.940204416049
9.13,3.62495344449436,-7.99962333061538e-06,1.00007609775908,2.95687085987166e-05,0.0872438483560293,-9.32971467862714e-07,0.319896784519939,1.0297160116619e-05,0.0281875969160032,-8.81081527306366e-05,0.000112450053771359,1.69427362577918e-05,-1.56932610557654e-05,-3.37706745668778e-07,251.345247971234,264.940199106238
9.14,3.62812619313256,-7.89802872492825e-06,1.00007405442051,2.86707285616075e-05,0.0872449654431102,-7.57950797275505e-07,0.311349119548879,1.23830933927005e-05,0.0274349326052646,-9.5252310910879e-05,0.0001108037490253,1.79801149136653e-05,-1.43057722524409e-05,-3.84134144602059e-06,251.344996628611,264.940198938841
9.15,3.63121313394729,-7.77489200293494e-06,1.00007206423686,2.77020696361521e-05,0.0872460660670634,-5.74179338637172e-07,0.302801347419698,1.43757218131614e-05,0.0266823456552786,-0.00010239646872253,0.000109157445196899,1.8649034658583e-05,-1.43057722524409e-05,-3.84134144602059e-06,251.344742868564,264.940201117139
9.16,3.63421426669936,-7.63084987803483e-06,1.00007012616856,2.66658115226563e-05,0.0872471434514035,-3.85366496551698e-07,0.294253638143962,1.63420939037983e-05,0.0259298345828786,-0.000108784425486656,0.000106005225612452,1.89481455140643e-05,-1.27915252774352e-05,-7.35509817355415e-06,251.344489129733,264.940203017201
9.17,3.63712959133919,-7.46653396835211e-06,1.00006823919163,2.55657916757165e-05,0.0872481893137153,-1.95203644533742e-07,0.285705826582866,1.82047652312018e-05,0.0251773977318612,-0.000115172382552321,0.000102853006634989,1.88830579840731e-05,-1.27915252774352e-05,-7.35509817355415e-06,251.344237694099,264.94020201329
9.18,3.63995910756165,-7.28268869380032e-06,1.00006640225883,2.44053376239606e-05,0.0872491979414839,-7.29548234076392e-09,0.277158057743488,2.00363192787099e-05,0.024425034382548,-0.000120751086297067,9.84313158616954e-05,1.84660288047486e-05,-1.11710435270163e-05,-1.03171594473686e-05,251.343990857754,264.940195745589
9.19,3.64270281523874,-7.08004064172891e-06,1.00006461433796,2.31885993295788e-05,0.0872501623527045,1.74904695199271e-07,0.268610194102639,2.17546854741935e-05,0.0236727436496543,-0.000126329790486661,9.40096256358801e-05,1.77155297564992e-05,-1.11710435270163e-05,-1.03171594473686e-05,251.343750689449,264.940181949015
9.2,3.64536071394766,-6.8594308478478e-06,1.00006287437104,2.19191276411109e-05,0.0872510786006623,3.48155150826324e-07,0.260062337997145,2.34369745758893e-05,0.0229205255885757,-0.00013105663806032,8.87108716480509e-05,1.66557150819705e-05,-9.46525107525326e-06,-1.23636153091544e-05,251.343519179993,264.940158682484
9.21,3.64793280340987,-6.62167030005267e-06,1.00006118131352,2.06013484119491e-05,0.0872519418615602,5.09479876712575e-07,0.251514396565469,2.49974950256743e-05,0.022168380106325,-0.000135783485835126,8.34121185823727e-05,1.53157969319133e-05,-9.46525107525326e-06,-1.23636153091544e-05,251.343298049393,264.940124190109
9.22,3.65041908306929,-6.36768469655719e-06,1.00005953409819,1.92390072376086e-05,0.0872527502693173,6.56216337396575e-07,0.242966421278434,2.6516894791733e-05,0.0214163078857166,-0.000139626412879633,7.76986732364364e-05,1.37293464689565e-05,-7.6952520247521e-06,-1.33312208449418e-05,251.343088853262,264.940077064991
9.23,3.65281955246935,-6.09835810603688e-06,1.00005793166922,1.78367644576973e-05,0.0872535015431429,7.86055744196953e-07,0.234418371312575,2.79069006330044e-05,0.0206643094779286,-0.000143469339697384,7.19852295552096e-05,1.19335333245583e-05,-7.6952520247521e-06,-1.33312208449418e-05,251.34289285846,264.940016160111
9.24,3.65513421093465,-5.81468823687398e-06,1.00005637295538,1.63985270534429e-05,0.0872541958689192,8.97075620339029e-07,0.225870247546648,2.92507324928381e-05,0.0199123859500567,-0.000146406812491869,6.63130929905014e-05,9.96832154944676e-06,-5.8821331081348e-06,-1.32348435896783e-05,251.34271109623,264.93994067325
9.25,3.65736305784063,-5.51762032212211e-06,1.00005485689487,1.49291432380733e-05,0.08725483347382,9.87764051843709e-07,0.217322060052346,3.04585958251905e-05,0.0191605382482879,-0.000149344284677152,6.06409589504665e-05,7.87563700205587e-06,-5.8821331081348e-06,-1.32348435896783e-05,251.342544313736,264.939850113617
9.26,3.65950609242732,-5.20821089708898e-06,1.00005338242022,1.34326428842359e-05,0.0872554162981812,1.05703559144331e-06,0.208773766076087,3.1615345711591e-05,0.0184087675469387,-0.000151365203407224,5.54000166598407e-05,5.6985234129011e-06,-4.04678636065314e-06,-1.22287472060843e-05,251.342392973737,264.939744306924
9.27,3.66156331394012,-4.88745400531021e-06,1.00005194847196,1.19140102281147e-05,0.0872559467135177,1.104238657253e-06,0.200225418831115,3.2630733265336e-05,0.0176570749029437,-0.000153386121397638,5.0159077570876e-05,3.48030309076304e-06,-4.04678636065314e-06,-1.22287472060843e-05,251.342257278545,264.939623414251
9.28,3.66353472158088,-4.55645146504e-06,1.00005055399555,1.03773544797304e-05,0.0872564279397272,1.12915460703386e-06,0.191676943360619,3.35903410588928e-05,0.0169054613385559,-0.000154489642738783,4.56336813194234e-05,1.26375743383504e-06,-2.20974780983448e-06,-1.0559170415333e-05,251.342137123986,264.939487866409
9.29,3.66542031451966,-4.21623350006649e-06,1.00004919794374,8.82773919054096e-06,0.0872568639122409,1.13198873884831e-06,0.183128423961688,3.4404524069245e-05,0.0161539277571137,-0.000155593163598332,4.1108288545558e-05,-9.09657076258818e-07,-2.20974780983448e-06,-1.0559170415333e-05,251.342032183956,264.939338424522
9.3,3.66722009196941,-3.86793347659163e-06,1.00004787928433,7.26930478957107e-06,0.0872572585737638,1.11335361398369e-06,0.174579767036552,3.5158712928849e-05,0.0154024748246017,-0.000155788448325087,3.74590643091087e-05,-3.00054519196105e-06,-3.91047777605138e-07,-8.51479938619153e-06,251.341941831628,264.939176059891
9.31,3.66893405308554,-3.51260505263315e-06,1.00004659699255,5.707133360784e-06,0.0872576167431641,1.07424528896767e-06,0.166031073992257,3.57649003421972e-05,0.0146511030855224,-0.000155983733254266,3.38098433663651e-05,-4.97224740436645e-06,-3.91047777605138e-07,-8.51479938619153e-06,251.341865267459,264.939002041682
9.32,3.67056219713677,-3.151399383224e-06,1.00004535006715,4.14534475803888e-06,0.0872579425357094,1.01601305681487e-06,0.157482246107147,3.63075120970861e-05,0.0138998127214807,-0.000155289622506652,3.10751378322641e-05,-6.79144395859199e-06,1.38993146791054e-06,-6.38094658717644e-06,251.341801422963,264.938817782299
9.33,3.67210452332103,-2.78538085619062e-06,1.00004413751525,2.58897588106167e-06,0.0872582409811812,9.40323527115205e-07,0.148933388200552,3.6701172970484e-05,0.0131486037933657,-0.000154595513006202,2.83404350506252e-05,-8.42867690971651e-06,1.38993146791054e-06,-6.38094658717644e-06,251.341749112757,264.938624936349
9.34,3.67356103099715,-2.41570479408197e-06,1.00004295837364,1.04207176188862e-06,0.0872585158957462,8.49119820923911e-07,0.140384408107148,3.702847611089e-05,0.0123974759515581,-0.000153040135057078,2.64537784785823e-05,-9.85878534305595e-06,3.11459440784478e-06,-4.40218074904734e-06,251.341706935959,264.938425232207
9.35,3.67493171945174,-2.04343380363858e-06,1.00004181168911,-4.90441102419141e-07,0.0872587719436195,7.44576853351173e-07,0.1318354024101,3.720761901374e-05,0.0116464287331992,-0.000151484759613658,2.45671239636714e-05,-1.10612457769882e-05,3.11459440784478e-06,-4.40218074904734e-06,251.341673433387,264.938220567739
9.36,3.67621658815468,-1.66971404641286e-06,1.00004069654162,-2.00464772421225e-06,0.0872590122979583,6.2905360798937e-07,0.123286294106002,3.73185592082652e-05,0.0108954612835649,-0.000149105067635214,2.3385620884604e-05,-1.20204166657953e-05,4.76527011062396e-06,-2.75682892366645e-06,251.341646999226,264.938012846753
9.37,3.67741563651162,-1.29559417507638e-06,1.00003961202314,-3.49579709356526e-06,0.0872592408370772,5.05043424622894e-07,0.11473716313715,3.72839411828939e-05,0.0101445726503917,-0.000146725379443846,2.22041192291389e-05,-1.27256830078954e-05,4.76527011062396e-06,-2.75682892366645e-06,251.341626027246,264.937804060155
9.38,3.67852886411004,-9.22198300875089e-07,1.00003855725979,-4.96015883324635e-06,0.0872594598977595,3.75123268342122e-07,0.10618795260042,3.71803101463231e-05,0.0093937615549762,-0.000143566619972194,2.1541903506561e-05,-1.31715035255981e-05,6.32535087281068e-06,-1.54515889176187e-06,251.341608841527,264.937596142055
9.39,3.67955627048759,-5.50549422417567e-07,1.00003753139188,-6.39322063210897e-06,0.0872596723360833,2.41902967403907e-07,0.0976387211710522,3.69355547058157e-05,0.00864302664437479,-0.000140407865399565,2.08796887868624e-05,-1.33573605379454e-05,6.32535087281068e-06,-1.54515889176187e-06,251.341593819808,264.937391029376
9.4,3.68049785534293,-1.81737286914806e-07,1.00003653359271,-7.79148894982017e-06,0.0872598796064495,1.07975377436954e-07,0.0890894333652371,3.66220609367155e-05,0.00789236632912199,-0.000136522977001705,2.05406701602816e-05,-1.3287618104203e-05,7.77943206037904e-06,-7.91030948802414e-07,251.341579347545,264.937190547335
9.41,3.68135361834235,1.83251863774442e-07,1.00003556305177,-9.1507497752583e-06,0.0872600834864645,-2.41316416389071e-08,0.0805401256339143,3.6173672904631e-05,0.00714177897396427,-0.00013263809428884,2.02016523751856e-05,-1.29712924368379e-05,7.77943206037904e-06,-7.91030948802414e-07,251.341563911414,264.936996445164
9.42,3.68212355927952,5.43374259430182e-07,1.00003461898893,-1.04677946634879e-05,0.0872602846250193,-1.52000565101677e-07,0.071990782189479,3.56579064977855e-05,0.00639126280093499,-0.000128087036361832,2.00068240916423e-05,-1.24217426902938e-05,9.11345226069747e-06,-4.54587193724091e-07,251.341546076612,264.936810315464
9.43,3.68280767793313,8.97690807900772e-07,1.00003370064191,-1.17387622592636e-05,0.0872604838152018,-2.73366124232045e-07,0.0634414193371291,3.5015180389343e-05,0.00564081601635006,-0.000123535984483008,1.98119966950659e-05,-1.16562894405552e-05,9.11345226069747e-06,-4.54587193724091e-07,251.341524548293,264.936633607821
9.44,3.68340597416983,1.24521451506795e-06,1.00003280727532,-1.29607720272907e-05,0.0872606810624272,-3.86153092972194e-07,0.0548920371313442,3.43074729661752e-05,0.00489043676587702,-0.000118384997133922,1.96183610234021e-05,-1.06957708032418e-05,1.03148316396381e-05,-4.51808728680054e-07,251.341498168511,264.936467581873
9.45,3.68391844785637,1.58506302202318e-06,1.00003193817283,-1.41303629373211e-05,0.0872608763733062,-4.88509391244668e-07,0.046342635891618,3.3482300249138e-05,0.00414012320742631,-0.00011323401574519,1.94247263787595e-05,-9.56404600797814e-06,1.03148316396381e-05,-4.51808728680054e-07,251.341465947347,264.936313303708
9.46,3.68434509890862,1.91631599577588e-06,1.00003109264132,-1.52450184931369e-05,0.0872610693151551,-5.78833998029346e-07,0.0377932265501344,3.25954892494076e-05,0.0033898734994734,-0.000107554813243878,1.91349267918885e-05,-8.28745747319087e-06,1.13726053405198e-05,-6.76199715658316e-07,251.341427073588,264.936171628875
9.47,3.6846859272538,2.2381564983717e-06,1.0000302700074,-1.63017177993212e-05,0.0872612593591247,-6.55799331326853e-07,0.0292437986345878,3.16020774619929e-05,0.00263968583545174,-0.000101875616199901,1.8845128345728e-05,-6.89426272733526e-06,1.13726053405198e-05,-6.76199715658316e-07,251.341380920173,264.936043188203
9.48,3.68494093283495,2.54973974200329e-06,1.00002946961752,-1.7298336903007e-05,0.0872614458450406,-7.18367828749201e-07,0.0206943688175828,3.0551190924509e-05,0.00188955844699925,-9.57445184589685e-05,1.84086120025039e-05,-5.41404754898961e-06,1.2277547932575e-05,-1.01855028001672e-06,251.341327061758,264.935928394729
9.49,3.68511011561323,2.85032192874548e-06,1.00002869083798,-1.82323261452049e-05,0.087261627966005,-7.65802599600014e-07,0.0121449211150161,2.94057136646537e-05,0.00113948961615728,-8.96134253434686e-05,1.79720968003392e-05,-3.87713216768894e-06,1.2277547932575e-05,-1.01855028001672e-06,251.341265260701,264.935827425936
9.5,3.68519347554072,3.13914162587209e-06,1.00002793305218,-1.9101974397291e-05,0.0872618050207908,-7.97672131573563e-07,0.00359547335866122,2.8207596679744e-05,0.000389477679528938,-8.31104341220706e-05,1.73797432210456e-05,-2.31398147906139e-06,1.30222843749426e-05,-1.38218274133972e-06,251.341195484969,264.935740247587
9.51,3.68519101259019,3.41553486678717e-06,1.00002719566303,-1.9905225136575e-05,0.0872619761523231,-8.13849131834651e-07,-0.00495399130666325,2.6927797495742e-05,-0.000360478968418783,-7.66074464839877e-05,1.67873906383884e-05,-7.54630611384643e-07,1.30222843749426e-05,-1.38218274133972e-06,251.341117881353,264.935666598616
9.52,3.6851027267099,3.67883025028295e-06,1.0000264780886,-2.06407918778523e-05,0.0872621407619213,-8.14503721202732e-07,-0.0135034574467008,2.56007044209896e-05,-0.0011103818782058,-6.98152753739158e-05,1.60619916872069e-05,7.71864307881043e-07,1.36013827431053e-05,-1.69263268499815e-06,251.341032788373,264.935606024917
9.53,3.68492861786778,3.92844925903509e-06,1.00002577976569,-2.13071238028585e-05,0.0872622981178473,-8.00091253532226e-07,-0.0220529392412227,2.42054794155862e-05,-0.00186023254249665,-6.30231067269115e-05,1.53365934662668e-05,2.23794023659619e-06,1.36013827431053e-05,-1.69263268499815e-06,251.340940703018,264.935557871569
9.54,3.68466868600083,4.163816020957e-06,1.00002510014511,-2.19033625425009e-05,0.0872624478164961,-7.713351815719e-07,-0.0306024259722837,2.27686566032853e-05,-0.0026100324078496,-5.60261762885328e-05,1.45215035846856e-05,3.6179979984573e-06,1.40114240877023e-05,-1.90191901327813e-06,251.340842285065,264.935521320437
9.55,3.6843229310621,4.38444198027695e-06,1.0000244386954,-2.24284664377576e-05,0.0872625893645591,-7.29205406136882e-07,-0.0391519268860171,2.1277640110828e-05,-0.0033597828689651,-4.90292472429886e-05,1.37064141040516e-05,4.8888219006401e-06,1.40114240877023e-05,-1.90191901327813e-06,251.340738322652,264.935495392463
9.56,3.68389135297485,4.58985108127603e-06,1.00002379489855,-2.28820008021355e-05,0.0872627225954586,-6.74892685083623e-07,-0.04770143706334,1.9750922400828e-05,-0.0041094852865169,-4.19126587456708e-05,1.28543103701481e-05,6.02994218232224e-06,1.42510452530434e-05,-1.98828803046068e-06,251.340629726365,264.935478984168
9.57,3.68337395167326,4.7796481169272e-06,1.00002316825316,-2.32634280086431e-05,0.0872628473055919,-6.09779666357679e-07,-0.0562509598240631,1.81840976060953e-05,-0.00485914097923302,-3.47960707307208e-05,1.20022067156625e-05,7.02393500813675e-06,1.42510452530434e-05,-1.98828803046068e-06,251.340517497682,264.935470880742
9.58,3.68277072706819,4.9534599069196e-06,1.00002255827115,-2.35727254315819e-05,0.08726296356366,-5.35409220781002e-07,-0.0648004960544526,1.65875384746327e-05,-0.00560875124225231,-2.76445736613523e-05,1.11653769978787e-05,7.85665644184603e-06,1.43209512485764e-05,-1.95264792706802e-06,251.340402713014,264.935469787943
9.59,3.68208167907583,5.11098684803257e-06,1.00002196447991,-2.38098465584436e-05,0.0872630714536296,-4.53450721400732e-07,-0.0733500432409697,1.49648906755035e-05,-0.00635831734031816,-2.04930764041633e-05,1.03285471058969e-05,8.51740793205714e-06,1.43209512485764e-05,-1.95264792706802e-06,251.340286497703,264.93547435495
9.6,3.68130680759869,5.25196046175412e-06,1.00002138642028,-2.39751629479566e-05,0.0872631712448207,-3.65664985163183e-07,-0.0818996072644038,1.3318441128964e-05,-0.00710784052041794,-1.33900461085756e-05,9.55157609329632e-06,8.99903230065347e-06,1.42238947892883e-05,-1.81297354053193e-06,251.340170001715,264.935483199505
9.61,3.68044611253935,5.3761778764034e-06,1.0000208236474,-2.40690994817343e-05,0.0872632632664078,-2.73868556793868e-07,-0.0904491806815616,1.16596659902879e-05,-0.0078573220102125,-6.28701523971478e-06,8.77460475676968e-06,9.29794059117872e-06,1.42238947892883e-05,-1.81297354053193e-06,251.340054380635,264.935494938143
9.62,3.6794995937973,5.48347591763572e-06,1.0000202757301,-2.4092398850559e-05,0.0872633479331786,-1.79898033692233e-07,-0.0989987730410355,9.98291158155756e-06,-0.00860676301976093,6.86542341470423e-07,8.08981991407749e-06,9.41407125660591e-06,1.39646218354219e-05,-1.59786622097223e-06,251.339940765748,264.935508203605
9.63,3.67846725126789,5.57374846179686e-06,1.00001974225043,-2.40459319189034e-05,0.087263425752107,-8.55750942500016e-08,-0.107548373371512,8.30718474527839e-06,-0.00935616474870018,7.66010059069639e-06,7.40503470981988e-06,9.35078465854054e-06,1.39646218354219e-05,-1.59786622097223e-06,251.339830252461,264.935521679207
9.64,3.67734908485319,5.64693703835658e-06,1.00001922280423,-2.3930785430002e-05,0.0872634972199299,7.32713939556481e-09,-0.116097993343451,6.61914404483661e-06,-0.0101055283740614,1.44265001934844e-05,6.83064678804374e-06,9.11469660724798e-06,1.35497832854406e-05,-1.34026622140054e-06,251.339723868022,264.935534108479
9.65,3.67614509444818,5.7030312037247e-06,1.0000187169996,-2.37482462924235e-05,0.0872635629437848,9.71158069427399e-08,-0.124647620053702,4.94495243211334e-06,-0.0108548550681227,2.11929002988932e-05,6.25625856412983e-06,8.71545613661308e-06,1.35497832854406e-05,-1.34026622140054e-06,251.339622567058,264.935544330138
9.66,3.67485527996243,5.74207542163375e-06,1.00001822445834,-2.34997153412538e-05,0.0872636234408483,1.82207562160899e-07,-0.133197265785246,3.26393447468439e-06,-0.0116041459720146,2.76786684514103e-05,5.79680823327156e-06,8.16547310469316e-06,1.29878143214073e-05,-1.07207150527025e-06,251.339527200221,264.935551280529
9.67,3.67347964129688,5.76415281310749e-06,1.00001774481361,-2.31868622085602e-05,0.0872636793432412,2.611548808884e-07,-0.141746917236603,1.60896408748343e-06,-0.0123534022241519,3.41644367415171e-05,5.33735772746481e-06,7.47960250317549e-06,1.29878143214073e-05,-1.07207150527025e-06,251.339438516029,264.935554025851
9.68,3.6720181783723,5.76940788262406e-06,1.00001727771197,-2.28113700573902e-05,0.087263731136783,3.32669042640833e-07,-0.150296586022109,-4.75227502174806e-08,-0.0131026249218744,4.03011279358528e-05,4.98587418696431e-06,6.67479242363041e-06,1.22887841850396e-05,-8.20142993972057e-07,251.339357133362,264.935551758355
9.69,3.67047089110053,5.7580141994742e-06,1.00001682281053,-2.23752556077978e-05,0.0872637794152682,3.95639432735578e-07,-0.158846259723194,-1.66645227844556e-06,-0.0138518151584418,4.64378187838632e-05,4.63439063235169e-06,5.7697036344962e-06,1.22887841850396e-05,-8.20142993972057e-07,251.339283548536,264.93554382305
9.7,3.66883777941563,5.73021234776954e-06,1.00001637977924,-2.18804517377784e-05,0.0872638245957129,4.49148940198296e-07,-0.16739594834969,-3.2817514190278e-06,-0.0146009739768779,5.21627438591059e-05,4.37558106040039e-06,4.78430849222112e-06,1.14642202920489e-05,-6.03899233598265e-07,251.339218113887,264.935529708765
9.71,3.66711884324355,5.68626228351507e-06,1.00001594829781,-2.13292852439263e-05,0.0872638671878155,4.92485255628064e-07,-0.175945641282558,-4.84871850753832e-06,-0.0153501024120855,5.78876680739278e-05,4.11677163722516e-06,3.73947755718684e-06,1.14642202920489e-05,-6.03899233598265e-07,251.339161048945,264.935509067391
9.72,3.66531408253226,5.6264957086083e-06,1.00001552805802,-2.07239060466524e-05,0.0872639075183574,5.25148007197251e-07,-0.184495346380843,-6.40705024495921e-06,-0.0160992014420715,6.31445243664524e-05,3.93058048043976e-06,2.65656180406074e-06,1.05269115018679e-05,-4.34453457429811e-07,251.339112426472,264.93548170094
9.73,3.66342349722308,5.55125402326583e-06,1.00001511876077,-2.00669134079225e-05,0.0872639459867454,5.46851702587681e-07,-0.193045055338977,-7.90704396394401e-06,-0.0168482720310391,6.84013793382847e-05,3.74438961243636e-06,1.55697857442496e-06,1.05269115018679e-05,-4.34453457429811e-07,251.339072186653,264.93544757233
9.74,3.6614470872772,5.46095416120278e-06,1.00001472011798,-1.93606421584175e-05,0.0872639828232655,5.5752457172656e-07,-0.201594773690912,-9.39351925715993e-06,-0.0175973150832046,7.31407748802681e-05,3.60937041646504e-06,4.61808736576202e-07,9.49069599779222e-06,-3.15051046466616e-07,251.33904013105,264.93540678951
9.75,3.65938485265097,5.35601321565089e-06,1.00001433185011,-1.86079264088638e-05,0.0872640183093812,5.57303435050213e-07,-0.210144495579908,-1.08124476128005e-05,-0.0183463314827978,7.78801687631199e-05,3.47435160943774e-06,-6.08587603012353e-07,9.49069599779222e-06,-3.15051046466616e-07,251.339015938815,264.935359607737
9.76,3.65723679331705,5.2369266275937e-06,1.00001395368753,-1.78112547099922e-05,0.0872640525851436,5.4652483221457e-07,-0.218694224349887,-1.22130847017056e-05,-0.0190953220548614,8.20600357056197e-05,3.37044981218995e-06,-1.63493032505031e-06,8.3702395639117e-06,-2.42444014028455e-07,251.338999168191,264.935306411747
9.77,3.65500290924517,5.10418070302708e-06,1.00001358536854,-1.69736588081976e-05,0.0872640858217243,5.25712674366235e-07,-0.227243956418204,-1.3537791957676e-05,-0.0198442875988334,8.62399008161241e-05,3.26654845479032e-06,-2.59934740009967e-06,8.3702395639117e-06,-2.42444014028455e-07,251.338989273871,264.935247710315
9.78,3.65268320041723,4.95834192060014e-06,1.00001322664029,-1.60977509362887e-05,0.0872641180840485,4.95562769733298e-07,-0.235793693294654,-1.48395477958833e-05,-0.0205932288593028,8.9825796161715e-05,3.17706788210871e-06,-3.48566674330916e-06,7.18081006400337e-06,-2.087957601334e-07,251.338985614954,264.93518411735
9.79,3.65027766681381,4.79995867609759e-06,1.00001287725721,-1.51867239017298e-05,0.0872641494514631,4.56924595807518e-07,-0.244343433279042,-1.60578514581731e-05,-0.0213421465510437,9.34116896833643e-05,3.08758774802651e-06,-4.27966740243971e-06,7.18081006400337e-06,-2.087957601334e-07,251.338987472686,264.935116340203
9.8,3.64778630842355,4.62966037164391e-06,1.00001253698156,-1.4243284774017e-05,0.0872641799337648,4.1078075111772e-07,-0.252893176527396,-1.72486767090422e-05,-0.0220910413410053,9.63769841829816e-05,3.00027724023207e-06,-4.96928664521355e-06,5.93805364482072e-06,-2.03734153791101e-07,251.338994063296,264.935045160483
9.81,3.64520912523508,4.44804981934511e-06,1.00001220558232,-1.32707515705726e-05,0.0872642095429189,3.58224534972527e-07,-0.261442922712879,-1.83494311021744e-05,-0.0228399138640563,9.93422770349342e-05,2.91296712033305e-06,-5.54478038323922e-06,5.93805364482072e-06,-2.03734153791101e-07,251.339004555409,264.934971418003
9.82,3.64254611724138,4.25581069226853e-06,1.00001188283528,-1.22718984477479e-05,0.087264238254832,3.00436135898441e-07,-0.269992671153045,-1.94183534175576e-05,-0.023588764715823,0.000101668235600024,2.82029600804206e-06,-5.9988353515499e-06,4.65777763880546e-06,-2.16244269337607e-07,251.339018085894,264.934895992085
9.83,3.63979728443634,4.05359209211619e-06,1.00001156852247,-1.12501334741368e-05,0.0872642660400464,2.38657913599748e-07,-0.278542422358918,-2.03915425011514e-05,-0.0243375944597324,0.000103994192825684,2.72762519110463e-06,-6.32663240464548e-06,4.65777763880546e-06,-2.16244269337607e-07,251.339033776325,264.934819783224
9.84,3.63696262681527,3.84212288278134e-06,1.00001126243186,-1.0208271044998e-05,0.0872642928601214,1.74169266058624e-07,-0.287092175287252,-2.13287784128304e-05,-0.0250864036289309,0.00010566995192164,2.62640647402952e-06,-6.52586121629164e-06,3.35574438069024e-06,-2.36190462826693e-07,251.339050749897,264.934743695606
9.85,3.63404214437488,3.62208997679771e-06,1.00001096435714,-9.14977470657813e-06,0.0872643186680636,1.08261564061363e-07,-0.295641930797681,-2.21656360574914e-05,-0.0258351927262865,0.000107345710066063,2.52518792979731e-06,-6.59668759004279e-06,3.35574438069024e-06,-2.36190462826693e-07,251.339068146332,264.934668618546
9.86,3.63103583711129,3.39425803509618e-06,1.00001067409727,-8.07747290170393e-06,0.0872643434269214,4.22136200997703e-08,-0.304191687875972,-2.29627274889794e-05,-0.0265839622326862,0.000108368159212051,2.41575436527934e-06,-6.54167541255107e-06,2.04747924627843e-06,-2.55359629309737e-07,251.339085138065,264.934595410909
9.87,3.62794370502212,3.15934305430722e-06,1.00001039145642,-6.99485052610781e-06,0.0872643670915229,-2.27318648841735e-08,-0.312741447336646,-2.3655879273376e-05,-0.0273327126023439,0.000109390607814946,2.30632083621921e-06,-6.3656660966599e-06,2.04747924627843e-06,-2.55359629309737e-07,251.339100943047,264.93452488418
9.88,3.62476574810331,2.91813590057746e-06,1.00001011624352,-5.90472428415127e-06,0.087264389637482,-8.53904665222301e-08,-0.321291208469516,-2.43058468296346e-05,-0.0280814442743569,0.000109764183480669,2.19146683631709e-06,-6.07561904447695e-06,7.48095241142542e-07,-2.6800768715949e-07,251.339114838655,264.934457789385
9.89,3.62150196635211,2.67137278560628e-06,1.00000984827227,-4.81056660764534e-06,0.0872644110349871,-1.44656440135629e-07,-0.329840971771032,-2.4849463917405e-05,-0.0288301576659196,0.000110137758975665,2.07661273633346e-06,-5.68041730474301e-06,7.48095241142542e-07,-2.6800768715949e-07,251.339126171924,264.934394803306
9.9,3.61815235976382,2.41986110678503e-06,1.00000958736069,-3.71515686690457e-06,0.0872644312783397,-1.99521034262439e-07,-0.338390736989502,-2.53469660777171e-05,-0.0295788531840951,0.000109874159838063,1.9604930593207e-06,-5.19064310953889e-06,-5.27864512123056e-07,-2.70960412900194e-07,251.339134370014,264.934336518428
9.91,3.61471692833462,2.16434838552318e-06,1.00000933333122,-2.62192144787018e-06,0.0872644503605713,-2.49088434405624e-07,-0.346940504154923,-2.57369191904025e-05,-0.0303275312193896,0.000109610560819966,1.84437316477331e-06,-4.61832840347668e-06,-5.27864512123056e-07,-2.70960412900194e-07,251.33913894751,264.934283433352
9.92,3.61119567205908,1.90564890897325e-06,1.00000908601031,-1.53357683946304e-06,0.0872644682963187,-2.92589110854092e-07,-0.355490273518846,-2.60784045739976e-05,-0.031076192155171,0.000108728393557285,1.73150836340261e-06,-3.97668579433013e-06,-1.76656594947563e-06,-2.63364343143507e-07,251.339139512703,264.93423594614
9.93,3.60758859093217,1.64451267142912e-06,1.00000884522848,-4.53470026169166e-07,0.0872644851034706,-3.29390399017807e-07,-0.364040044608131,-2.63124047037639e-05,-0.0318248363635956,0.00010784622659249,1.61864325861754e-06,-3.27982554429182e-06,-1.76656594947563e-06,-2.63364343143507e-07,251.339135771722,264.934194349529
9.94,3.60389568494796,1.38175135271834e-06,1.0000086108201,6.15770925788702e-07,0.0872645008151022,-3.59004198150416e-07,-0.372589818134756,-2.64962438519877e-05,-0.0325734642108527,0.000106370591214888,1.51313181530712e-06,-2.5424643338539e-06,-2.95500524684031e-06,-2.46204484702676e-07,251.339127530342,264.934158827863
9.95,3.60011695410043,1.11810875408932e-06,1.0000083826233,1.67091146777286e-06,0.0872645154716409,-3.81091731608474e-07,-0.381139593173587,-2.65739562530433e-05,-0.0333220760567703,0.000104894956191176,1.40762002304231e-06,-1.77963148009375e-06,-2.95500524684031e-06,-2.46204484702676e-07,251.339114694884,264.934129457219
9.96,3.59625239838354,8.54384703110878e-07,1.00000816047991,2.70943741682297e-06,0.0872645291203111,-3.95465368346424e-07,-0.389689370794486,-2.66005399146888e-05,-0.0340706722549337,0.000102856979422522,1.31260662269634e-06,-1.00637820553053e-06,-4.0811129610439e-06,-2.21706622264065e-07,251.339097269654,264.934106205927
9.97,3.59230201779075,5.91308411426849e-07,1.0000079442353,3.728259167395e-06,0.087264541818836,-4.02087560684823e-07,-0.398239149730122,-2.65236590572394e-05,-0.0348192531565545,0.00010081900294991,1.21759287102437e-06,-2.3749528236993e-07,-4.0811129610439e-06,-2.21706622264065e-07,251.339075354743,264.934088939305
9.98,3.58826581231636,3.29658963821053e-07,1.00000773373843,4.72500160249499e-06,0.0872645536230822,-4.01067005296519e-07,-0.40678893127461,-2.63954517008406e-05,-0.0355678191053658,9.82553274849917e-05,1.13499776911935e-06,5.12755891507428e-07,-5.13384249654613e-06,-1.92728048519712e-07,251.339049139561,264.934077423518
9.99,3.58414378195389,7.01429484022461e-08,1.00000752884164,5.69675172245452e-06,0.0872645646013369,-3.92652183433756e-07,-0.415338713957377,-2.61677271392432e-05,-0.0363163704456349,9.56916521691544e-05,1.05240235337771e-06,1.2308941856965e-06,-5.13384249654613e-06,-1.92728048519712e-07,251.339018897851,264.934071334276
10,3.57993592767632,-1.82131647302846e-07,1.00000731823165,7.20525352379692e-06,0.0872645747660872,5.57031888715042e-06,-0.423888499138203,-2.24131844844784e-05,-0.0370619578867789,0.000102772401153889,9.81159515142476e-07,0.00160355589920586,1.4244444259247e-05,-1.66376475375209e-07,252.043815468119,264.134647134788
10.01,3.57564225213077,-4.21251039589102e-07,1.00000707144909,1.0960787540286e-05,0.0872645839781202,3.65052605887755e-05,-0.432438285678249,-7.72797621888638e-06,-0.0378050496639333,0.000109814001105339,9.09107857855015e-07,0.00514152495976263,1.4244444259247e-05,-1.66376475375209e-07,252.669811182682,263.424224505774
10.02,3.57126275699199,-2.50144488984072e-07,1.00000676974264,2.27059463003679e-05,0.0872645909260759,0.000110849543813016,-0.440988053653948,0.000114546254673519,-0.0385469609267548,0.00103535428178115,6.84308583500705e-07,0.0103988724499165,0.00188155490429326,-4.87032112119812e-07,253.225935329133,262.793023431642
10.03,3.56679744280474,8.17510924550859e-07,1.00000640681168,4.88985758209515e-05,0.0872645919452444,0.000244980702778803,-0.449537801340839,0.000264979101724129,-0.0392888781568008,0.00195683144999618,3.90736415817647e-07,0.0171835241011551,0.00188155490429326,-4.87032112119812e-07,253.720115287451,262.23234934617
10.04,3.56224630926924,3.72804106525121e-06,1.00000598289115,0.000100548074427138,0.0872645778511745,0.000453446824861256,-0.458087447113441,0.000660584685018234,-0.0400308450986309,0.00504692646646374,-4.25626926322258e-07,0.025324886362451,0.00633442520672431,-1.18587613937413e-06,254.159393578135,261.734477720289
10.05,3.55760935504983,9.64950672924961e-06,1.00000550537781,0.000190654252127599,0.0872645267672627,0.000749171128583818,-0.466636929332969,0.0011025605211146,-0.0407744750243115,0.00812627942496093,-1.77776429483359e-06,0.0346714406284746,0.00633442520672431,-1.18587613937413e-06,254.550011362592,261.29252907682
10.06,3.55288657813354,1.99178826423588e-05,1.00000498074442,0.000333537494431915,0.0872643948502431,0.00114363362482699,-0.475185949176339,0.0018870087090112,-0.0415177643792284,0.0141775085505715,-5.40097493114793e-06,0.0450886071452153,0.0124865937173407,-4.07543192740829e-06,254.897518839405,260.900397635502
10.07,3.54807797505723,3.61931676597077e-05,1.00000441813284,0.000546351104501266,0.0872641035661511,0.0016470324248061,-0.483734385366779,0.00273964034174816,-0.0422640609251893,0.0202121217703882,-1.09019620581782e-05,0.0564568490735131,0.0124865937173407,-4.07543192740829e-06,255.206824000013,260.552633887113
10.08,3.54318354194063,5.99742691274258e-05,1.00000382441518,0.000843861628584464,0.087263519996731,0.00226842696024654,-0.492281364415263,0.00397419543901825,-0.0430092988864582,0.0293720456298303,-2.39962394708524e-05,0.0686699890090046,0.0190003334260122,-1.52822585344026e-05,255.482295562639,260.244405591215
10.09,3.53820327289674,9.31304515950949e-05,1.00000320512002,0.00124386522794348,0.0872624451467754,0.00301586512962098,-0.500826909872435,0.00530387530501244,-0.0437589542853388,0.0385121561742901,-4.14891703223496e-05,0.0816337145524043,0.0190003334260122,-1.52822585344026e-05,255.727791278369,259.971393958832
10.1,3.53313716161112,0.000137122608789174,1.0000025692148,0.0017588926386814,0.0872605905989492,0.00389649611969474,-0.509369197595516,0.00700172551641619,-0.0445082052666511,0.0503220832293036,-7.58924966626413e-05,0.0952642516766502,0.0245984695904972,-4.16652870007015e-05,255.946743818892,259.729767961429
10.11,3.52798519942932,0.000193769049729549,1.00000192172044,0.0024040864197792,0.0872575687471165,0.00491667051469865,-0.51790864970306,0.00882692967204642,-0.0452635883426541,0.0621119431525174,-0.000118350379948008,0.109487186728989,0.0245984695904972,-4.16652870007015e-05,256.142182633003,259.516101868522
10.12,3.52274737748831,0.000264356662011113,1.00000127983947,0.00318778047285398,0.0872528746773666,0.00608202900583364,-0.526442170711636,0.0109684024895636,-0.0460215453121608,0.0756691795348398,-0.000190446520668331,0.124236420993807,0.0283294676895226,-8.92315357845632e-05,256.316798796367,259.327351754213
10.13,3.51742368487518,0.000350467188371818,1.00000065650065,0.00412004538451936,0.0872458777592851,0.00739758106008152,-0.53497081187841,0.013273726156881,-0.0467877221893908,0.0892083616033725,-0.00027499123955834,0.139453242130543,0.0283294676895226,-8.92315357845632e-05,256.472966206452,259.160794736952
10.14,3.51201411329119,0.000452738452253847,1.00000009670731,0.00519966473277478,0.0872358196440227,0.00886777450229778,-0.543490057404552,0.0157320109748804,-0.0475639864188434,0.102414407767191,-0.000403591257776535,0.155085499285626,0.0276648700397961,-0.000161761037759612,256.612790495571,259.014007953065
10.15,3.50651865494779,0.00057191215307793,0.999999646927498,0.00642508033211032,0.0872218178722527,0.0104965573090869,-0.552001820655818,0.0183928000372282,-0.0483505542492674,0.115606663287874,-0.000548413100286483,0.171086870887222,0.0276648700397961,-0.000161761037759612,256.738133231162,258.884828793462
10.16,3.50093730815576,0.000708040647523916,0.999999379661476,0.00778613590310811,0.0872028810814426,0.0122874321681121,-0.560500137683138,0.0210555258918052,-0.0491538360984419,0.126493807925722,-0.000750868438364157,0.187416212417892,0.0228514436220319,-0.000260061293383459,256.850644468313,258.771331683558
10.17,3.49527007635026,0.000861080338664488,0.999999375862804,0.00927036888408412,0.0871779199644634,0.0142435051900173,-0.568987842997029,0.0239575421516795,-0.0499690489491698,0.13737194148363,-0.000971581275850413,0.204036978747521,0.0228514436220319,-0.000260061293383459,256.951797431348,258.671813784985
10.18,3.48951696564213,0.00103116324876535,0.999999711963041,0.0108659793136576,0.0871457732344782,0.0163675288128944,-0.577457453866503,0.0268614711314712,-0.050802020675882,0.145590469961427,-0.00126147327540086,0.22091670936167,0.0172774186798126,-0.000383204419034633,257.042884647125,258.584744288384
10.19,3.48367799077304,0.00121826645078143,1.00000047383581,0.0125585003158493,0.0871051997494482,0.0186619402080112,-0.585912526568951,0.0300363617390478,-0.0516482341966581,0.153803402713434,-0.00157036932657159,0.238026572404633,0.0172774186798126,-0.000383204419034633,257.125075212574,258.508785880725
10.2,3.47775316488487,0.00142281554943641,1.00000173468294,0.0143372516847022,0.0870549205150118,0.0211288952043386,-0.594344017837882,0.0332665534142544,-0.052511729573014,0.159615855309975,-0.00195829660153487,0.255340958383633,0.0122366645920891,-0.000529851567200527,257.199374100568,258.44271348296
10.21,3.47174251225365,0.00164508000209581,1.00000357587997,0.0161891382878848,0.0869935865651796,0.0237702984554044,-0.602756022951824,0.0367938584763897,-0.0533895974677913,0.165424712002313,-0.00236511830849965,0.272837120502879,0.0122366645920891,-0.000529851567200527,257.266700672553,258.385467678551
10.22,3.46564605177455,0.00188581117163602,1.00000606614734,0.0181054502648787,0.0869198401997121,0.0265878305122202,-0.611137925054931,0.0404428484520724,-0.0542843351522225,0.169281572864987,-0.00285947852781436,0.290494853860842,0.00813288806678389,-0.000698454210986882,257.327826706201,258.336057868114
10.23,3.45946381519481,0.00214562483439514,1.00000928047707,0.0200755059572262,0.0868322568063411,0.0295829712605348,-0.619494198693771,0.0444102061528654,-0.0551944438649317,0.173135771389594,-0.00337212214807807,0.308296212073158,0.00813288806678389,-0.000698454210986882,257.383462649877,258.293631033708
10.24,3.45319582596409,0.00242556222364138,1.00001328278144,0.0220926236262195,0.0867294281012582,0.0327570218749294,-0.627812694038108,0.0485625442016986,-0.0561213840056213,0.17549975644075,-0.00397949367867654,0.326225253624597,0.00499825252597851,-0.0008867095462984,257.434191925031,258.257376913632
10.25,3.44684212152044,0.00272655558083798,1.00001814120594,0.0241486079681055,0.0866098771620942,0.0361111226238242,-0.636098097235837,0.0530505078851295,-0.0570645399338794,0.177861291481146,-0.00460430126044916,0.344267819129976,0.00499825252597851,-0.0008867095462984,257.480551442005,258.226595893917
10.26,3.44040272882245,0.00304988003342032,1.00002391393734,0.0262385574508439,0.0864721664331064,0.0396462711600005,-0.644336856790424,0.0577780320023732,-0.0580247365456666,0.179139748302017,-0.00532928289041546,0.362411330143742,0.00272042990483744,-0.00109068504794076,257.522974228297,258.200618122162
10.27,3.43387768950088,0.00339672762106169,1.0000306612917,0.0283564601940298,0.0863147860854305,0.0433633155723924,-0.652533648773496,0.062855313469748,-0.0590017752166886,0.180415538771485,-0.00607081136736431,0.380634691134634,0.00272042990483744,-0.00109068504794076,257.55530672303,258.186454204216
10.28,3.42726703247528,0.00376855184029876,1.00003843245521,0.0304987936294572,0.0861363180694624,0.0472621935504496,-0.660673967435242,0.0682164983116081,-0.0599957295020819,0.180942260336204,-0.00691410103298814,0.398734474311243,0.00114637567031901,-0.00130023626894239,257.499875960434,258.273731571839
10.29,3.42057080225596,0.00416674603002633,1.00004727171053,0.0326610537653584,0.0859353489667838,0.0513403010529278,-0.668762197746334,0.0739365585644481,-0.0610059755287113,0.181466497243444,-0.00777348869289079,0.416440595732665,0.00114637567031901,-0.00130023626894239,257.359394063574,258.458706855698
10.3,3.41378902938668,0.00459289366164878,1.00005720788222,0.0348404285596098,0.0857106644191831,0.0555925555829957,-0.676783858558802,0.0799702565063922,-0.0620321977367105,0.181502128170305,-0.00873108593637933,0.433534511463705,0.000125020585755843,-0.00150223047488968,257.15023782357,258.721918963003
10.31,3.40692175950218,0.00504853600678284,1.00006826322899,0.0370334279978605,0.0854610843130403,0.060011884933668,-0.684742838977473,0.0863634963661709,-0.0630739656276071,0.181534042908262,-0.00970380420065744,0.449843692949286,0.000125020585755843,-0.00150223047488968,256.887015789137,259.046125484928
10.32,3.39996902476258,0.00553534501284998,1.00008044676497,0.0392377694414676,0.0851856443091282,0.064589670277996,-0.692625097383765,0.0930861108421526,-0.0641310818347225,0.18126944549759,-0.010768837052168,0.465236102016451,-0.000486343732264231,-0.00169199424828628,256.582563999019,259.41623139623
10.33,3.39293087136027,0.00605496493373482,1.00009376202561,0.0414507596741748,0.0848834207331061,0.069316124020755,-0.700434004133515,0.100162545724991,-0.065203349581788,0.18099962870267,-0.0118475390559341,0.479614942360372,-0.000486343732264231,-0.00169199424828628,256.24804876122,259.819173161286
10.34,3.38580733173847,0.00660912530715288,1.00010820192536,0.0436705378512196,0.0845537178738127,0.0741806288348606,-0.708156550859488,0.107573462271257,-0.0662907394553198,0.180570373508548,-0.0130084291720667,0.492913788720125,-0.0008059915278603,-0.00186002827341815,255.893084208819,260.243738674738
10.35,3.37859845115746,0.00719953902193607,1.0001237518913,0.045895031170348,0.0841958814955264,0.0791720163531453,-0.71579531097957,0.115328059585106,-0.0673923413437798,0.180134753178265,-0.0141812552040661,0.505092126418924,-0.0008059915278603,-0.00186002827341815,255.524267552047,260.678689296352
10.36,3.37130425011034,0.00782796926159303,1.00014037523786,0.0481227192486153,0.0838095965040172,0.0842788228933593,-0.723341633491724,0.123414530644431,-0.0685068935226004,0.179634070412168,-0.0153973428296168,0.516131404933901,-0.000926693110253265,-0.00193775561973411,255.148424229866,261.115854533094
10.37,3.36392475809555,0.00849616991937211,1.00015801765761,0.0503520128552747,0.0833946132431066,0.0894894841012893,-0.730794244412462,0.131831716697981,-0.0696333865821543,0.179126469877081,-0.0166234052677593,0.526031587260522,-0.000926693110253265,-0.00193775561973411,254.7717416602,261.548888509333
10.38,3.35645996530452,0.00920591947861039,1.00017660449916,0.0525816735120284,0.0829511456686396,0.0947925275222131,-0.738153322801627,0.140572876738734,-0.0707713714640283,0.178616086436661,-0.0178146227537076,0.534808015951187,-0.000918258627830272,-0.00183312332784492,254.399407564415,261.972591873773
10.39,3.34890986113081,0.00995899196620841,1.00019604768643,0.0548104944151073,0.0824795332274361,0.100176700422572,-0.745409523656339,0.149630222518173,-0.0719206414112173,0.178098900761844,-0.0190136521927653,0.542488694428905,-0.000918258627830272,-0.00183312332784492,254.035723350596,262.382762725239
10.4,3.34127440307219,0.0107571694019176,1.00021624468486,0.0570374776526454,0.0819804946653052,0.105631101818907,-0.752572175903681,0.15900027551748,-0.0730814849711935,0.177617623450485,-0.0200978013651489,0.54911187174534,-0.000831742824953555,-0.00154416493960298,253.684206291432,262.776063023846
10.41,3.33355353740904,0.0116022320252161,1.0002370826828,0.0592617230733599,0.0814549344171493,0.111145267219732,-0.759623763574738,0.168671390071397,-0.074254435947613,0.17713023147073,-0.0211875352594601,0.554723956073405,-0.000831742824953555,-0.00154416493960298,253.347694852328,263.149913841154
10.42,3.32574729970349,0.0124949798107863,1.00025849578565,0.0614721580735489,0.0809040018030978,0.116709249052014,-0.766581880406359,0.178423595073162,-0.0754377449492748,0.174414236538054,-0.022093397036479,0.55937760562644,-0.00533467552025111,-0.00110505131741435,253.028387119175,263.502345259144
10.43,3.31785573755307,0.0134359835954838,1.00028042616853,0.0636555280493303,0.0803292003919611,0.122313682654146,-0.773423099339267,0.18846107535148,-0.0766303706287148,0.171687422686521,-0.0229969664678588,0.563130185600196,-0.00533467552025111,-0.00110505131741435,252.727883050359,263.831871078342
10.44,3.30987894508411,0.0144255594776671,1.00030282520472,0.0657962281243741,0.0797321587691233,0.127949816925054,-0.78017079037336,0.198463838231555,-0.0778271366478833,0.165700037562012,-0.0236638059010569,0.566042403304453,-0.0118876288145732,-0.00056515468438023,252.447389548553,264.137553510295
10.45,3.30181704272432,0.015463670297368,1.00032566154257,0.0678754513175024,0.0791149451834155,0.133609565424696,-0.786797607258125,0.208732362601786,-0.0790271537024166,0.159696833281221,-0.0243179141104747,0.568177098400394,-0.0118876288145732,-0.00056515468438023,252.187608523329,264.418754715641
10.46,3.29367014016642,0.0165506559607098,1.00034887971466,0.0698790044906029,0.0784796023940943,0.139285495403624,-0.793329772829955,0.218971858519707,-0.0802230063925765,0.150719303115697,-0.0247052879149843,0.569598314733904,-0.0178305746403066,1.93569254988947e-05,251.949014340868,264.675309278287
10.47,3.28543837260778,0.0176865010384834,1.00037244146875,0.0717898040839978,0.0778286005085185,0.14497086696194,-0.799738319557053,0.229452764186063,-0.0814146802246826,0.141724120973443,-0.0250705466958217,0.570370343369981,-0.0178305746403066,1.93569254988947e-05,251.731691086551,264.907252687082
10.48,3.27712183462058,0.0188718147399741,1.00039627578618,0.0735982871444479,0.0771642199586549,0.150659590403753,-0.806049414822055,0.239973479686873,-0.0825952882139763,0.130751444598028,-0.0251657405677995,0.570557102550251,-0.0217566198395861,0.000591050318517372,251.535573100887,265.114980922826
10.49,3.26872063534274,0.0201069218220179,1.00042032478359,0.0752930165321985,0.0764890907544101,0.156346256027982,-0.812235007661619,0.250707267898804,-0.0837647297948528,0.11976286728861,-0.0252325549548959,0.570221399780397,-0.0217566198395861,0.000591050318517372,251.360318554253,265.299039659746
10.5,3.26023484088485,0.0213927461015434,1.00044450263981,0.0768700091358915,0.0758055064152849,0.162026070029985,-0.818318579303968,0.261566253911154,-0.084918789162536,0.108001594755807,-0.0250523311042166,0.569424516734769,-0.0232718705278292,0.0010969701102118,251.205466969138,265.460217458551
10.51,3.25166451675719,0.0227300272837779,1.00046873179476,0.0783246174415105,0.075115999585823,0.167694876500761,-0.824275451963422,0.272607875009405,-0.0860563672188297,0.096228536215,-0.0248411815888809,0.568225667960192,-0.0232718705278292,0.0010969701102118,251.070382938775,265.599425347436
10.52,3.24300970286574,0.0241199287199837,1.00049291645322,0.0796578774505239,0.0744226626122535,0.173349081870565,-0.830124307446727,0.283847026134908,-0.0871764612282162,0.0847630532663411,-0.0244282173480705,0.566681719041698,-0.0226404589391481,0.00149438056803609,250.954323244253,265.717711438261
10.53,3.23427042414751,0.0255635286734271,1.00051696476582,0.0808712319877792,0.0737277095182057,0.178985669509689,-0.835845878376239,0.295238427569335,-0.0882769864208217,0.07329066071134,-0.0239850721251141,0.564846820617014,-0.0226404589391481,0.00149438056803609,250.856454521853,265.816230640673
10.54,3.22544670641935,0.0270621055564574,1.00054077757187,0.0819694140862365,0.0730328680232784,0.184602121811705,-0.841452642222623,0.306872931379715,-0.0893594529178263,0.0629154689216065,-0.0234005058626326,0.562772217121836,-0.0204484841581029,0.00175537393750567,250.775838853895,265.896186351787
10.55,3.21653855012437,0.0286169332047441,1.0005642563333,0.0829583349654538,0.0723398798269388,0.190196426668244,-0.846932083847668,0.318631255747076,-0.0904214897765097,0.0525377513409003,-0.0227888497153897,0.560506031474834,-0.0204484841581029,0.00175537393750567,250.711516232254,265.958877677249
10.56,3.20754598251356,0.0302292804427999,1.00058730600239,0.0838449104254152,0.0716500146983385,0.195767004758124,-0.852289887269145,0.330649343901274,-0.091465977396865,0.0437155931393291,-0.0221028238498267,0.558093142803882,-0.0173555418835433,0.00186936706948271,250.662424277262,266.005581681239
10.57,3.19846900025627,0.0319004671242272,1.00060982994128,0.0846376709552182,0.0709644676547219,0.201312706539006,-0.857520780938171,0.342766153493678,-0.0924910326267294,0.0348941326407631,-0.0213940927033521,0.555575094226775,-0.0173555418835433,0.00186936706948271,250.627530157772,266.037659906789
10.58,3.18930764593713,0.0336316541993006,1.00063174462635,0.085344358440587,0.0702840285470359,0.206832750309881,-0.862623882080877,0.355135016577958,-0.0934999109580736,0.0277912276482493,-0.0206761683190873,0.552990029931336,-0.0139458044895683,0.00184304412573496,250.605704180506,266.056399624168
10.59,3.18006193129315,0.035424084942865,1.00065296382474,0.0859744714285062,0.0696093467212707,0.212326708480615,-0.867600793464064,0.36758160251793,-0.0944916526811819,0.0206909357157163,-0.0199403072041299,0.550372698358016,-0.0139458044895683,0.00184304412573496,250.595882174379,266.063158213324
10.6,3.17073192365905,0.0372787496357498,1.00067342174066,0.0865355436736408,0.0689407702932241,0.217794459747152,-0.87244499908458,0.380255482713039,-0.0954692627907604,0.0152483820383399,-0.019251275514746,0.547754443807019,-0.010660152927686,0.00169788403382203,250.596914740998,266.059184572069
10.61,3.1613176630576,0.0391967321128541,1.00069304969967,0.0870367871892883,0.0682784648539234,0.223236164218988,-0.877163870173355,0.392990402574965,-0.0964327220431267,0.00980923408879827,-0.0185488039813803,0.545163279856039,-0.010660152927686,0.00169788403382203,250.607739858145,266.045779286046
10.62,3.15181924564334,0.0411788230618911,1.00071180368928,0.0874848540423682,0.0676224172932152,0.228652230848169,-0.881746702290686,0.405918363200589,-0.097384499788025,0.00582259609741635,-0.0179348953552835,0.542623931004337,-0.00778239714470363,0.00146586432689152,250.62722865615,266.024116726279
10.63,3.14223674610871,0.0432259034326809,1.00072963733893,0.0878878561644944,0.0669724124071542,0.234043282229811,-0.88620501456233,0.418894774811619,-0.0983252482024399,0.00183936445793183,-0.0173113830713988,0.540157955661177,-0.00778239714470363,0.00146586432689152,250.654350020017,265.995401234298
10.64,3.13257028869627,0.0453385624325018,1.00074652991001,0.0882512163221412,0.0663281790397742,0.239410136502521,-0.890525625588219,0.432026897680421,-0.0992568353082598,-0.000969598614414962,-0.0168013083596972,0.537783831872162,-0.00545584843542514,0.00118419401904869,250.688029577528,265.960706709259
10.65,3.12281998290253,0.0475174671573344,1.00076245919611,0.0885815300280506,0.0656892441600627,0.244753763919792,-0.89472233760636,0.445198462857996,-0.100180216845497,-0.00377560696389066,-0.0162846415842012,0.535517113742219,-0.00545584843542514,0.00118419401904869,250.72729269027,265.921114061749
10.66,3.11298597687056,0.0497630220878435,1.00077742645955,0.0888829007192205,0.0650551863289803,0.250075280968477,-0.898781219527035,0.458490074816343,-0.101096526135071,-0.00570242855509193,-0.0158893965507384,0.533370552477088,-0.00371347265108245,0.000889979507701262,250.770698912267,265.877110813998
10.67,3.10306841103325,0.0520756922538745,1.00079142502225,0.0891603043217967,0.0644253985447609,0.255375901770618,-0.902716516826444,0.471815030682419,-0.102005210566342,-0.0076268935647095,-0.015489751943276,0.531354267059378,-0.00371347265108245,0.000889979507701262,250.815569830429,265.827774498856
10.68,3.09306739020543,0.0544557067688973,1.00080444791627,0.0894166200533582,0.0637999899216496,0.26065699359324,-0.906529544215581,0.485229083188728,-0.102905998414529,-0.00894479325519669,-0.0150746760269442,0.529475904757131,-0.00251142330891346,0.000917160975660175,250.861234054953,265.774154459249
10.69,3.08298300309099,0.0569033327019568,1.00081647217298,0.08965533235694,0.0631790412542528,0.265919986767999,-0.910218907370056,0.49867264604816,-0.103798820284467,-0.0102604596509001,-0.0146567228184489,0.527740831354828,-0.00251142330891346,0.000917160975660175,250.907110055993,265.717267235712
10.7,3.07281525851842,0.0594186403706369,1.00082747039113,0.0898783087400574,0.0625636907912876,0.271166450786456,-0.913812903010317,0.512180636031593,-0.104684287187052,-0.0111961484763527,-0.0139814367231234,0.526152302252712,-0.00176002155256185,0.0015086031428551,250.952679809376,265.658065333957
10.71,3.06256412681716,0.0620017139290748,1.00083740167448,0.0900878075319034,0.0619553059195385,0.276398000271241,-0.917282973545844,0.525715943203665,-0.105563600550579,-0.0121288493449009,-0.0133043244530026,0.524711653833243,-0.00176002155256185,0.0015086031428551,250.997505012958,265.597451955413
10.72,3.05222952326195,0.0646524956486862,1.00084622207264,0.0902849469074368,0.0613559835352287,0.281616322061852,-0.920682278775884,0.539297609839525,-0.106438253994245,-0.0128522436191524,-0.0121486736929729,0.52341848260582,-0.00135028611923371,0.00261634360627147,251.041190420435,265.536241736967
10.73,3.04181130167996,0.0673709202518238,1.00085387653045,0.0904710758893354,0.0607682823240862,0.286823135150276,-0.923957679756619,0.552905452302495,-0.107310689940252,-0.013571071968618,-0.0109919242629901,0.522270835472947,-0.00135028611923371,0.00261634360627147,251.083431400898,265.475210931035
10.74,3.03130930529238,0.0701568348862431,1.00086030982914,0.0906468219017655,0.0601949610166248,0.292020152182236,-0.927179605315519,0.56654761555695,-0.108183052429061,-0.0141958917693039,-0.00920540974018104,0.521265387264687,-0.00117380360593617,0.00407803836022662,251.12394662804,265.415028551659
10.75,3.02072329772549,0.07301006275246,1.00086545801762,0.0908129341106325,0.0596393995014693,0.297209105335079,-0.9302783885809,0.580215381172542,-0.109058792586502,-0.0148140002287903,-0.0074182873905246,0.520397625366082,-0.00117380360593617,0.00407803836022662,251.162549954739,265.356334472245
10.76,3.01005307623976,0.0759303857441189,1.00086926035575,0.0909697708416873,0.0591046440599855,0.30239164790102,-0.933332281008876,0.593910363999199,-0.109940406435637,-0.0154053657324135,-0.00493635953885559,0.51966201769257,-0.00113595805663206,0.00569329123208981,251.199062861333,265.299651531141
10.77,2.99929834749848,0.078917551168298,1.0008716497394,0.0911177458910305,0.0585944327561535,0.307569438696788,-0.936264881542918,0.607630586079815,-0.110832006771334,-0.0159876247310399,-0.00245412548751972,0.519052186887702,-0.00113595805663206,0.00569329123208981,251.233400032635,265.245480041465
10.78,2.98845888627043,0.0819712998360482,1.00087256557641,0.0912571165138679,0.0581117336406625,0.312744000162455,-0.939153055626956,0.621374548654759,-0.111736172863837,-0.0165732851477577,0.000704560811486899,0.518561062516244,-0.00116304724919265,0.00726769254484842,251.265473217847,265.194202662683
10.79,2.97753437341144,0.0850913328984677,1.00087194327297,0.0913881615798823,0.0576601918402521,0.317916844701457,-0.941923067976802,0.635143362795675,-0.112657270236686,-0.0171474969312132,0.0038634102753378,0.518181040395811,-0.00116304724919265,0.00726769254484842,251.295279526388,265.146183362853
10.8,2.96652476906988,0.0882767805976745,1.00086978239903,0.091504682722082,0.0572424082163028,0.323089311443381,-0.944643099939814,0.648797738971352,-0.113593233062119,-0.0191666241755508,0.00761343957458436,0.517904128598948,-0.00407737724707904,0.00864135312588321,251.322795015936,265.101662826516
10.81,2.95542999152967,0.091526599113182,1.00086609354765,0.0915990576367377,0.0568616469207336,0.328262718907155,-0.947250119972671,0.662476853148572,-0.114543195832809,-0.0211717936294972,0.0113669390792324,0.517722100643838,-0.00407737724707904,0.00864135312588321,251.348028849143,265.060822858593
10.82,2.94425016956237,0.0948394711994992,1.00086092310664,0.0916604962556797,0.0565199968088979,0.333438192478159,-0.949797251347372,0.675941810415885,-0.115499785592302,-0.0256485750918168,0.0155732720908922,0.517626631340825,-0.00905254988900037,0.00968327376359142,251.3710066602,265.023776865334
10.83,2.9329854421441,0.0982137997374437,1.00085433968547,0.0916757490908978,0.0562201196587632,0.338616822135058,-0.952238280546631,0.689428777948893,-0.116457953719262,-0.0301092467721449,0.0197888652203826,0.517609423085697,-0.00905254988900037,0.00968327376359142,251.391739704624,264.990546117714
10.84,2.92163604367314,0.101648084864992,1.00084641234277,0.0916326875067096,0.0559634610275274,0.343799496129236,-0.95460599220212,0.702667420846562,-0.117406121708138,-0.0373437371701227,0.0242752213863083,0.517662292973402,-0.0146390810557387,0.0102870578785568,251.410293464013,264.961139913401
10.85,2.9102022569912,0.105140501992511,1.00083723682199,0.09151640854283,0.0557518680381077,0.348987047822929,-0.956875808445667,0.715920538095455,-0.118337353246412,-0.0445607912989703,0.0287774216420732,0.517777287906274,-0.0146390810557387,0.0102870578785568,251.426691086733,264.93546321332
10.86,2.89868435964909,0.108689580182045,1.00082688788974,0.0913162644379261,0.0555860347627411,0.354180113298499,-0.95905678837176,0.728946136516612,-0.119238373184532,-0.0542248239297592,0.0333400626646658,0.517946697595816,-0.019575329210375,0.0103858025778014,251.44102859715,264.913445366964
10.87,2.88708269971828,0.112293536920277,1.0008154662033,0.0910191455670173,0.0554668259958263,0.359379252499186,-0.961148895105305,0.741973064933324,-0.120101826450983,-0.0638711388066794,0.0379244455009502,0.51816317277383,-0.019575329210375,0.0103858025778014,251.453349228565,264.894916670737
10.88,2.87539754230205,0.11595107116318,1.00080304293358,0.0906179518548805,0.0553941370019631,0.364584848011485,-0.963136737044546,0.754832157879436,-0.120915822154956,-0.0751752614139163,0.0423532462541402,0.518419662310676,-0.0229318268194256,0.0099681806467194,251.463446033312,264.879408714317
10.89,2.86362923014441,0.119660629754887,1.00078969557304,0.0901038985611418,0.0553677743531513,0.369797187089072,-0.965045050466205,0.76767431243992,-0.121669154246719,-0.0864619238779329,0.0468077103906856,0.518709492838635,-0.0229318268194256,0.0099681806467194,251.464571878243,264.85956666519
10.9,2.85177863772904,0.123421345031177,1.00077546674239,0.0894740025389461,0.0553807192078858,0.375015858851951,-0.966683668879733,0.780416864247067,-0.122342935924274,-0.0984804335161173,0.0495378157509944,0.51902609945668,-0.0244292485478313,0.00587934843960065,251.457015057361,264.835383429426
10.91,2.83984686174537,0.127232238077995,1.00076037424548,0.0887244307756145,0.055424252551609,0.380240227417873,-0.968252583755881,0.793119728557667,-0.122917345808721,-0.110486640849063,0.0522954214222147,0.519363258767158,-0.0244292485478313,0.00587934843960065,251.442521067196,264.808360692087
10.92,2.82783578607355,0.1310936787263,1.00074439851816,0.087862365555061,0.0554785308900287,0.385468618380311,-0.969240619458344,0.805918978561065,-0.123374936833882,-0.120923892101624,0.0504566746833641,0.5197144561042,-0.0212934185847271,-0.0049210553630231,251.422704887072,264.779850537373
10.93,2.81574774662307,0.135006273155192,1.00072752237666,0.0868962657356929,0.0555190382343701,0.390698914666649,-0.970166240219656,0.818651523512021,-0.123688724928081,-0.131365223479396,0.0486428182924778,0.52007323407129,-0.0212934185847271,-0.0049210553630231,251.39901206526,264.751010917595
10.94,2.803585495255,0.138970872641071,1.00070969431783,0.0858358613052988,0.0555170628351707,0.395928654369007,-0.970296885634287,0.831517943646019,-0.123828488894036,-0.139588701537883,0.040275551626878,0.520433148988223,-0.0168151463416075,-0.0202923930852296,251.372760349173,264.722856211266
10.95,2.79135244732297,0.142988755499171,1.00069088308514,0.084692704308815,0.0554372402981402,0.401154819446387,-0.970364705053304,0.84429170671666,-0.123770723465453,-0.147840199426271,0.0319294326710253,0.52078772483219,-0.0168151463416075,-0.0202923930852296,251.34511872565,264.696230332539
10.96,2.77905169622162,0.147060774536271,1.0006710029246,0.0834757347751254,0.0552489234358537,0.406374880890198,-0.969586901316786,0.857170640105114,-0.123471477786575,-0.153944847986867,0.0166288391318094,0.52113107254248,-0.0124282904003069,-0.0366022000758772,251.317117376292,264.671826436923
10.97,2.7666870891084,0.151188277659453,1.00064999154755,0.0821956480005665,0.0549144154662215,0.411585769842166,-0.968733723361506,0.869934203329455,-0.122920895482558,-0.160103072076947,0.00134538518327252,0.521457356544263,-0.0124282904003069,-0.0366022000758772,251.289696762955,264.65023556266
10.98,2.75426151498845,0.155371814481757,1.00062774944733,0.0808594136005612,0.0544078997738323,0.416785522943672,-0.967139215041263,0.882752225516771,-0.122073156151681,-0.164451541386909,-0.0197853716501322,0.521761880308228,-0.00866903879054854,-0.0503241522381055,251.26361684384,264.63186201196
10.99,2.74177856335762,0.159612401965318,1.00060419723699,0.0794755196397722,0.0536976287857089,0.42197175761461,-0.965442842777899,0.895436034832401,-0.120932326966051,-0.168875132457103,-0.0409031482665528,0.522040165956553,-0.00866903879054854,-0.0503241522381055,251.239606914202,264.617081067821
11,2.72924052333539,0.163910110144756,1.00057926498166,0.0780488242298481,0.0527676221191388,0.427143473272945,-0.963219844305815,0.908121383269058,-0.119467907002339,-0.171882808595571,-0.0656499755004556,0.522289196220173,-0.00566367866908039,-0.0588505083892638,251.218177953935,264.606051781187
11.01,2.71665020992146,0.168265378593554,1.00055290184769,0.0765854712373424,0.0515981995374871,0.432299432269164,-0.960855846998217,0.920657448751191,-0.11769028651177,-0.174979048744711,-0.0903879747824081,0.522506339400228,-0.00566367866908039,-0.0588505083892638,251.199833769964,264.598942369066
11.02,2.70400639774436,0.17267647557926,1.00052511583137,0.0750886980828835,0.0502125881346848,0.437441764924911,-0.958896506517356,0.93314964714655,-0.115658409125457,-0.177009466944669,-0.109997438980877,0.522692079073598,-0.00336241770146028,-0.0468519967771021,251.184854074261,264.59570994133
11.03,2.69130751756462,0.177141589826543,1.00049594550201,0.0735632007846663,0.0486390734049353,0.442572933155204,-0.956746945206993,0.945484468884079,-0.113376133955757,-0.179110300274448,-0.129601899309404,0.522847819028082,-0.00336241770146028,-0.0468519967771021,251.173479300175,264.596317249456
11.04,2.6785524685501,0.181658802303046,1.00046545189531,0.0720113422596109,0.0469043037258849,0.447695169907938,-0.955044398564381,0.957739983266853,-0.110900986210092,-0.180421427764096,-0.143304624708611,0.522975292752864,-0.00165464414116786,-0.0330432341167296,251.165858144648,264.600671815754
11.05,2.66573969032994,0.186226032603313,1.00043372293605,0.0704366859995292,0.0450407775593342,0.452811066729232,-0.953112836687122,0.96983195702957,-0.108244258288373,-0.181781859683319,-0.157004905662529,0.52307703515661,-0.00165464414116786,-0.0330432341167296,251.162160467222,264.608750750182
11.06,2.65286889360022,0.19084154991152,1.00040088085269,0.0688409927435779,0.0430706642997,0.4579223585343,-0.951485687499769,0.981816139239652,-0.105447406992819,-0.182569969663207,-0.165794490410734,0.523155175420871,-0.000422728449403866,-0.0215562574908854,251.162396902667,264.620403266016
11.07,2.63993938824299,0.195503471841846,1.00036706930556,0.0672269236625427,0.041021009109705,0.463031062198768,-0.949603418649707,0.993631264469278,-0.102527377152236,-0.183389717315699,-0.174583140961245,0.523212422224682,-0.000422728449403866,-0.0215562574908854,251.166643613539,264.635587084329
11.08,2.62695168631883,0.200210315817433,1.00033248073389,0.0655957860343519,0.0389084763030624,0.468138388667585,-0.947868928891861,1.00531565583403,-0.0995121862416317,-0.183805530627331,-0.179682743228295,0.523250927626967,0.000439414315829747,-0.0129290631741398,251.174767166188,264.654072248137
11.09,2.61390598835371,0.20496047825162,1.00029732505725,0.0639495302527966,0.0367533966367094,0.473245749655138,-0.945863949002857,1.01682577619834,-0.0964196917850727,-0.184239649134183,-0.184782201528252,0.523273221734858,0.000439414315829747,-0.0129290631741398,251.18671165339,264.675740755971
11.1,2.60080345247187,0.209752703682312,1.00026186226271,0.0622891148131655,0.0345675747396449,0.478353931483074,-0.943875361319667,1.02818671634631,-0.0932686538762604,-0.184397955451842,-0.187271699660091,0.52328130189655,0.00102096014701325,-0.0068270036066301,251.202213239228,264.700280934387
11.11,2.58764500886014,0.214585647762321,1.00022636634494,0.0606159385884261,0.0323654110212233,0.483463855705246,-0.941609023424603,1.03936836905235,-0.0900748286807803,-0.184565098308007,-0.189761402237135,0.523277385619143,0.00102096014701325,-0.0068270036066301,251.221078831414,264.727477443215
11.12,2.57443229592533,0.21945824137962,1.00019115328915,0.0589306916800383,0.0301548462538672,0.488575997448409,-0.93925918932162,1.05038600333639,-0.0868508012177567,-0.184552180631032,-0.190499224994406,0.523263234090142,0.00139403960718918,-0.00273236465889288,251.2429421324,264.756950606816
11.13,2.56116679308036,0.224369354558886,1.00015654908302,0.0572343512890467,0.027945564408012,0.493690918948862,-0.936630079809491,1.06121949424716,-0.0836089848803703,-0.184541725290383,-0.19123736385187,0.523240713276507,0.00139403960718918,-0.00273236465889288,251.26749433352,264.788395997155
11.14,2.54785047816619,0.229318063647891,1.00012291218751,0.0555274023896591,0.0257425942872177,0.498808881381477,-0.933845892093555,1.07187698426255,-0.0803590941342201,-0.184421395790143,-0.190870263216112,0.523211335323261,0.00161556639082815,-0.000149976387766507,251.297744433586,264.824994149275
11.15,2.53448522074969,0.234303409010122,1.00009066636049,0.0538105050096502,0.0235520646514518,0.503930200249976,-0.930784743906767,1.0823456392504,-0.0771221448354051,-0.184299391672401,-0.190503497018265,0.523176769525573,0.00161556639082815,-0.000149976387766507,251.347857953673,264.881623090327
11.16,2.52107322214159,0.239324582659303,1.00006034525763,0.0520839875770281,0.0213768873944843,0.509054999427627,-0.927519749519291,1.09262853361914,-0.0739057480646678,-0.184118305350455,-0.189501439594655,0.523138247545338,0.00172842503423207,0.00133349129461933,251.396264706812,264.935755719883
11.17,2.50761662036475,0.244380754881327,1.00003245897914,0.0503482718387458,0.0192206071860898,0.51418343336809,-0.923982551846067,1.10271805664762,-0.0707104622793174,-0.183933251409628,-0.188499630102829,0.523096879883136,0.00172842503423207,0.00133349129461933,251.439064365351,264.983354208499
11.18,2.49411776939394,0.249471196641886,1.00000747219439,0.0486035720426428,0.0170846597969968,0.519315540603443,-0.920210444483855,1.11261385527719,-0.0675346544472728,-0.183723769964711,-0.187190274080627,0.523053565743571,0.00176845738664408,0.00205140760129512,251.476365966353,265.024580330215
11.19,2.48057898954336,0.25459516968178,0.999985797115066,0.0468501403829909,0.0149707866803554,0.524451375626196,-0.916172207112954,1.122311814447,-0.0643772165067065,-0.183509291351845,-0.185881206078407,0.523009159507678,0.00176845738664408,0.00205140760129512,251.508310727645,265.059631760417
11.2,2.46700272868843,0.25975200221154,0.999967799107794,0.0450881067228064,0.0128794288201796,0.529590929633608,-0.911880888642253,1.13180932626445,-0.0612357645757824,-0.18329372417294,-0.184485258512715,0.522964357123206,0.00176043927399923,0.0022546910140058,251.535067756188,265.088736471574
11.21,2.45339142053861,0.264941023242646,0.999953794263193,0.0433176022388328,0.0108111130333209,0.534734201146301,-0.907330131579604,1.14110459178056,-0.0581081686835758,-0.183072928999214,-0.183089675707172,0.522919792011494,0.00176043927399923,0.0022546910140058,251.556830932134,265.112148431704
11.22,2.43974756431792,0.270161603140115,0.999944052728231,0.0415386960683051,0.0087656466064009,0.539881159811209,-0.902517441317217,1.15019361367981,-0.0549917413382013,-0.182865936454301,-0.181747669975402,0.522875981046061,0.00172263499895557,0.00213077799528857,251.573817690993,265.130145692165
11.23,2.42607365805639,0.275413120167731,0.999938799197734,0.0397514357210293,0.00674278301608346,0.545031777673669,-0.897452166546474,1.15907603749766,-0.0518838690670074,-0.182653985847826,-0.1804060909324,0.52283337122874,0.00172263499895557,0.00213077799528857,251.586264448261,265.143024774957
11.24,2.41237222330301,0.280694976155938,0.99993821509941,0.0379558481262589,0.00474196054255131,0.550186019190892,-0.892122660321996,1.16774710263976,-0.048781882749162,-0.182464534564486,-0.179199835502514,0.522792325763735,0.00166824658497497,0.0018165535345386,251.594424687467,265.151098368158
11.25,2.39864578850749,0.286006585628427,0.999942440723351,0.0361519255896236,0.0027624825929369,0.555343848676268,-0.886547305584376,1.17620726806794,-0.0456830992933465,-0.182270679676238,-0.17799403247438,0.522753137772158,0.00166824658497497,0.0018165535345386,251.598566138957,265.154691759004
11.26,2.38489687860832,0.291347374660424,0.999951577001266,0.0343396672137762,0.000803607131112164,0.560505234939276,-0.880709873125882,1.18445145158796,-0.0425850975269797,-0.182103581344201,-0.176963503670073,0.522716041874388,0.00160657751359107,0.00140930133952777,251.598966349554,265.154138134828
11.27,2.3711280299774,0.296716785038492,0.999965688377907,0.0325190315208243,-0.0011355822075231,0.565670145550013,-0.874633055182682,1.19248048064097,-0.0394854207624289,-0.181932766001227,-0.175933414081553,0.522681207042224,0.00160657751359107,0.00140930133952777,251.59591305489,265.149778504677
11.28,2.35734175939886,0.302114262541347,0.999984804604093,0.0306900008296707,-0.00305587829054858,0.570838558431449,-0.868299191089059,1.20028925245625,-0.0363820526080417,-0.18178987898931,-0.175089902066664,0.522648763104178,0.00154396016572507,0.000975627372884959,251.589696798412,265.141954075568
11.29,2.34354059710173,0.307539270341576,1.00000892377818,0.0288525157306316,-0.00495825931958889,0.576010449979292,-0.861732064641937,1.2078786603986,-0.0332729578559068,-0.18164399049141,-0.174246784534621,0.522618781490471,0.00154396016572507,0.000975627372884959,251.580614664893,265.131009853939
11.3,2.32972618679308,0.312990711282546,1.00003801711948,0.0270065699733142,-0.00683430653619858,0.581186064394474,-0.855142324930744,1.21524431626876,-0.0301636495649238,-0.181521858323398,-0.171542561680204,0.522591883911461,0.00148449118978992,0.00531314460048809,251.568935561369,265.117258804846
11.31,2.3158999926936,0.318467371307615,1.00007203211831,0.025152234181136,-0.00867374017752511,0.586365660755534,-0.848326319024503,1.22238767830334,-0.0270625015044502,-0.181390092350239,-0.168838924604911,0.522568764532755,0.00148449118978992,0.00531314460048809,251.55485343659,265.100938435639
11.32,2.30206304181817,0.323967741923711,1.00011089014382,0.0232896877880693,-0.0104617108420823,0.591549547488177,-0.841656265974851,1.22930504499932,-0.0239776781133636,-0.18127087274727,-0.162844924578056,0.522550359747749,0.00142955043580269,0.0129838388185389,251.538608117674,265.08233510474
11.33,2.28821603312472,0.32949008982503,1.00015449393217,0.0214192722929036,-0.0121800817073762,0.596738043833599,-0.834771918396291,1.23599826143594,-0.020926602408327,-0.181130263260946,-0.156852088004716,0.522537759586256,0.00142955043580269,0.0129838388185389,251.520305105547,265.061600673257
11.34,2.27435972523932,0.335032704113988,1.00020271644248,0.0195414659357335,-0.0138117085201391,0.601931338255419,-0.828106123832407,1.24246406519316,-0.0179144843969827,-0.180988498385231,-0.147058169526476,0.522531929695575,0.00137684495080008,0.0218503495816973,251.49920269499,265.038001706735
11.35,2.26049447674016,0.340593592350339,1.00025540353341,0.0176569413092006,-0.0153356525928545,0.607129613516859,-0.821245421437859,1.24870460661131,-0.0149630650325047,-0.180811771979141,-0.13726650451549,0.522533996053589,0.00137684495080008,0.0218503495816973,251.474159984667,265.010391503399
11.36,2.24662117416795,0.346171105193394,1.00031236429736,0.0157665019075484,-0.0167373862953753,0.612332814561139,-0.814562144031209,1.25471662603506,-0.0120720917220632,-0.180622801079506,-0.124253119119939,0.522544617904748,0.00132103152883766,0.0293733756243801,251.445686117533,264.979351707731
11.37,2.23274033008314,0.351763325861292,1.00037337730748,0.0138711125733605,-0.0179991692544226,0.617540864962588,-0.807710972955854,1.26050257914783,-0.00926242774714473,-0.180387373360712,-0.111243367080238,0.522564587942889,0.00132103152883766,0.0293733756243801,251.414291446288,264.945467884493
11.38,2.21885317038546,0.357368825607879,1.00043820294673,0.0119718325858985,-0.0191120609209879,0.62275346040875,-0.800929511582878,1.2660587809548,-0.00653169726153538,-0.180135274893749,-0.0962499299782311,0.5225940810535,0.00125501556708594,0.0340141890647941,251.380435603247,264.909271023366
11.39,2.20496063815642,0.362985972083545,1.00050657844601,0.010069806977618,-0.0200651449038665,0.627970271124885,-0.794012944012675,1.27138818246608,-0.00389327047167697,-0.179829641967081,-0.0812612427794867,0.522633328128554,0.00125501556708594,0.0340141890647941,251.344576008803,264.871287423232
11.4,2.19106432646026,0.368613597422341,1.00057823606044,0.00816622653750019,-0.0208558967477443,0.633190816627128,-0.787042216407403,1.27648635467765,-0.00134478450788543,-0.179510848688533,-0.0657105258371389,0.522681976576714,0.00117231996571748,0.0353389743303819,251.307120523377,264.831986715953
11.41,2.17716566232638,0.374250415658394,1.00065289321873,0.00626227682476636,-0.0214812346986465,0.638414600530717,-0.779972039864963,1.28135700944331,0.00111115966711191,-0.179136515535001,-0.0501651369772412,0.522739654671009,0.00117231996571748,0.0353389743303819,251.268461983894,264.791815850817
11.42,2.16326654408903,0.379895496489264,1.00073026651379,0.00435914452081096,-0.0219446541612358,0.643641065045707,-0.7727349091076,1.28599479062733,0.00347611542097539,-0.178759528188041,-0.0353915051851473,0.522805541993218,0.00106878211737448,0.0335474865027803,251.228960102441,264.7511797398
11.43,2.14936882262459,0.385547881139148,1.0008100656489,0.00245792192878462,-0.0222504231472189,0.648869656819259,-0.765433845987381,1.29040436889048,0.00575795525811248,-0.178329754870318,-0.0206231706370543,0.522878741261114,0.00106878211737448,0.0335474865027803,251.188946704273,264.710443938662
11.44,2.1354745934694,0.391206815550541,1.00089199765699,0.000559671051941984,-0.0224068871953745,0.654099835442795,-0.757880369597311,1.2945794392283,0.00795795270520236,-0.17791262167851,-0.00770122074649134,0.522958091783839,0.000943484863284328,0.0292411692255748,251.148739012688,264.669950024599
11.45,2.1215860087789,0.396871598157409,1.0009757689627,-0.00133471550831868,-0.0224242354219625,0.659331090704942,-0.750295745040976,1.29852569563292,0.0100914758912907,-0.177449294073524,0.00521598120439302,0.523042321355856,0.000943484863284328,0.0292411692255748,251.108621264269,264.629993437161
11.46,2.10770523582375,0.402541569797762,1.00106108064992,-0.00322438952641943,-0.0223140591437492,0.664562971549611,-0.74240907289126,1.30223602406964,0.0121605544517498,-0.177015917357932,0.015567591890271,0.523130091846334,0.000798916750304104,0.0232484162953102,251.068872389309,264.590855406632
11.47,2.09383457763351,0.408216187171406,1.00114763730918,-0.00510872509142162,-0.0220905096522721,0.669795082341867,-0.734519419067579,1.30571705535154,0.0141838855066265,-0.176545511155602,0.0259153402065075,0.523219941707477,0.000798916750304104,0.0232484162953102,251.029743326097,264.552776583599
11.48,2.07997615235143,0.413894799822313,1.00123513864256,-0.00698713739517917,-0.021766680722854,0.675027101519452,-0.726315884224251,1.30896114164455,0.0161649268910227,-0.176121611695555,0.0333645336757135,0.523310522863452,0.000640501034721804,0.0164714394526703,250.991475751238,264.515980509886
11.49,2.06613226305758,0.41957691385063,1.00132329011639,-0.00885929109414987,-0.0213585573719053,0.680258782488527,-0.71813184751047,1.31197562860892,0.0181218179360293,-0.175671045321016,0.0408108801066583,0.523400370849901,0.000640501034721804,0.0164714394526703,250.95429537575,264.480664529717
11.5,2.05230487868531,0.425261809097293,1.00141179707237,-0.0107248744792901,-0.0208791028077329,0.68548994073794,-0.70965653654474,1.31475269973292,0.0200592990738133,-0.175280446223413,0.0453875891847796,0.523488274811559,0.000475688540740903,0.00975694775232301,250.918404879275,264.446996621831
11.51,2.03849617212089,0.430948938621379,1.00150037180389,-0.0125838270437528,-0.0203441419593383,0.690720477153177,-0.701217241203135,1.31730009537392,0.0219922928122131,-0.174873448643391,0.0499624169344925,0.523572927992275,0.000475688540740903,0.00975694775232301,250.884004215444,264.415135225926
11.52,2.02470789381618,0.436637451274153,1.00158873414012,-0.0144360853446649,-0.0197651717152148,0.695950324928617,-0.692536478243915,1.31961023013306,0.0239259334020536,-0.174535157954826,0.0519926197872711,0.523653366848295,0.000312825272463992,0.00379896129016294,250.851254319239,264.385195302213
11.53,2.01094199068852,0.442326663649457,1.00167661178092,-0.0162818170190347,-0.0191562259631634,0.701179502557094,-0.683902689264804,1.321690869677,0.0258707575372566,-0.174189582961295,0.0540217359037834,0.523728560246071,0.000312825272463992,0.00379896129016294,250.820322539214,264.357295121424
11.54,1.99719996018786,0.448015554983675,1.0017637478109,-0.0181211568492949,-0.0185264108518358,0.706408024187766,-0.675094968841904,1.3235350390179,0.0278310935021755,-0.173915954388955,0.0540362464097104,0.523797857252414,0.000159997363817656,-0.00092083365573299,250.791326334112,264.331500782238
11.55,1.98348346851122,0.453703249006408,1.00184989431423,-0.0199544343850157,-0.0178868404130135,0.711635979172874,-0.666340532876825,1.32515016203591,0.0298131332651272,-0.173642264470917,0.054050239790522,0.523860570355895,0.000159997363817656,-0.00092083365573299,250.764391999345,264.307887497485
11.56,1.96979375891235,0.459388541066996,1.00193482432403,-0.0217819183656222,-0.0172437574023923,0.716863419085278,-0.65748736063949,1.32653018629895,0.0318193917816768,-0.173438315989574,0.0526845570477511,0.523916381822436,2.40284856640462e-05,-0.00415479265380629,250.739594168921,264.28647885961
11.57,1.95613220300129,0.465070335853525,1.00201832126707,-0.0236040264424106,-0.0166047787681006,0.722090452690682,-0.648690357061663,1.32768187533594,0.0338524428534514,-0.173239258016072,0.0513187072622361,0.52396496677848,2.40284856640462e-05,-0.00415479265380629,250.717012555776,264.267306495873
11.58,1.94249981645327,0.470747253188728,1.0021001915659,-0.0254210935620081,-0.0159732385888962,0.727317128221288,-0.639868202567838,1.32860031207033,0.0359125100690114,-0.173103052260645,0.0492182798319687,0.524006322311973,-9.02407913788086e-05,-0.00587740633864792,250.696682308437,264.250359720943
11.59,1.92889769785658,0.476417981552228,1.00218025343938,-0.0272335547955564,-0.0153532013965993,0.7325435282803,-0.631103006685917,1.32929136445262,0.037999472544231,-0.172974377443217,0.0471178606528051,0.524040462921606,-9.02407913788086e-05,-0.00587740633864792,250.678636426589,264.235630489133
11.6,1.91532668168948,0.482080991895108,1.00225834684011,-0.0290417491747186,-0.0147454009859345,0.737769666799663,-0.622377198170646,1.32975134936603,0.04011138527212,-0.172898236067841,0.0448596827919658,0.52406765227442,-0.000180321341873589,-0.00624756536178094,250.662875989611,264.223082893807
11.61,1.90178764154721,0.48773478360918,1.0023343245707,-0.0308460699138878,-0.0141507261259676,0.742995567992658,-0.613708306498565,1.3299851069192,0.0422462574089443,-0.172830196657437,0.0426015742798288,0.524088188820653,-0.000180321341873589,-0.00624756536178094,250.649392525155,264.212677267456
11.62,1.88828128783328,0.49337771775921,1.00240805779626,-0.0326468102670667,-0.0135678682262027,0.748221194236333,-0.60512928314845,1.32999017458485,0.0444005454065018,-0.172802445316802,0.0406388669640868,0.524102535217673,-0.000246084941987088,-0.00555463507862665,250.638159473946,264.204361082508
11.63,1.87480833303766,0.499008149015637,1.00247943096944,-0.0344442789814858,-0.0129952217520245,0.753446496257647,-0.596607354754426,1.3297703388176,0.0465710270003338,-0.172781739659976,0.0386762328306921,0.52411119791533,-0.000246084941987088,-0.00555463507862665,250.629135658469,264.198073254288
11.64,1.86136942270878,0.504624373312274,1.0025483429023,-0.0362386897530967,-0.0124301274231144,0.75867138212728,-0.588209307147262,1.32932424874373,0.0487533183633622,-0.172788662199065,0.0373087687894881,0.524114762156231,-0.000289465006094499,-0.00415822844891036,250.622273303036,264.193751739782
11.65,1.84796517742979,0.510224654134851,1.00261470543609,-0.0380302430895466,-0.0118693303387513,0.763895731320637,-0.579869502607701,1.32865470685887,0.0509434616321773,-0.172800496860079,0.0359413661550934,0.524113857580199,-0.000289465006094499,-0.00415822844891036,250.617508349359,264.191323940626
11.66,1.83459623197091,0.515807266589265,1.00267844128912,-0.0398190565229851,-0.0113095354450402,0.769119407551501,-0.571671123133113,1.32776129546452,0.0531369385305752,-0.172828208269039,0.0353103053613521,0.524109116353794,-0.000313938567758401,-0.0024304840462471,250.614777552042,264.19072340052
11.67,1.82126318035614,0.52137043777588,1.00273948535563,-0.0416052167885085,-0.0107467117971993,0.7743422358553,-0.56353351798515,1.32664597664401,0.0553294834945884,-0.172858190451878,0.0346793014406457,0.524101208272733,-0.000313938567758401,-0.0024304840462471,250.614002822064,264.19187374377
11.68,1.80796669031098,0.526912460676674,1.00279778098876,-0.04338874456942,-0.0101775740953787,0.779564054610901,-0.555540373237483,1.32530904830163,0.0575169515922075,-0.172894203484563,0.0347825599979401,0.524090745403122,-0.000323897223494697,-0.000707653278410656,250.61511027527,264.194707247401
11.69,1.79470738390532,0.532431575309986,1.00285328247594,-0.0451696227578446,-0.00959810389604187,0.784784661032165,-0.547612008793147,1.32375182189845,0.0596951675244698,-0.172929852863305,0.0348858845031038,0.524078365182024,-0.000323897223494697,-0.000707653278410656,250.618014611092,264.199148564526
11.7,1.78148599230115,0.537926122046183,1.00290595118381,-0.0469477874140775,-0.00900553532361384,0.790003891687102,-0.539819939650015,1.32197508430536,0.0618606334369593,-0.17296419613357,0.0356082476030927,0.524064606910222,-0.00032401131600648,0.000744676003547918,250.622635294837,264.20513033263
11.71,1.76830320527389,0.543394392689554,1.00295575800431,-0.0487231387741077,-0.00839648498191856,0.795221546674978,-0.532097956765992,1.31997970363092,0.0640096162179976,-0.172995954839814,0.0363306944927166,0.524050019892691,-0.00032401131600648,0.000744676003547918,250.628884505832,264.212580383263
11.72,1.75515983394699,0.548834793479273,1.00300268020921,-0.0504955493452778,-0.00776904328297372,0.800437484129316,-0.524496900363331,1.3177667458049,0.0661393468970542,-0.173021785231018,0.0374821338329108,0.524035035612722,-0.000318672316981819,0.00175093445884515,250.636678405753,264.221432404438
11.73,1.74205665899791,0.554245693641237,1.00304670318856,-0.0522648643138313,-0.00712087327841184,0.80565153619969,-0.516972175299718,1.31533683445745,0.0682467926279165,-0.173043492530334,0.0386336734115362,0.524020079554601,-0.000318672316981819,0.00175093445884515,250.645929713654,264.231617780365
11.74,1.72899457523266,0.559625572582342,1.00308781827148,-0.0540309181354288,-0.00645107734026674,0.810863601820521,-0.509549868388335,1.31269114048689,0.07032987551341,-0.17305721992245,0.0399895385634104,0.524005458686748,-0.000311570455392599,0.00222999735700685,250.656554167821,264.243071527219
11.75,1.71597446177996,0.564972888696966,1.00312602339724,-0.0557935302394265,-0.00575855498987241,0.816073568138867,-0.502210619236074,1.30983021334222,0.0723864824874784,-0.17306609232675,0.0413455076369343,0.523991458292584,-0.000311570455392599,0.00222999735700685,250.668214657978,264.25546389818
11.76,1.70299732750109,0.570286232008357,1.00316131446284,-0.0575525241625417,-0.00504389861144848,0.821281414797631,-0.494943595952907,1.30675517098862,0.0744171141435052,-0.173067275547096,0.0425746580819489,0.523978210384329,-0.000305456385172257,0.001932382358838,250.678109765742,264.265884074416
11.77,1.69006418873175,0.575564199425776,1.00319367062122,-0.0593077281093386,-0.00430782843090065,0.826487133114012,-0.487766187905499,1.30346657647996,0.0764231559992438,-0.173064055099703,0.0438038513996211,0.52396580317476,-0.000305456385172257,0.001932382358838,250.686028494925,264.274129658189
11.78,1.67717572669813,0.580806360618437,1.00322310346699,-0.0610495280501921,-0.0035554952259308,0.831690988048986,-0.480553728124498,1.30016771197028,0.078396048011418,-0.170952767164498,0.0438938312036839,0.523953896847765,0.00393181796216125,-0.000733920493714756,250.692248771284,264.280508585493
11.79,1.66433254837345,0.58601251826732,1.00324962296111,-0.0627662703194146,-0.00279328936964218,0.836893346233864,-0.473434366187056,1.29666007424979,0.0803243683671376,-0.168841090219556,0.0439788462628912,0.523942034847959,0.00393181796216125,-0.000733920493714756,250.697093614719,264.285370389323
11.8,1.65153541565233,0.591182854126979,1.00327322869424,-0.0644451973809855,-0.00203117699145021,0.842094840152055,-0.466165933145244,1.29321853622607,0.0821996745645529,-0.163903779994014,0.0418831243927165,0.523929547261395,0.009624437998805,-0.00582905340558682,250.700847982995,264.289020997379
11.81,1.63878502805656,0.596317941974638,1.0032939288597,-0.0660708493803205,-0.00128143097546445,0.847296294871238,-0.458989436377586,1.28957808273192,0.0840055534757216,-0.158973914503168,0.0397757856193911,0.52391564207385,0.009624437998805,-0.00582905340558682,250.703868654136,264.291833574467
11.82,1.62608240918709,0.601418194507315,1.00331169575413,-0.0676321658178428,-0.000557153846314587,0.852498654860311,-0.451587193494189,1.2859842570721,0.0857396935410699,-0.151560317251585,0.0348282238980187,0.523899655184303,0.0146470156102437,-0.0124566453302618,250.706422379372,264.29408289687
11.83,1.61342858297851,0.606484486909817,1.00332651262922,-0.0691157553527165,0.000125612490653751,0.857703110741877,-0.444270004099599,1.28220616071379,0.0873861734278756,-0.144164415383589,0.0298632303672343,0.523880868815464,0.0146470156102437,-0.0124566453302618,250.708869697737,264.296135268508
11.84,1.60082484047167,0.611517197997089,1.00333832526595,-0.0705147959178594,0.000752912145550377,0.862910776632915,-0.436700226397991,1.27840642955065,0.088949678568186,-0.135181157126219,0.0219007163641616,0.523858953876423,0.0178869328632872,-0.0194427455667554,250.711441775867,264.298219632889
11.85,1.588272547201,0.616517163935485,1.00334708858074,-0.0718210302246017,0.00130774352721935,0.868123017618696,-0.429202635174819,1.27444022555813,0.09041833312299,-0.126226388178332,0.0139170430277664,0.523833599100829,0.0178869328632872,-0.0194427455667554,250.714473847145,264.300671236585
11.86,1.57577316967962,0.621484589467502,1.00335273383845,-0.0730325055158558,0.00177745824810925,0.873340938699012,-0.421471726431895,1.27037309298529,0.0918014647719216,-0.116718136818267,0.00324661507191542,0.523804961597332,0.0190668766434146,-0.0256942180190052,250.718151227918,264.30367005437
11.87,1.56332830805222,0.626420077909031,1.00335519867007,-0.0741468407807613,0.00214672637940943,0.87856585827146,-0.413794728558568,1.26615838603148,0.0930930293938091,-0.107247998642633,-0.00744634269726203,0.523773236006936,0.0190668766434146,-0.0256942180190052,250.722759430677,264.307502830319
11.88,1.55093948075942,0.631323621719153,1.00335441638169,-0.0751663226435484,0.00240583409124244,0.883798707249518,-0.405937351459785,1.26177639661577,0.0943035631302301,-0.098122583858896,-0.0201673206274608,0.523738999508598,0.0184564174500287,-0.0303990818450467,250.728434329296,264.312304433413
11.89,1.53860837099325,0.636195522230317,1.00335032483158,-0.0760936628857421,0.00254308766547136,0.889040565348394,-0.398111435103517,1.25726499003594,0.0954330495492526,-0.0890425011413455,-0.0329101804970053,0.523702827671263,0.0184564174500287,-0.0303990818450467,250.735396209056,264.318302992302
11.9,1.5263364413121,0.641035592758393,1.00334287513825,-0.0769341378252305,0.00255261627325019,0.894292076034389,-0.390175672069681,1.25254384373775,0.0964902569916636,-0.080937317642073,-0.046832164214554,0.523665513180684,0.0165897684527994,-0.0331148916894278,250.743733793545,264.325595005218
11.91,1.5141253205473,0.645843854620777,1.00333202276222,-0.0776940258197467,0.002427445358148,0.899553956625073,-0.382246360460279,1.24770937166283,0.0974801960147001,-0.0728816352149327,-0.06077397077086,0.523627777655763,0.0165897684527994,-0.0331148916894278,250.753597589708,264.334347214698
11.92,1.50197634828064,0.650620018240936,1.00331774839684,-0.0783802106367804,0.00216572810020373,0.904826518206203,-0.374279453536799,1.24264803610356,0.0984081266359271,-0.0661367740145132,-0.0750141139186462,0.523590404295035,0.0140531551365434,-0.0337698497367857,250.765035666949,264.34462458152
11.93,1.48989100825598,0.655363905442471,1.0033000382441,-0.0790008610156079,0.00176540642192403,0.910110073882296,-0.366293132307185,1.23748665699684,0.0992823567414201,-0.0594424530058312,-0.0892712484108835,0.523554041666832,0.0140531551365434,-0.0337698497367857,250.77813423061,264.356536237844
11.94,1.47787012263911,0.660075362897231,1.00327893844195,-0.0795592456486719,0.00122925396201944,0.915404539685953,-0.358355841686278,1.23218833003644,0.100099187469512,-0.0532483413517182,-0.102816498220721,0.523519460268017,0.0131462906908887,-0.0320612562845911,250.792895290843,264.370106746282
11.95,1.46591453404948,0.664754297530706,1.00325450950563,-0.0800590484363562,0.000560797826910688,0.920709753138014,-0.350373939125682,1.22680202825855,0.100861735196179,-0.0471021367270431,-0.116377728565606,0.523487341423736,0.0131462906908887,-0.0320612562845911,250.809298454477,264.385340845102
11.96,1.45402420619182,0.669400399546051,1.00322688333298,-0.0804985410414867,-0.000228903013449536,0.926024924648093,-0.342622618123842,1.22139598174616,0.101553347167391,-0.0403558431057734,-0.127387470722872,0.52345859781227,0.0144409161236023,-0.0260416492165461,250.82729429168,264.402215530512
11.97,1.44219890982019,0.674013300425187,1.00319621970176,-0.0808752045333492,-0.00112625695491356,0.931349031564778,-0.334805696537155,1.21591557271523,0.102171048049611,-0.0336481044995015,-0.138414469908514,0.523434122280278,0.0144409161236023,-0.0260416492165461,250.846720114545,264.420594010904
11.98,1.43043837574176,0.678592996732056,1.0031626944472,-0.081184347751875,-0.00211914227609548,0.936681137576305,-0.327228408660367,1.21048805812516,0.102697493849128,-0.0257220692245788,-0.146644722916553,0.523414780907132,0.0169584360229738,-0.0194458336282433,250.867517001492,264.440450713261
11.99,1.41874205571283,0.683139419005545,1.00312651425794,-0.0814198628199447,-0.00319268933928563,0.942020052986082,-0.31956960702284,1.20500179943751,0.103123921055088,-0.0178242657247404,-0.154894794224352,0.523401439194707,0.0169584360229738,-0.0194458336282433,250.889497958977,264.461629830612
12,1.4071097066136,0.687652960732971,1.00308787951504,-0.0815759343228214,-0.00433633622083286,0.947364910414653,-0.312100361589198,1.19960378207298,0.103436532590612,-0.00850301883506631,-0.160678799952924,0.523394792239733,0.0198678939412947,-0.013620727165364,250.912597396925,264.484103918268
12.01,1.39554078525757,0.692133973827937,1.00304701960034,-0.0816451523984681,-0.00553711062264515,0.952714618397955,-0.304538286085194,1.19416482283625,0.103623563111292,0.000799175825796986,-0.166485611509306,0.523395519556795,0.0198678939412947,-0.013620727165364,250.93663485454,264.507727130255
12.02,1.38403518992107,0.696583198539315,1.00300414896615,-0.081622267313584,-0.00678674640690599,0.958068449003792,-0.297101906262207,1.18881626350875,0.103675761425498,0.0113595990368284,-0.170318351310832,0.523404032589072,0.022427685847681,-0.0089429212238396,250.961531991255,264.532459858665
12.03,1.37259253847553,0.701001356429848,1.00295950673903,-0.081500637130005,-0.00807504681340773,0.963425494720573,-0.289565100243249,1.18344637970017,0.103582033084459,0.021908357410522,-0.174176512697869,0.523420698359824,0.022427685847681,-0.0089429212238396,250.98712083315,264.558167822831
12.04,1.36121291894216,0.70538944668137,1.00291331461091,-0.0812769410258776,-0.00939600325495479,0.9687851768021,-0.28209397819008,1.17814247690061,0.103337460248103,0.0332553166348444,-0.176546624775541,0.523445567682045,0.0240494075248468,-0.00539908908128338,251.013305663297,264.584789526899
12.05,1.34989618642305,0.709748459545994,1.00286581322465,-0.0809469620164963,-0.010742136130259,0.974146782001746,-0.27451764681982,1.1728378015999,0.10293486324353,0.0445961525751458,-0.178943748533922,0.523478618274998,0.0240494075248468,-0.00539908908128338,251.039933468701,264.61219973279
12.06,1.33864262707641,0.714079572090871,1.00281722648404,-0.0805101977185277,-0.0121093596330454,0.979509866276478,-0.266956804974325,1.16755710734556,0.102373071498421,0.0560857021834597,-0.180270976550951,0.523519519770749,0.024356795961169,-0.00283260373263064,251.066889982194,264.640308868115
12.07,1.3274523595687,0.718383947937517,1.00276779077002,-0.0799659299769495,-0.0134925005231532,0.984873890620804,-0.259287981569641,1.16229592042452,0.101650908092714,0.0675730060581719,-0.181625351016821,0.523567846915646,0.024356795961169,-0.00283260373263064,251.094040750162,264.668999845704
12.08,1.31632584815899,0.722662883925232,1.00271772810499,-0.0793168348592164,-0.0148889774716522,0.990238523116735,-0.251595281092273,1.15700898067827,0.100770377657614,0.0784866838279046,-0.182244165841966,0.523622925374823,0.0232078124119073,-0.00105045888145839,251.12125443174,264.698152499059
12.09,1.3052634637976,0.726917648263612,1.0026672661985,-0.0785661196025364,-0.0162954195449547,0.995603368846558,-0.24379318011369,1.15176025597939,0.0997369437161011,0.0894005975029645,-0.182888635378706,0.52368397265826,0.0232078124119073,-0.00105045888145839,251.148419224309,264.727658868441
12.1,1.2942658079449,0.731149624587646,1.00261662162457,-0.0777194984525829,-0.0177103436908608,1.0009681846067,-0.235937663909745,1.14643751351775,0.0985553567235419,0.0990554379203259,-0.183051747085059,0.523750052295084,0.0206804040981943,0.000131488342414747,251.175389531731,264.757368600746
12.11,1.2833334630709,0.735360147316874,1.00256600985016,-0.0767839206781476,-0.0191316985800171,1.00633268860747,-0.227972168165376,1.14116894011549,0.0972369870980377,0.108711892125529,-0.183237472351363,0.523820114341876,0.0206804040981943,0.000131488342414747,251.202079000389,264.787184280263
12.12,1.27246711362051,0.739550674436677,1.00251563890718,-0.0757675943467184,-0.0205587463982836,1.01169670544629,-0.219931867795345,1.13578691150589,0.0957889862195069,0.116549077941087,-0.183127166625616,0.523893067433664,0.0170290946133698,0.000871360944177081,251.228330866118,264.816927965814
12.13,1.26166749205651,0.743722593873655,1.00246570919295,-0.0746805356341928,-0.0219903413782466,1.01706003898865,-0.211781464438271,1.13047134067,0.0942269133619306,0.12438843955752,-0.183035163820221,0.52396770821772,0.0170290946133698,0.000871360944177081,251.254084105105,264.84651307484
12.14,1.25093530643454,0.747877438733886,1.00241641768322,-0.0735326355899333,-0.0234262057142915,1.02242256464239,-0.203541251805937,1.12501647268071,0.0925599119599453,0.130031522458423,-0.182776845862377,0.524042904196517,0.0126235309437429,0.00129696091424431,251.279173713224,264.875738335524
12.15,1.24027136693388,0.752016654998559,1.0023679477414,-0.0723359786734438,-0.0248657687695364,1.02778414967751,-0.195190994251733,1.11963612336895,0.0908055778354295,0.135676794119586,-0.1825316658726,0.52411741817411,0.0126235309437429,0.00129696091424431,251.303560237172,264.904526178828
12.16,1.22967634875975,0.756141857361295,1.00232048335196,-0.0711012132971148,-0.0263089967016496,1.03314470758474,-0.186740712329538,1.11410616107569,0.0889744501331308,0.138956397386376,-0.182207026194865,0.524190181629049,0.00788112017016189,0.0015071881670685,251.327073340185,264.932657747462
12.17,1.21915106714399,0.760254562597074,1.00227418974911,-0.0698413553559445,-0.0277556462731961,1.03850415229061,-0.178180442856863,1.10865435065359,0.0870841078019847,0.142237886170578,-0.18188997973227,0.524260033526612,0.00788112017016189,0.0015071881670685,251.349688253435,264.960060664667
12.18,1.20869611782763,0.764356472904966,1.00222923629937,-0.068566911666408,-0.0292057752099969,1.04386242654479,-0.169513388930021,1.10305743901399,0.0851456839497412,0.143185174712865,-0.181548646886858,0.524326055329654,0.00320457800072749,0.00157578815358959,251.371232704234,264.986505776319
12.19,1.19831225735971,0.768449188966286,1.00218576956193,-0.0672907271019705,-0.0306592939530611,1.04921947910497,-0.160736297116496,1.09753801238571,0.083175159454546,0.144133918159133,-0.18120944475402,0.524387251958976,0.00320457800072749,0.00157578815358959,251.391688270833,265.011921303538
12.2,1.18799997017542,0.772534501608428,1.00214394246846,-0.0660224074097585,-0.0321162539021837,1.05457527627927,-0.151848058520364,1.09189005224339,0.0811833541953914,0.142949176391585,-0.180878694804074,0.524442915794438,-0.00106756046755405,0.0015558080312075,251.410885185592,265.036076679184
12.21,1.17775990639293,0.776614103319174,1.0021038822928,-0.0647736959642065,-0.0335766071795295,1.05992979373135,-0.142849577073983,1.08631500047753,0.0791836976627251,0.141765470154978,-0.180545086816281,0.524492280924262,-0.00106756046755405,0.0015558080312075,251.428803892696,265.058897242145
12.22,1.16759242451741,0.780689867797424,1.00206572300318,-0.0635527510104656,-0.0350403446333186,1.06528301780934,-0.133737186503284,1.08063595291379,0.0771858527769915,0.13877048586246,-0.180237533267125,0.524534884301556,-0.00469289021430741,0.00148398798207771,251.445282910522,265.080161299794
12.23,1.15749804055397,0.784763578984082,1.00202957124114,-0.0623695454946901,-0.0365073962847506,1.07063494592345,-0.124514192790903,1.07502190095824,0.0752003374830279,0.135776216033682,-0.179922889113133,0.524570223257731,-0.00469289021430741,0.00148398798207771,251.460297087959,265.099790737703
12.24,1.1474769896079,0.788837180663892,1.00199553846782,-0.0612304880382701,-0.0379776706804837,1.07598558224422,-0.115175556020488,1.06933177404114,0.0732350405985838,0.131359834663445,-0.179642266765566,0.524598086567504,-0.00753834701199977,0.00138472267293593,251.473700214795,265.117583863594
12.25,1.13752964688235,0.792912538953878,1.00196370817075,-0.0601434116663076,-0.0394510469526347,1.08133494252611,-0.105725833144537,1.06369606851833,0.0712976536462711,0.126943984443613,-0.179351233838539,0.524618240512532,-0.00753834701199977,0.00138472267293593,251.485461420281,265.133462456997
12.26,1.12765614155755,0.796991649225724,1.00193416480926,-0.0591129103018723,-0.0409273515148178,1.08668304716988,-0.0961593767455784,1.05801123804314,0.0693939971147148,0.121509365054503,-0.179096498456058,0.524630709818398,-0.00957643166822205,0.00127343215381631,251.495457394404,265.14725588785
12.27,1.11785672045475,0.801076442774701,1.00190696500704,-0.0581445978062355,-0.0424064069076603,1.09202992787422,-0.0864812828482241,1.05236829162283,0.0675292886544335,0.116075231845239,-0.178828978561043,0.524635510586241,-0.00957643166822205,0.00127343215381631,251.503655878274,265.15889296892
12.28,1.10813143550568,0.805168944557029,1.00188216120635,-0.0572413880058002,-0.0438879703144357,1.09737561988592,-0.0766857693803648,1.04669864089592,0.0657073143405993,0.109995466397695,-0.1785970041804,0.524632869572405,-0.0108682258035508,0.00115929251283173,251.509963904712,265.168244068517
12.29,1.09848043266983,0.809271128752108,1.00185977869447,-0.056406840661335,-0.0453718151394437,1.10272016897397,-0.0667780640371907,1.0410570292457,0.0639312874712178,0.103916254505924,-0.178350746833059,0.524623014340301,-0.0108682258035508,0.00115929251283173,251.514355612422,265.175254790584
12.3,1.0889037219618,0.813385026933869,1.00183983302812,-0.0556424672743964,-0.0468576476331744,1.10806362386805,-0.0567525257176763,1.03540418415135,0.062203249322387,0.0975025781862938,-0.178137926224968,0.524606327843996,-0.0115380763683152,0.00104734392953286,251.516774761375,265.17984433282
12.31,1.07940138583844,0.817512631547738,1.00182231364396,-0.0549501136005504,-0.0483452050728433,1.1134060428135,-0.04661430615383,1.02976478737541,0.0605248942978571,0.0910895961688535,-0.177910054309954,0.524583198378412,-0.0115380763683152,0.00104734392953286,251.517211419701,265.181985666874
12.32,1.06997342974774,0.821655959244917,1.00180719520861,-0.0543302455110998,-0.0498341611770754,1.11874748665067,-0.0363580542309415,1.02412151439732,0.0588969502322463,0.0845738895233411,-0.177713101903435,0.524554113817721,-0.0117449926441627,0.000940036877793832,251.51565071037,265.181651843018
12.33,1.06061991422137,0.825816996721772,1.00179442755188,-0.0537834312166594,-0.0513242304305589,1.12408802468989,-0.0259887605902677,1.01847678946617,0.0573200373002977,0.0780590516322173,-0.177500873289403,0.5245195672595,-0.0117449926441627,0.000940036877793832,251.512108017479,265.178852734189
12.34,1.05134087539185,0.829997727490835,1.00178394190902,-0.053309464766817,-0.0528150692365049,1.12942772854447,-0.0155014356442692,1.01282744736089,0.0557940269309798,0.07159007840051,-0.177317100202008,0.524480100741693,-0.0116552419167195,0.000838303154808785,251.506612303341,265.17361718817
12.35,1.04213639246823,0.834200111521562,1.00177564618416,-0.0529080940375768,-0.0543063798971798,1.13476667733193,-0.00490089264989533,1.00716174208635,0.0543188399637513,0.0651221503681545,-0.177118173823094,0.524436257632062,-0.0116552419167195,0.000838303154808785,251.499211943756,265.165998968167
12.36,1.03300656224774,0.838426085511402,1.0017694274861,-0.0525787805840548,-0.0557978120065764,1.14010495218631,0.00581747020418196,1.0014835532444,0.0528938841122508,0.0587732524077329,-0.176945459077865,0.524388588850902,-0.0114195468508655,0.000742249875606128,251.489980003475,265.156081703648
12.37,1.02395151806651,0.842677566434732,1.00176515135116,-0.0523208668397348,-0.0572890623279006,1.14544264091055,0.0166489991910286,0.995774246289346,0.0515186700826866,0.0524255580876227,-0.176757884261653,0.5243376402316,-0.0114195468508655,0.000742249875606128,251.479002798327,265.143966669575
12.38,1.01497121202464,0.846955929550534,1.0017626931324,-0.0521337231851261,-0.0587748076724391,1.15077957218623,0.0274740524880672,0.990039379277594,0.0501928739699382,0.0462122409490974,-0.175488206299235,0.524283852344717,-0.0111569946515586,0.00322932801814147,251.466400221021,265.129793374776
12.39,1.00606558241736,0.851262414179417,1.0017619171378,-0.0520165179514471,-0.0602486666480231,1.1561155213189,0.0384104607960339,0.984259511192385,0.0489159746091044,0.040004235782587,-0.174204130074232,0.524227667287777,-0.0111569946515586,0.00322932801814147,251.45231308606,265.113725207987
12.4,0.99723445874993,0.855597814752514,1.0017626925051,-0.0519685532505251,-0.0617003765912922,1.16145006337332,0.0492140635461393,0.978439261321848,0.0476893915270969,0.0339222575222115,-0.170736536990792,0.524169487271149,-0.0109228223901329,0.0082851718433881,251.436897049928,265.095943095175
12.41,0.988477607242955,0.859962662376933,1.00176488877665,-0.0519888738073582,-0.0631175179225561,1.16678265520656,0.0601234102919717,0.972561053791136,0.0465122459408657,0.0278536168512538,-0.167255211576274,0.524109731003575,-0.0109228223901329,0.0082851718433881,251.420334661087,265.076657278578
12.42,0.979794937767212,0.86435761673808,1.00176834810273,-0.0520765960898438,-0.0644895785978279,1.1721128468012,0.0708855179242548,0.966629252098607,0.0453878342048085,0.0219143972892428,-0.16153194378953,0.524048881575992,-0.0106979898707734,0.0134805462082016,251.402799418365,265.056070227403
12.43,0.971186288617337,0.868783048264484,1.00177291734236,-0.0522305799908209,-0.0658038324884825,1.17744005829795,0.0817432802595793,0.960626956099958,0.0443145769345255,0.0159967017164098,-0.155795719112108,0.523987440743688,-0.0106979898707734,0.0134805462082016,251.384488568058,265.034410881194
12.44,0.962651746278627,0.873239745913413,1.00177840559897,-0.052449647577726,-0.0670524017628545,1.18276394813445,0.092506553104209,0.954560736856008,0.0432960299560619,0.0102377412989711,-0.148400021594777,0.523925979500219,-0.010428865069955,0.0173213029209913,251.365581490097,265.011891410355
12.45,0.954191341317699,0.877728252845333,1.00178462702238,-0.052732379144859,-0.0682257774500418,1.18808407016315,0.103351622615796,0.948411675603428,0.0423305543323113,0.00450634449144473,-0.140992157606373,0.523865074447156,-0.010428865069955,0.0173213029209913,251.346270631938,264.988739717656
12.46,0.945805355664287,0.882249586256345,1.0017913614893,-0.0530772717554438,-0.069319906701072,1.19340024676103,0.114181292785212,0.942190518661042,0.0414201612715392,-0.00101909761760583,-0.132771498673633,0.523805323178318,-0.0100744142409527,0.0191899748446432,251.326736430669,264.965173046884
12.47,0.937494040602647,0.88680459604103,1.00179839283655,-0.0534825920590889,-0.0703299521158534,1.19871224028882,0.125076548261561,0.935874361870809,0.0405639168917989,-0.00651403172684909,-0.124539412641294,0.523747305116987,-0.0100744142409527,0.0191899748446432,251.307158923684,264.941410113143
12.48,0.929257848560419,0.891394508413574,1.00180547968369,-0.053946578371389,-0.0712556195194488,1.2040200387088,0.136032221781177,0.929478459585021,0.0397614580863605,-0.0117561495134835,-0.116325844093966,0.52369156124001,-0.00962914867693558,0.0191207195663367,251.287720433111,264.917673381348
12.49,0.921097226782897,0.896020467599124,1.00181238342823,-0.0544672464428908,-0.0720966607579492,1.20932361880798,0.147036480833262,0.922975728117283,0.0390126736190777,-0.0169678481639705,-0.108101501468387,0.523638588107056,-0.00962914867693558,0.0191207195663367,251.268593387299,264.894176014764
12.5,0.913012606695877,0.9006834270816,1.00181887377684,-0.0550426881159602,-0.0728519284131169,1.2146228948912,0.158062098259185,0.916384876512241,0.038317442409982,-0.0218955382845572,-0.0997003015891104,0.523588827706342,-0.00912165485698402,0.0195091593394782,251.249964621303,264.871146626703
12.51,0.905004403882286,0.905384239408659,1.00182472833748,-0.0556707295215564,-0.0735201269582162,1.2199177577513,0.169118816720327,0.909676374977505,0.0376751149899535,-0.026792233913766,-0.0912890319207128,0.523542680993849,-0.00912165485698402,0.0195091593394782,251.232005563392,264.848797818033
12.52,0.897072893063793,0.91012319148553,1.00182975700998,-0.056349343433056,-0.0740955311881964,1.22520783311312,0.180064351681833,0.902871166751197,0.0370886622421788,-0.0313870776797546,-0.0816760588187562,0.523500535549581,-0.0085826748261801,0.0222931885588158,251.214898049245,264.827352639064
12.53,0.889218293472623,0.914900357012007,1.00183378800009,-0.0570761562749115,-0.0745712462702849,1.23049265424136,0.191021640813799,0.89593904387596,0.0365560286734864,-0.0359467001043483,-0.0720538675753319,0.523462768498384,-0.0085826748261801,0.0222931885588158,251.198795750216,264.807004500524
12.54,0.881440804706059,0.919715547210845,1.00183666591937,-0.0578489346528667,-0.0749389624609875,1.23577164153292,0.201781888778899,0.888903265240241,0.0360829291492507,-0.0401820817716288,-0.0606478276251567,0.523429744895579,-0.00800898421538271,0.0264405053695799,251.183860244467,264.787954419837
12.55,0.873740545311346,0.924568286186489,1.0018382605984,-0.0586650450761769,-0.0751886206650307,1.24104407886353,0.212531273475504,0.881732703936595,0.0356661906656125,-0.0443759457831313,-0.0492334666630954,0.523401836038103,-0.00800898421538271,0.0264405053695799,251.170212357385,264.770360606357
12.56,0.866117697660313,0.929458081862978,1.00183844652829,-0.0595219317948098,-0.0753112204794121,1.24630927012382,0.223040991180268,0.874454545641587,0.0353133636073795,-0.0482045187388091,-0.0358737473714704,0.523379375646053,-0.00736596331815467,0.030968974715147,251.157983354929,264.754391428058
12.57,0.858572349564266,0.934384122029175,1.00183712688043,-0.0604165953138336,-0.0752958527099395,1.25156636621896,0.233513354524724,0.867035039873369,0.0350204472440217,-0.0519847091498917,-0.0225065981043148,0.523362704222135,-0.00736596331815467,0.030968974715147,251.147254965648,264.740163124617
12.58,0.851104707201782,0.939345764651169,1.00183420332472,-0.0613460683131801,-0.0751345651992129,1.25681465108031,0.243742595351667,0.859507199279407,0.0347951237340526,-0.0553386778736714,-0.00741871170353408,0.523352080282239,-0.00661364084619852,0.0349758269795946,251.138122600825,264.727805223734
12.59,0.843714879251179,0.944342056047848,1.00182960687301,-0.0623069013445544,-0.0748177233647329,1.26205326832473,0.25390427089482,0.851832723365018,0.034633267804147,-0.0586382045463646,0.00767572615635488,0.523347753417479,-0.00661364084619852,0.0349758269795946,251.130627923814,264.717390173626
12.6,0.836403120689619,0.949372321639313,1.00182326617636,-0.0632957011287589,-0.0743397985777695,1.26728157625509,0.263850012837561,0.844051513674689,0.0345406279889612,-0.0614410716808909,0.0239610389903683,0.523349843165608,-0.00573035859806081,0.0377465331595516,251.124829105807,264.70900607687
12.61,0.829169594661817,0.954435619972177,1.00181513805058,-0.0643085627780415,-0.0736941107138195,1.27249883191268,0.273695059709426,0.836119698782845,0.0345139332471243,-0.064185323913657,0.0402520117342484,0.523358432557838,-0.00573035859806081,0.0377465331595516,251.120730783746,264.702683130444
12.62,0.822014614795242,0.959531312568973,1.00180517937513,-0.0653417471135593,-0.0728784016570417,1.27770454768726,0.283369968048462,0.82808365802224,0.034555303913161,-0.0663695282151127,0.057016168918878,0.523373441625575,-0.00472589988649904,0.0388409602307709,251.118355996616,264.698468258825
12.63,0.81493841475247,0.964658564810414,1.00179337300224,-0.0663909903407833,-0.0718899793739121,1.28289819296976,0.292909394593373,0.819894449045336,0.0346631211664394,-0.068493492233267,0.0737850448618758,0.523394722867812,-0.00472589988649904,0.0388409602307709,251.117679194099,264.696354246271
12.64,0.807941363821751,0.969816791378457,1.0017797052432,-0.0674523715340807,-0.0707301160452249,1.28807948876536,0.302329947827708,0.811602979789218,0.0348351451267143,-0.0700176773389753,0.0902519651981507,0.523421963392932,-0.00364248505004798,0.038124398534906,251.118692643653,264.696348944134
12.65,0.801023766863235,0.975005294464353,1.00176418564379,-0.068521455832799,-0.0694004233592053,1.29324818039992,0.311580065431526,0.80315728831138,0.0350716150776186,-0.0714827422757775,0.106722588608726,0.523454758017263,-0.00364248505004798,0.038124398534906,251.121350523131,264.698415614324
12.66,0.794186302530147,0.98022444697161,1.00174679577001,-0.069594417255518,-0.0679140909692196,1.29840482271214,0.320972223526509,0.794609230940572,0.0353564449176686,-0.0723467081248542,0.120247711550316,0.523492354994196,-0.00254567438233664,0.0312273491798665,251.12563373626,264.702540895417
12.67,0.787429656418332,0.985474809314442,1.00172753149242,-0.0706670730946491,-0.0662872815550308,1.30355022110284,0.330162706142478,0.785906348654147,0.0356949422069555,-0.0731621295556386,0.133775390164122,0.523533849252198,-0.00254567438233664,0.0312273491798665,251.131549106077,264.708730509522
12.68,0.780754518358932,0.990756729230037,1.00170639827365,-0.0717360797778438,-0.0645355500047712,1.30868519863806,0.339524604026209,0.777097083964199,0.0360705161168637,-0.0734319183603927,0.143840051948858,0.52357832838416,-0.00153735572479161,0.023125272045036,251.139070327525,264.716949269478
12.69,0.774161604216634,0.996070828075045,1.00168341116686,-0.0727978095937997,-0.0626779352798927,1.31381088135875,0.348659941943256,0.768133906515136,0.0364857803269879,-0.0736655735432587,0.153906051984975,0.523624750373742,-0.00153735572479161,0.023125272045036,251.148239247022,264.727225441817
12.7,0.767651523795513,1.0014170506561,1.00165861341315,-0.0738496399806648,-0.0607282951190419,1.31892808528016,0.357901872530921,0.759057072002401,0.0369278894801625,-0.0734602753572726,0.160895076955669,0.52367224341325,-0.000719515315129362,0.015931006186614,251.159011770335,264.739491904833
12.71,0.761224913354622,1.00679560370502,1.00163205539803,-0.074888731892583,-0.0587035792715397,1.32403790183364,0.366898671968477,0.74982895700377,0.0373957044903039,-0.0732298588798914,0.167884320478552,0.523719855332163,-0.000719515315129362,0.015931006186614,251.171429848106,264.753765722805
12.72,0.75488203491984,1.01220604181829,1.00160384241028,-0.0759103732799089,-0.0566148937496494,1.32914104319149,0.375917118625158,0.740540545341882,0.0378779746435228,-0.0720509414791518,0.172416537576269,0.523766694146819,0.00113990274427952,0.0101916467831051,251.185411189727,264.769930317893
12.73,0.748623112036101,1.01764815266977,1.00157409058741,-0.0769090755820529,-0.0544758413855903,1.33423845270856,0.384677502126606,0.731105778003309,0.0383688172851097,-0.0708556162663635,0.176946571448273,0.52381178355971,0.00113990274427952,0.0101916467831051,251.200931939904,264.787925088572
12.74,0.742448138280096,1.02312113032855,1.0015429599131,-0.0778787397388047,-0.0522948423384247,1.33933072278741,0.393380335045578,0.721650625336293,0.0388587144037356,-0.0683684562384301,0.179632016244009,0.523854275707689,0.00370250051770551,0.00589128380946325,251.217876627505,264.807590928653
12.75,0.736357014472817,1.02862436429766,1.00151062398079,-0.0788121001675292,-0.0500822166664419,1.34441862949081,0.401816587421568,0.712057022319404,0.039339280847701,-0.0658713151550192,0.182312038202534,0.523893250958907,0.00370250051770551,0.00589128380946325,251.236158678634,264.828794933597
12.76,0.730349658292969,1.03415672371187,1.00147727723496,-0.0797036192440109,-0.0478441132331788,1.34950265662747,0.410129628899768,0.702443504066039,0.039803555128072,-0.0621812103421291,0.183672057103453,0.523928055742235,0.00607733627384867,0.0028246728864977,251.255640819086,264.851349876614
12.77,0.724425881669289,1.03971723054438,1.00144312680796,-0.0805466534709811,-0.0455880493974106,1.35458342464194,0.418170732592903,0.692702384784886,0.040243542842427,-0.0584856537240685,0.185023654939101,0.523958001022877,0.00607733627384867,0.0028246728864977,251.276200817706,264.875082628909
12.78,0.718585638889306,1.0453044883989,1.00140838564493,-0.0813373538545921,-0.0433183667979905,1.35966132378681,0.426037391350515,0.682919635853853,0.0406548796078964,-0.053954050184187,0.185474771676156,0.523982717805893,0.00774409170405353,0.000744519643158613,251.297685907506,264.899788861235
12.79,0.71282879371527,1.05091721282624,1.00137327602005,-0.0820710931149589,-0.0410403368118289,1.3647368387309,0.433628929703111,0.673022397221428,0.0410317000458689,-0.0494200755355903,0.185915342497951,0.524001838829365,0.00774409170405353,0.000744519643158613,251.319955354963,264.925277984686
12.8,0.707155382981303,1.05655380734614,1.00133801779526,-0.082746130171834,-0.0387569114507296,1.3698102800528,0.44100764977829,0.663054021937509,0.0413718692071547,-0.0445059900832224,0.185776678196449,0.524015297316028,0.00850238580749111,-0.000581456720451971,251.342844690164,264.951337331027
12.81,0.701565383354398,1.06221275167721,1.00130283550346,-0.0833603800274102,-0.036471627865717,1.37488201757013,0.448109513290329,0.652985562295904,0.0416723393860291,-0.0395915630663981,0.185626460173565,0.524023056120307,0.00850238580749111,-0.000581456720451971,251.366204745444,264.977773818224
12.82,0.696058913823311,1.06789231092132,1.00126794775502,-0.0839141120586784,-0.03418639403643,1.37995229440437,0.45497079636939,0.642818827176093,0.0419327203791847,-0.0347356563930889,0.185134693395696,0.524025312056457,0.00838571732321627,-0.00135126493156781,251.389862595009,265.004373760632
12.83,0.690636067980993,1.07359079726624,1.00123357272359,-0.0844076749851175,-0.0319034438007232,1.38502138551957,0.461554418706403,0.632566726792272,0.0421526526631016,-0.0298806950359652,0.184631441333229,0.524022307580087,0.00838571732321627,-0.00135126493156781,251.413666775896,265.030951122156
12.84,0.685297020647718,1.07930639001731,1.00119992196206,-0.084842941748144,-0.0296239164857106,1.39008947769415,0.46787808664836,0.622197382023631,0.0423330282815286,-0.0254356205014196,0.183956714692163,0.524014433274085,0.00756811880145786,-0.00172526887801325,251.43743960526,265.057297455552
12.85,0.680041953053913,1.08503729332262,1.00116720160705,-0.0852222053261859,-0.027349090735394,1.39515676961336,0.473923870321996,0.6117568844484,0.042475556760194,-0.0209922569066312,0.183271435415029,0.524002130689094,0.00756811880145786,-0.00172526887801325,251.461031577524,265.08323967753
12.86,0.674871060205502,1.09078164207032,1.00113561184039,-0.08554840560302,-0.0250795528789499,1.40022340215047,0.479696769831426,0.60119049964229,0.0425820060552595,-0.0171931416488174,0.182531727578986,0.523985905391963,0.00628327940562647,-0.00182910046967878,251.484264642131,265.108579906089
12.87,0.669784568264599,1.09653758007229,1.00110534294483,-0.0858251296509894,-0.0228159014391635,1.40528951464782,0.485191908502806,0.590566087295835,0.0426553685625003,-0.0133961343683938,0.181782978970223,0.523966311221067,0.00628327940562647,-0.00182910046967878,251.506994624085,265.133161451285
12.88,0.664782658764405,1.10230322783589,1.00107658023647,-0.0860558491947842,-0.0205583371830939,1.41035521189524,0.490406069152334,0.579817061020365,0.0426979352279296,-0.0103603936457369,0.181056247890653,0.523943896124063,0.00476551840091224,-0.00175861909113188,251.529048019947,265.156801473744
12.89,0.659865560635977,1.10807670423386,1.00104949535585,-0.0862447954732449,-0.018306992705317,1.41542058895841,0.495342787095633,0.569021715684474,0.0427132610410532,-0.00732689473273243,0.180322280999741,0.523919248475742,0.00476551840091224,-0.00175861909113188,251.550288937534,265.179361497156
12.9,0.655033416501571,1.11385613528985,1.00102425558655,-0.0863955187399856,-0.0160618122710658,1.42048572355932,0.499993976249192,0.558111047957231,0.0427038598750473,-0.0050720156646993,0.179656407533654,0.523892900236393,0.00321370439721782,-0.00158511369945632,251.570553540656,265.200677439336
12.91,0.650286424499558,1.11963963907874,1.00100101155167,-0.086512343248028,-0.0138226270231444,1.42555067945902,0.504368138178651,0.547164242745712,0.042673312676109,-0.00281932493544609,0.178985153116402,0.523865413332607,0.00321370439721782,-0.00158511369945632,251.589716995229,265.220629941531
12.92,0.645624673383038,1.12542535876131,1.00097990936141,-0.0865985635926854,-0.0115892231064684,1.43061551525812,0.508454742250506,0.53611691382753,0.0426241174515256,-0.0012890478578288,0.178405954327669,0.523837262318319,0.00177445397821246,-0.00136005993207321,251.607630109912,265.239076711669
12.93,0.641048308850363,1.13121142638774,1.00096107626262,-0.086658190615847,-0.00936125426895128,1.4356802741485,0.512264771088482,0.525042159514869,0.0425595514270213,0.00023922323029538,0.177823099667474,0.523808940636238,0.00177445397821246,-0.00136005993207321,251.624181844747,265.255918059224
12.94,0.636557360923831,1.13699600764816,1.00094463396572,-0.0866940544929827,-0.0071384221271194,1.44074500227745,0.515786938977969,0.51388467130822,0.0424819282834007,0.00114724692556608,0.177340717273104,0.52378084033833,0.000539226987857491,-0.00111923929867116,251.63924217057,265.271035884702
12.95,0.632151913190027,1.14277725614882,1.00093068382433,-0.0867095988829083,-0.00492029423258273,1.44580973075249,0.519032983521853,0.502707168537645,0.0423940664264085,0.00205352829572208,0.176856161800017,0.523753362119679,0.000539226987857491,-0.00111923929867116,251.652716570329,265.284350730126
12.96,0.627831940052208,1.14855336122062,1.00091931657525,-0.0867070931944392,-0.00270654110814472,1.45087449852039,0.521991979793573,0.491465550046192,0.0422989823299879,0.00246291215989708,0.176470091318939,0.523726792271326,-0.000449963463923021,-0.000886246019008058,251.662676646808,265.293863463098
12.97,0.62359746197682,1.15432250065518,1.00091058770577,-0.0866892970096158,-0.000496708670787501,1.45593933074568,0.524675279193889,0.480210254390569,0.0422006431038845,0.00287086515323617,0.176083046118121,0.523701410935852,-0.000449963463923021,-0.000886246019008058,251.668852467204,265.299310157898
12.98,0.619448404740051,1.16008288613518,1.0009045280897,-0.0866579116658692,0.00170952670713777,1.46100426282154,0.527072992742118,0.468908654088765,0.0421021163377799,0.00290681189034005,0.175786052097734,0.523677410156165,-0.00119030539374264,-0.00067537404750198,251.671548900799,265.301028424525
12.99,0.615384732830824,1.16583271916438,1.00090113485137,-0.0866150042056329,0.00391259751792088,1.46606931835865,0.529195396402547,0.457598885784624,0.0420063238918715,0.00294166737983663,0.175488977233293,0.523654981471967,-0.00119030539374264,-0.00067537404750198,251.67109221222,265.29937825126
13,0.611406336593276,1.17157023100334,1.00090038400513,-0.0865617621335893,0.00611279781387375,1.47113453206018,0.531033991258732,0.446258759543463,0.0419154479801282,0.00271736406382046,0.175270046589064,0.52363424083682,-0.00170596908437559,-0.00049399509654908,251.667781733222,265.294690871074
13.01,0.607513138102591,1.17729364436972,1.00090222346698,-0.0864996266143064,0.00831051220821996,1.47619992899405,0.532597625564753,0.434915373777595,0.041831470772969,0.00249229468044952,0.17505165257486,0.523615298541895,-0.00170596908437559,-0.00049399509654908,251.661928873679,265.287309507823
13.02,0.603705006964607,1.18300120668798,1.00090658321642,-0.0864293624842513,0.0105059918040802,1.48126554497519,0.533879315493668,0.423555152827071,0.0417557828429694,0.00210076051413051,0.17489814878865,0.523598204167837,-0.00203716903900672,-0.000344642567573949,251.653822104812,265.277552367683
13.03,0.599981838410073,1.18869115849619,1.00091337050599,-0.0863518965236398,0.0126995598925074,1.48633140817839,0.534886363282201,0.412196174890629,0.0416895609421617,0.00170874410215019,0.174745574323897,0.523582998823222,-0.00203716903900672,-0.000344642567573949,251.643754108559,265.265740987976
13.04,0.596343495460501,1.19436175996598,1.00092247761796,-0.0862676770849575,0.0148914191425108,1.49139755641658,0.535613270483956,0.400831322814069,0.0416335127776873,0.00121952205417686,0.174644749632569,0.523569678111759,-0.00223059512724238,-0.000226589164849341,251.631998151415,265.252175309357
13.05,0.592789862028532,1.20001126590687,1.0009337790782,-0.0861772462032344,0.017081827528112,1.49646402157486,0.536065832714163,0.389471962838436,0.0415881398640455,0.000730048406465572,0.174545080557405,0.523558228408334,-0.00223059512724238,-0.000226589164849341,251.618825532485,265.237151903202
13.06,0.5893208070337,1.20563794618577,1.0009471373129,-0.0860808400428772,0.0192709394986123,1.50153084365194,0.536239911221604,0.378115301220463,0.0415535748404201,0.00018963598045972,0.174485063136274,0.523548604557886,-0.00233203349380241,-0.000137086605845906,251.604490815193,265.220948435106
13.07,0.5859362170986,1.21124006662949,1.00096240148998,-0.0859787431030356,0.0214589502571102,1.50659805809823,0.536139932081964,0.366768235486038,0.0415297605663324,-0.000350851732061278,0.174426317522892,0.523540753034777,-0.00233203349380241,-0.000137086605845906,251.589242123896,265.20383444649
13.08,0.582635977225024,1.21681590428433,1.00097941150181,-0.0858710702898596,0.0236459700615244,1.51166570679683,0.535762939214367,0.355430423027927,0.0415163517195975,-0.000916034127595688,0.17439668552807,0.523534600577606,-0.00238135530031642,-7.23071509644484e-05,251.57331258988,265.186062404673
13.09,0.579419988402689,1.22236373326077,1.00099799797586,-0.0857579593884509,0.0258321380162776,1.51673382813487,0.535112178284767,0.34410623229426,0.041512831680122,-0.00148116465617134,0.174368379820084,0.523530067528821,-0.00238135530031642,-7.23071509644484e-05,251.556925994593,265.167873653412
13.1,0.576288159405287,1.22788183583934,1.00101798503671,-0.0856394752629841,0.028017526464363,1.5218024652777,0.534185679894767,0.332796298688221,0.0415184594483559,-0.00206040330215269,0.174360423143895,0.523527063679252,-0.00240974331753501,-2.80273756484572e-05,251.540292036817,265.149493511449
13.11,0.573240414516946,1.23336849226735,1.00103919102869,-0.0855156957103642,0.0302022272820271,1.52687165865959,0.532985717295316,0.321503968401888,0.0415323404804041,-0.00263950409171912,0.174353822955266,0.523525495023074,-0.00240974331753501,-2.80273756484572e-05,251.523609471145,265.1311346363
13.12,0.57027669160726,1.23882198863648,1.00106143047134,-0.0853866850188839,0.0323862821803119,1.53194145198446,0.531511114903502,0.310229827576367,0.0415534054358084,-0.00323297381590952,0.174360581044634,0.523525263554401,-0.00243880225343018,-9.57718511416202e-08,251.507063267122,265.112994124887
13.13,0.567396944496671,1.24424060973652,1.00108451509468,-0.0852525211678346,0.0345697454125295,1.53701188675958,0.529763377696103,0.298977236248321,0.0415804476999044,-0.00382625244667058,0.174368727214045,0.523526270264195,-0.00243880225343018,-9.57718511416202e-08,251.49082688572,265.095256001836
13.14,0.564601143456377,1.24962264447951,1.00110825532419,-0.085113296829766,0.0367526354190463,1.54208300646773,0.527741947936089,0.287746127734781,0.0416121241695149,-0.00444047704493861,0.17438487762171,0.523528416329879,-0.0024811071074335,1.52743317631953e-05,251.475059948853,265.078088856937
13.15,0.561889275728365,1.25496638106949,1.0011324613188,-0.0849691253167445,0.0389349781309725,1.54715485276011,0.525447748360779,0.276540472364232,0.0416469693274409,-0.00505448258626578,0.174402463857667,0.523531604573221,-0.0024811071074335,1.52743317631953e-05,251.459910750252,265.061648596074
13.16,0.559261345730361,1.26027011058074,1.00115694422782,-0.0848201394819338,0.0411167755175401,1.5522274682134,0.522880687381976,0.265359304052244,0.0416834111945463,-0.00569853804670991,0.174424122084142,0.523535740260464,-0.00254167450534341,2.13469428564763e-05,251.445513587193,265.046075715055
13.17,0.556717376141225,1.26553212386657,1.00118151702143,-0.0846665021887136,0.04329803351358,1.55730089382467,0.520041265735008,0.254207434872468,0.0417197691549989,-0.00634236573275618,0.174447285792529,0.523540732568795,-0.00254167450534341,2.13469428564763e-05,251.431992099605,265.031498925312
13.18,0.554257406191769,1.27075071374803,1.00120599567047,-0.0845083855064267,0.0454787434655635,1.56237517071165,0.516929733253832,0.24308301988829,0.0417542805437984,-0.00702506072122804,0.17447176323017,0.523546493954751,-0.00261990371284066,2.08047840419128e-05,251.419455871198,265.018031646371
13.19,0.551881494684995,1.27592417323024,1.00123019965306,-0.0843460005148666,0.04765889829741,1.56745033859779,0.513546300248174,0.231991675507071,0.0417850871321126,-0.00770753386866399,0.174497836831197,0.523552942538558,-0.00261990371284066,2.08047840419128e-05,251.40800478186,265.005776691871
13.2,0.549589715692925,1.28105079663725,1.00125395313033,-0.0841795493389021,0.0498384834463087,1.57252643674928,0.509891459723845,0.220930871425281,0.0418102694571376,-0.00843560264927072,0.174523390968139,0.52355999962256,-0.00271159193751823,1.5758885799503e-05,251.397724830141,264.994821928491
13.21,0.54738216398869,1.28612887883465,1.0012770847937,-0.0840092799553915,0.0520174843405103,1.57760350318738,0.505965234895349,0.209906820841712,0.041827974693867,-0.0091634646764539,0.174550647887254,0.523567591487731,-0.00271159193751823,1.5758885799503e-05,251.388310714961,264.984845263649
13.22,0.545258798675644,1.29115671396893,1.00129943462408,-0.08383385163882,0.0541958809515401,1.5826815757401,0.501768364899446,0.198949891040649,0.0418374135464215,-0.0095940889497902,0.174575882801622,0.523575535015529,-0.00211698404038555,7.80067068688749e-06,251.377599610985,264.973578714103
13.23,0.543219564400072,1.29613259651072,1.0013208319146,-0.0836516265275474,0.0563736351223309,1.58776069497447,0.497300857792221,0.188033751064769,0.0418383325092815,-0.0100245137308716,0.174602124972822,0.523583631859765,-0.00211698404038555,7.80067068688749e-06,251.36561673973,264.961042490482
13.24,0.541264349143682,1.30105562441338,1.00134114163769,-0.0834603869446087,0.0585434978185048,1.59284150604262,0.492743336534206,0.17720696604135,0.0418270276154826,-0.00996951312619284,0.173018783500494,0.523591637029658,-0.00114023937003427,-0.00374870496022795,251.352616962639,264.947496596131
13.25,0.539392995448238,1.30592507972954,1.00136023432795,-0.0832575081851782,0.0606965921128188,1.59792478600601,0.487918159731747,0.16642487455628,0.0417984818511464,-0.00992012856340798,0.17143549086884,0.523599286459612,-0.00114023937003427,-0.00374870496022795,251.338858808059,264.933203465349
13.26,0.537605353418046,1.31074102269653,1.00137800996387,-0.0830407750413506,0.0628171930416584,1.60301187545851,0.48321821235258,0.155738231641112,0.0417479347144195,-0.00937078478124566,0.166359472889224,0.52360633747452,-0.000116416641142146,-0.0118985794591485,251.324608372254,264.918432850388
13.27,0.535901205341971,1.31550392904243,1.00139439396137,-0.0828076363786883,0.0648860724895421,1.60810439139257,0.478259252895792,0.145099950739525,0.0416631500628688,-0.00883965757521777,0.161282763794661,0.52361253828488,-0.000116416641142146,-0.0118985794591485,251.310143052978,264.903465125764
13.28,0.534280394638614,1.32021444720004,1.00140930012981,-0.0825566379899074,0.0668828891270257,1.61320402180199,0.473551986809269,0.134550496433024,0.0415435551477002,-0.00793099679744065,0.151690599139043,0.523617734283748,0.000690959612974438,-0.0224374270712507,251.295709872515,264.888548698298
13.29,0.53274268850722,1.32487379262076,1.00142267844571,-0.0822861504147683,0.0687827867951323,1.61831280166079,0.468602511154487,0.124053022407263,0.0413695259908422,-0.00705682036279727,0.142097410613592,0.523621783952161,0.000690959612974438,-0.0224374270712507,251.281577113379,264.873953976314
13.3,0.531287953777871,1.32948282688977,1.00143444060586,-0.0819959639152831,0.0705649239954537,1.62343240049114,0.46393790009925,0.113629599793755,0.041146910172274,-0.00601419624090746,0.127881595758531,0.523624678206181,0.0011125282944587,-0.0332311265415963,251.267952351539,264.859888534049
13.31,0.529915986747201,1.33404303568792,1.00144453637853,-0.0816858948701458,0.0722038484148775,1.62856483146608,0.459056768968918,0.103261692302248,0.0408511026737504,-0.00502268349948945,0.113664845094014,0.52362643304601,0.0011125282944587,-0.0332311265415963,251.255076819197,264.846596195312
13.32,0.52862670191961,1.33855520275711,1.00145287313937,-0.0813571542659277,0.0736816594964267,1.63371144688057,0.454417189949656,0.0929497682372438,0.0404925790221129,-0.0041031377148345,0.0954820639481332,0.523627174423559,0.00108357783714896,-0.042496861361305,251.243106814847,264.83423346322
13.33,0.527419960804246,1.34302070690568,1.00145939287605,-0.0810111758567054,0.0749765119218025,1.63887388293284,0.449594794932943,0.0826965904496404,0.0400468722583505,-0.00324894242472163,0.0772987825694168,0.523627042088489,0.00108357783714896,-0.042496861361305,251.232238911596,264.823000923435
13.34,0.526295740787827,1.3474400702347,1.00146400668209,-0.0806504917498918,0.0760758539545887,1.64405297864959,0.444918367063984,0.072482234423998,0.0395249630271951,-0.0026893175889969,0.0563389636188263,0.523626221380613,0.000633133404543586,-0.0489876139360414,251.22257473945,264.813001710098
13.35,0.525253992016644,1.35181431358326,1.00146665483343,-0.0802780114974662,0.0769643852899884,1.64924976324984,0.440098792598001,0.0623292388393267,0.0389085249191717,-0.00220499065671572,0.035379334513954,0.523624880818608,0.000633133404543586,-0.0489876139360414,251.214251990386,264.804378680542
13.36,0.524294759726405,1.35614362114554,1.00146726294381,-0.0798972828512544,0.0776361652335595,1.65446447984024,0.43530333266374,0.0522017527354198,0.0382050937807748,-0.00218445419164648,0.0131102980261479,0.523623163961623,-0.00014139531119342,-0.052051303117616,251.207322549472,264.797186388223
13.37,0.52341809161849,1.36042853613781,1.00146578032695,-0.0795123203086218,0.0780839751404717,1.65969745533549,0.430407647049874,0.0421373076786506,0.0374069675801268,-0.00224389092228569,-0.00915768338942664,0.523621163657547,-0.00014139531119342,-0.052051303117616,251.201862565865,264.791505939523
13.38,0.522624095487526,1.36466893028254,1.00146215506561,-0.0791272642057233,0.0783085904681573,1.66494836362442,0.425413783829861,0.0320903673506444,0.036516320664628,-0.00286414476621833,-0.0312475670246198,0.523618904596915,-0.00110594154796955,-0.0516382329245445,251.197885386522,264.787353207929
13.39,0.521912910837257,1.36886487793222,1.00145635389363,-0.0787467392083307,0.0783109964786592,1.67021686126399,0.420363009744849,0.0221069506748655,0.0355373228529113,-0.00356371629766547,-0.053335418489897,0.523616340940241,-0.00110594154796955,-0.0516382329245445,251.195418550317,264.784758805553
13.4,0.521284693965207,1.37301604528272,1.00144835093054,-0.0783750281016102,0.0780977940638774,1.67550216566028,0.415113196436451,0.0121384028682277,0.0344673291981055,-0.00484633841363449,-0.073958200777424,0.523613357592687,-0.00212057188466808,-0.0482173788565372,251.194449911182,264.783711158151
13.41,0.520739657732793,1.37712215315874,1.00143813410952,-0.0780168526350998,0.0776770781994253,1.68080339369703,0.409847630575694,0.00223248152432748,0.0333202367625622,-0.00620301904160074,-0.0945779227431186,0.52360977236386,-0.00212057188466808,-0.0482173788565372,251.194981965788,264.784212773671
13.42,0.520278062518358,1.38118216596335,1.00142568069907,-0.0776762592238941,0.077065561303661,1.68611901084975,0.404172027414119,-0.0076564987997033,0.0320871573993432,-0.00809825199525194,-0.111490986976237,0.523605382255297,-0.00306378106737934,-0.0395583901331537,251.196990296921,264.786236532643
13.43,0.519900265110697,1.38519483286117,1.00141097202863,-0.0773575730015039,0.0762836830353346,1.69144723121413,0.398516188140465,-0.0174844413746441,0.0307963059144181,-0.0100542516174399,-0.128399960245227,0.523599957430021,-0.00306378106737934,-0.0395583901331537,251.200493304348,264.789798543151
13.44,0.519606573940909,1.38915903484159,1.00139399531688,-0.077064190679092,0.0753522150945874,1.69678628546467,0.392382496864255,-0.0272905178391311,0.0294400747309936,-0.0124591327799969,-0.140709349765671,0.523593299025712,-0.00385670962603056,-0.0288183825618236,251.205472585836,264.794874952983
13.45,0.519397413161037,1.39307330049566,1.00137473357008,-0.0767996582678827,0.0742965414874713,1.70213409361789,0.386295961272738,-0.0370383154167527,0.0280468655983623,-0.0149082958316767,-0.153013651313134,0.523585230815051,-0.00385670962603056,-0.0288183825618236,251.212005050868,264.801540627842
13.46,0.519273061564969,1.39693707848847,1.00135321136288,-0.0765665434751906,0.0731348731678838,1.70748917270596,0.379819690245437,-0.0467593168138145,0.0266134746354283,-0.0177015192063497,-0.161299219629019,0.52357562345819,-0.00447060188448417,-0.0194418232652423,251.220065573134,264.809762896816
13.47,0.519233906479592,1.40074948737542,1.00132944650802,-0.076367500963169,0.0718894468727246,1.71284976892568,0.37340995492469,-0.0564264417917989,0.0251590154693651,-0.0205246354886901,-0.169578817911126,0.523564396754662,-0.00447060188448417,-0.0194418232652423,251.229752243023,264.819637894469
13.48,0.519280181444301,1.40451061091748,1.00130351278196,-0.076204323864104,0.0705745427612175,1.71821477186168,0.366725005371764,-0.0660636065600968,0.0236828430333513,-0.0235920101750647,-0.174723478317194,0.523551513687149,-0.00491035224451771,-0.0121343057099309,251.24101276427,264.831104429117
13.49,0.519412213489098,1.4082202648357,1.0012754778644,-0.076078851362156,0.0692075781953279,1.72358285897823,0.360119382470533,-0.0756527486173414,0.0221958279072575,-0.0266780673533008,-0.179861443943041,0.523536993704953,-0.00491035224451771,-0.0121343057099309,251.253917726617,264.84423056774
13.5,0.519630196569256,1.41187907835744,1.00124546525942,-0.075992224757066,0.0677990905712436,1.72895325485013,0.353342321696766,-0.0852109397191985,0.0206980792206451,-0.0299210772707097,-0.182704053422956,0.523520884711552,-0.00519481697269263,-0.0067907402723947,251.2683765233,264.858916377463
13.51,0.519934401690163,1.41548747795132,1.00121359417286,-0.0759455991101463,0.0663619108289976,1.73432502717471,0.346652345268816,-0.0947280724758102,0.0191949029466003,-0.0331745723476984,-0.185539416631304,0.523503286399374,-0.00519481697269263,-0.0067907402723947,251.284404197378,264.875173662729
13.52,0.520324995311677,1.41904651749646,1.00118003157656,-0.0759395897088546,0.0649034616688484,1.73969766812324,0.339874542610229,-0.104215184372501,0.0176862103336614,-0.0365107652116122,-0.186777066571447,0.523484309912684,-0.00534462458173171,-0.00307831573856454,251.30187054902,264.892863283247
13.53,0.520802205388101,1.42255710513741,1.00114494175415,-0.0759747966188163,0.0634327582244981,1.74507055896161,0.333187911550926,-0.113668973884596,0.0161739695438564,-0.0398517419732861,-0.188007097651012,0.523464107705725,-0.00534462458173171,-0.00307831573856454,251.320727297498,264.91193320999
13.54,0.521366183304017,1.42602060748928,1.0011085256716,-0.0760514132685312,0.0619547933675218,1.75044339324503,0.326476761454701,-0.123095082964474,0.014657596840247,-0.043211638294377,-0.188182824080945,0.523442829390606,-0.00537632826728846,-0.000635833331550364,251.340810138852,264.93221114134
13.55,0.522017127898627,1.4294382914624,1.00107098241769,-0.0761695889629837,0.0604756060161406,1.75581578979445,0.319858298153332,-0.132496081731618,0.0131372342991668,-0.046572552814766,-0.188350738652245,0.523420653879512,-0.00537632826728846,-0.000635833331550364,251.362012873664,264.953586926797
13.56,0.522755137187297,1.43281173506337,1.001032540486,-0.0763286530405814,0.0589983698079786,1.76118758774214,0.313261164899786,-0.141861542780428,0.0116118764558149,-0.049780382287238,-0.187870260409373,0.523397780996639,-0.00506990353763233,0.000858894165096021,251.384144247269,264.975862466023
13.57,0.523580332893443,1.43614244947148,1.00099342728664,-0.0765277443202118,0.0575268902110674,1.76655857846411,0.306756565585365,-0.151210220888513,0.0100809630152974,-0.0529868815106082,-0.187382223129957,0.523374435635765,-0.00506990353763233,0.000858894165096021,251.40704468278,264.998874310266
13.58,0.524492562517151,1.43943210936345,1.00095390524133,-0.0767632048800276,0.0560630120250622,1.77192870174396,0.300305271879722,-0.160469311873658,0.00854350772810998,-0.0553890184163944,-0.186539154847328,0.523350988999977,-0.00346394905742608,0.00167115886520519,251.43049925693,265.022402200607
13.59,0.525491626885149,1.4426823346269,1.00091423954571,-0.0770305528563605,0.05460888688473,1.77729786738668,0.293945572181685,-0.169719183659851,0.00699959378988292,-0.0577884002308279,-0.185690349431707,0.523327861496614,-0.00346394905742608,0.00167115886520519,251.454279712857,265.046214886507
13.6,0.526577257479149,1.44589486312604,1.00087470518861,-0.077324654739988,0.0531653851543547,1.78266607918179,0.287660561473063,-0.178855660521272,0.00544881036336669,-0.0590627194577847,-0.184691484601914,0.523305475088758,-0.0012191951332641,0.00201035026058236,251.47816767789,265.070093175767
13.61,0.527749095956422,1.44907138779532,1.00083558064897,-0.0776392449433974,0.0517334652764099,1.78803332450154,0.281465741850449,-0.187988767334033,0.0038918048071315,-0.0603335299528912,-0.183689495003327,0.523284304687294,-0.0012191951332641,0.00201035026058236,251.501907623996,265.093781992903
13.62,0.529006858795609,1.45221368970827,1.00079713565932,-0.0779689695168676,0.0503133095051126,1.79339964534491,0.275358989589558,-0.197008971246909,0.00232895823086461,-0.0604336749433595,-0.182674072645396,0.523264724790656,0.00111489378551142,0.00203725620847622,251.52529207228,265.117077929345
13.63,0.530350154227947,1.45532351429626,1.0007596417383,-0.0783073054027351,0.0489050521011661,1.79876507740593,0.269340789411472,-0.206029556129658,0.000761279286889269,-0.0605300555840978,-0.181658274612393,0.523247155026418,0.00111489378551142,0.00203725620847622,251.548069391891,265.139733481074
13.64,0.5317787474369,1.45840267345068,1.00072335004391,-0.0786495742462356,0.0475084169183972,1.80412968323564,0.263418137278066,-0.214954375607306,-0.000810171279101985,-0.0596066285105593,-0.180713953494752,0.523231859598067,0.00314639098088588,0.00187240444056964,251.570051956529,265.161568655835
13.65,0.533292296408823,1.46145295273284,1.00068851029556,-0.0789900849604397,0.0461230052631082,1.80949352620452,0.257582322720632,-0.223881286659884,-0.00238416539243736,-0.0586795482428769,-0.179771671224395,0.523219134571803,0.00314639098088588,0.00187240444056964,251.591012102381,265.182362360371
13.66,0.534890643695968,1.46447618583259,1.00065534600846,-0.0793253474814235,0.0447482642326369,1.81485667750633,0.251845325393737,-0.232738384042994,-0.00395924199010681,-0.0569956866584069,-0.17894760108947,0.523209106573582,0.00465199770269358,0.00160374947333069,251.610786920316,265.201960794598
13.67,0.536573538671195,1.46747418930384,1.00062407534252,-0.0796511251804092,0.0433834871619326,1.82021921370843,0.246193490554284,-0.241597592749417,-0.00553402597692891,-0.0553085373474984,-0.178127376810063,0.523201919583637,0.00465199770269358,0.00160374947333069,251.629183486536,265.220178221488
13.68,0.538340901755681,1.47044881057407,1.00059488853532,-0.0799652872968026,0.0420279841456134,1.82558120672164,0.240640864662273,-0.250415004566102,-0.0071069358665905,-0.0531645648472155,-0.177444850488222,0.523197564142331,0.00555870171603369,0.00129326806158971,251.646065771113,265.236887084217
13.69,0.540192580800473,1.47340188847847,1.00056796650137,-0.0802652577654588,0.0406809087301125,1.83094273628158,0.235171847115048,-0.259233353418099,-0.00867650012950757,-0.0510178228068205,-0.176767275165091,0.523196035198817,0.00555870171603369,0.00129326806158971,251.66127978277,265.251939431075
13.7,0.542128555656182,1.47633527615675,1.00054346309082,-0.0805501775736364,0.0393415368558908,1.83630386989781,0.229800593771117,-0.26803507201888,-0.0102412033337418,-0.0486942220231045,-0.176228355301668,0.523197208204351,0.00590701105627104,0.000982505641246908,251.674716954643,265.265232871361
13.71,0.544148755536961,1.47925082544019,1.00052151924784,-0.080819022304698,0.0380090019398338,1.84166468375856,0.224511570357946,-0.276835883639959,-0.0117995369878291,-0.046368433712998,-0.17569483145712,0.523200953311167,0.00590701105627104,0.000982505641246908,251.68626235031,265.2766560626
13.72,0.546253191639371,1.48215038724659,1.00050225107113,-0.0810719561684129,0.0366826164768381,1.84702523790269,0.219317824647524,-0.285639507430363,-0.0133501288719887,-0.0440903856532646,-0.175289233932379,0.523207062392362,0.0058078166158411,0.000697243438942722,251.695834635189,265.286130559359
13.73,0.548441844098456,1.48503581673953,1.00048575881824,-0.0813092015726149,0.0353615727357851,1.85238560079652,0.214205138059961,-0.294440177410355,-0.0148914996821549,-0.0418107247664439,-0.174888944417019,0.523215316261956,0.0058078166158411,0.000697243438942722,251.703355849761,265.293578881987
13.74,0.550714725453764,1.48790895528931,1.00047212062057,-0.0815316268999617,0.0340452633606109,1.85774582347197,0.209184787060501,-0.303256327457262,-0.0164224184869393,-0.0397326452843651,-0.174599385824806,0.523225457898513,0.00540249562840694,0.00045143918905955,251.708771303329,265.298945650418
13.75,0.553071832336878,1.49077165211038,1.00046139661272,-0.0817403110282871,0.0327329854941109,1.86310596446251,0.204244544028673,-0.312067634816591,-0.0179414892850315,-0.0376534706539477,-0.174314679291407,0.523237217324588,0.00540249562840694,0.00045143918905955,251.712036969551,265.302184157259
13.76,0.555513152074519,1.49362573289181,1.00045362746028,-0.081936507476553,0.0314242337260918,1.86846606539691,0.199393649356058,-0.32090063489362,-0.0194475829351658,-0.035859138127384,-0.174120865415396,0.523250321200572,0.00483188529623844,0.000250539037605268,251.713124098316,265.303261693767
13.77,0.558038666124355,1.49647303283817,1.00044883449221,-0.0821217617505634,0.0301184306529774,1.87382617414547,0.194622126716654,-0.329727298478809,-0.0209394139198025,-0.0340641432390135,-0.173931245686846,0.523264484533333,0.00483188529623844,0.000250539037605268,251.712019347453,265.302159537471
13.78,0.560648316447243,1.49931535743192,1.00044702183951,-0.0822974397661932,0.028815178166245,1.87918632334672,0.189937185785741,-0.338576582388594,-0.0224159100490467,-0.0325770454367289,-0.17381267775335,0.523279444815464,0.00421600919070363,9.42130831972535e-05,251.708719195052,265.298867685336
13.79,0.563342044354023,1.50215452165273,1.0004481737414,-0.0824652207307231,0.0275140264953424,1.88454655053276,0.185331079113956,-0.347418550234484,-0.0238758950423688,-0.0310896243273655,-0.173697586498716,0.523294931392425,0.00421600919070363,9.42130831972535e-05,251.703237967833,265.293393193557
13.8,0.566119733637742,1.50499230802089,1.00045225899425,-0.0826263801038391,0.0262146787994249,1.88990688028879,0.180809158646949,-0.356280335820473,-0.025318321057011,-0.0298884982033365,-0.173635373435756,0.523310712645311,0.00364382655924431,-2.14528087934259e-05,251.695596672902,265.285749067266
13.81,0.568981268730159,1.50783050721836,1.00045922665654,-0.0827824834639594,0.02491680297209,1.89526734081923,0.176365707226804,-0.365134361415765,-0.0267421016267925,-0.028687299409362,-0.17357596626521,0.523326553430304,0.00364382655924431,-2.14528087934259e-05,251.685834741622,265.275966564518
13.82,0.571926469336233,1.51067087773338,1.00046901160669,-0.0829345884071252,0.0236201904533833,1.90062794988043,0.172004481228456,-0.37400325504118,-0.0281461989907874,-0.0277228730959099,-0.173553839563836,0.523342265599501,0.00317091367585786,-0.000102274180462564,251.673996999872,265.264082074161
13.83,0.574955154306201,1.51351518399446,1.00048152974873,-0.0830839918204927,0.0223246099040209,1.90598872774057,0.167721501410526,-0.382864431101268,-0.0295295938634066,-0.0267585502167414,-0.173533961612427,0.523357662230635,0.00317091367585786,-0.000102274180462564,251.660145929089,265.25015001628
13.84,0.578067078917496,1.516365160804,1.00049668370886,-0.0832314746227977,0.0210299247260035,1.9113496866564,0.163519223085438,-0.391734756125843,-0.0308912625252429,-0.0259687429724725,-0.173538686912589,0.523372604311019,0.00282258228120592,-0.00015474585612368,251.644349409491,265.234230429028
13.85,0.581261994473241,1.51922254622313,1.00051435840687,-0.083377993751876,0.0197359845907017,1.91671084049893,0.159395078977878,-0.400597800285939,-0.0322302399776601,-0.0251791580480175,-0.173545248584937,0.523386958170971,0.00282258228120592,-0.00015474585612368,251.626691377352,265.216400222407
13.86,0.584539595417234,1.52208905275302,1.00053442621737,-0.0835240492381791,0.0184427079360321,1.92207219733014,0.155350511951591,-0.409464554301365,-0.0335455362420546,-0.0245011627485117,-0.17356661335032,0.52340063384283,0.0026001077934338,-0.000185217370692557,251.607261907081,265.196743097961
13.87,0.587899568474416,1.52496639338407,1.00055674348357,-0.0836702534615189,0.0171500057513779,1.92743376614591,0.151384048055952,-0.418324748362296,-0.0348362447468865,-0.0238234682126756,-0.173589549383358,0.52341354970569,0.0026001077934338,-0.000185217370692557,251.586165141232,265.175357957796
13.88,0.591341553139212,1.52785626032711,1.00058115477039,-0.0838168591391209,0.0158578358339505,1.93279555201182,0.147496377289518,-0.427184177571938,-0.0361014415940699,-0.0232020966240451,-0.173620081578245,0.523425660471827,0.00248817199317226,-0.000199393055491031,251.563512365602,265.152351843833
13.89,0.594865177578545,1.53076034371402,1.00060749061272,-0.0839641755552283,0.014566152746122,1.93815756044826,0.143686832645693,-0.436037943307423,-0.0373403010189922,-0.0225810775500692,-0.173652049862169,0.523436930886923,0.00248817199317226,-0.000199393055491031,251.539426894121,265.127845151059
13.9,0.598470033096457,1.53368031771508,1.00063557074817,-0.0841122630039961,0.0132749403079562,1.94351979457147,0.139955570233594,-0.44488777801398,-0.0385520068604411,-0.0219734505098185,-0.173686592634712,0.523447353249649,0.00246213251337028,-0.000202081572104202,251.514040111181,265.101967573189
13.91,0.602155696692664,1.53661785224955,1.00066520315156,-0.0842611950752471,0.0119841818719783,1.94888225764496,0.136302488477486,-0.453732927307826,-0.0397358514827444,-0.021366210695391,-0.173722537650546,0.52345693029022,0.00246213251337028,-0.000202081572104202,251.487493559059,265.074860366415
13.92,0.605921718041287,1.5395746056158,1.00069618632912,-0.0844109017835214,0.0106938767558554,1.95424495171283,0.132727384632028,-0.462572353494649,-0.0408911738431533,-0.0207433314211635,-0.173757773839678,0.523465683492275,0.00249421952703873,-0.000197124204845497,251.459937488687,265.046674841916
13.93,0.609767630416806,1.54255223018737,1.00072830951643,-0.084561297191291,0.00940402562637628,1.95960787879421,0.129230529595489,-0.471408081828775,-0.0420174311260557,-0.0201208626671541,-0.17379444729037,0.523473644075024,0.00249421952703873,-0.000197124204845497,251.431530726979,265.017572277201
13.94,0.613692947526344,1.54555237024915,1.00076135423558,-0.0847122398673441,0.00811463559766961,1.96497104056719,0.125811494908057,-0.480237535097499,-0.0431141667471575,-0.019466851669813,-0.173828438319606,0.523480854163785,0.00255818656849036,-0.000187440432972052,251.402441063172,264.987724274244
13.95,0.617697165512591,1.54857666300798,1.00079509543016,-0.0848635563910885,0.00682571635710439,1.9703344386109,0.122470777328417,-0.489064239600457,-0.0441810528531318,-0.0188132654563945,-0.173863939695197,0.523487364118472,0.00255818656849036,-0.000187440432972052,251.37284360617,264.957311059663
13.96,0.621779831593921,1.5516265868963,1.00082930144883,-0.0850150798497253,0.00553876347136489,1.97569794827758,0.119170863767079,-0.497885017258434,-0.045217670597751,-0.0181225646663329,-0.173564351103671,0.523493238425112,0.00263228863666516,0.000598076801818281,251.342928188677,264.926529161548
13.97,0.625940491206246,1.55470357789124,1.00086373708,-0.0851665863920594,0.00425560556422571,1.98106141627193,0.115949197712449,-0.506703736996279,-0.0462237370621808,-0.0174311042244239,-0.173266438264955,0.523498549473931,0.00263228863666516,0.000598076801818281,251.312906128177,264.895598586653
13.98,0.630179188810087,1.5578079089548,1.00089815453462,-0.0853178677627033,0.00298933838881668,1.98642372594392,0.112479348304131,-0.515516792366443,-0.0471963324598303,-0.0167002084116192,-0.170045615466096,0.523503435086179,0.00270031679139174,0.00742569708015595,251.283019720137,264.864772651714
13.99,0.634496095549744,1.56093953707638,1.00093227907023,-0.0854685067941637,0.00175596408014187,1.99178350757038,0.109086117055927,-0.524326890485494,-0.0481269074149679,-0.0159581799792948,-0.166827510426052,0.523507947328341,0.00270031679139174,0.00742569708015595,251.238115750438,264.818185392491
14,0.638891286220927,1.56409864648758,1.00096571219627,-0.0856180659147394,0.000569008098328619,1.99713959432436,0.105429270598249,-0.533131173329237,-0.048996189948955,-0.0151751124575836,-0.160588375868763,0.523512043893194,0.00275088772794081,0.014491718689476,251.176296465345,264.753837266775
14.01,0.643364975868098,1.56728506781797,1.00099793879004,-0.0857659028788711,-0.000555007839905048,2.00249055546263,0.101842053673807,-0.541931366404718,-0.049798551928631,-0.0143703869491978,-0.154354405380657,0.523515790104463,0.00275088772794081,0.014491718689476,251.10712307092,264.68172952832
14.02,0.647912999272988,1.57049877851488,1.0010287147295,-0.0858702923425007,-0.00161780331542226,2.00783650993751,0.0983596749448054,-0.549852614112723,-0.0505013206076314,-0.0043975533889534,-0.148485764244431,0.523521366714984,0.0211120990613895,0.0136750188895654,251.039098481429,264.610765536806
14.03,0.652530374950418,1.57373932209212,1.00105788284264,-0.0858804125112699,-0.00262190843682686,2.01317759058091,0.0949397643840851,-0.557767330430197,-0.0510910194730675,0.00559114946682259,-0.142643332458601,0.523531234048313,0.0211120990613895,0.0136750188895654,250.979352819288,264.54844086855
14.04,0.657208083056666,1.57700603513055,1.00108540013927,-0.0857076572290785,-0.00358512823717884,2.01851521446541,0.092000653170223,-0.563793284376831,-0.0514555141432896,0.0351823479989248,-0.140608801761233,0.523549481538673,0.0605057683918584,0.00487502434147117,250.934111882928,264.501321756147
14.05,0.661935109401216,1.58029765082,1.001111436034,-0.0852440831137057,-0.00452998971844661,2.02385109509255,0.0891242768879353,-0.569790331111616,-0.051618581205698,0.0647732613415236,-0.138644013100815,0.523581097321066,0.0605057683918584,0.00487502434147117,250.907330030635,264.473639750939
14.06,0.666711503934019,1.58361692509968,1.00113579229124,-0.0845072572581825,-0.00546967808735778,2.02918610513005,0.0865816134506647,-0.576105786197131,-0.0516245622086954,0.0904423952109325,-0.139195184914116,0.523625109080015,0.0526105998497943,-0.000873704287030083,250.903263465846,264.469961457823
14.07,0.671537281086384,1.58696690196319,1.00115842543682,-0.0835187840846277,-0.0064196216015276,2.03452131703639,0.0840981967162773,-0.582338073204735,-0.0514705686225769,0.116110273680399,-0.139806445109911,0.523680538403572,0.0526105998497943,-0.000873704287030083,250.907438382001,264.475223291999
14.08,0.67641360691064,1.59035034814053,1.0011792878486,-0.0823126885204279,-0.00738801239790746,2.03985717103297,0.0818313423183164,-0.589184489041491,-0.0512042067983613,0.134233466054439,-0.141880993206019,0.523745660796892,0.0374419260005342,-0.00417951947543026,250.91067148811,264.479871140348
14.09,0.681341999623052,1.59377041792415,1.0011983147985,-0.0809306343422563,-0.00838407132998462,2.04519420644291,0.0796241203082656,-0.595902299047477,-0.0508136797216976,0.152349696591197,-0.143998047065768,0.523818485386279,0.0374419260005342,-0.00417951947543026,250.913271834528,264.484260267948
14.1,0.68632297364818,1.5972292124498,1.0012154655162,-0.0794020978268024,-0.00941195703846097,2.05053252900679,0.0775496803143655,-0.603096242332697,-0.0503318267108567,0.163958874510295,-0.146787769773996,0.523897410807491,0.0243773660635801,-0.00566972230323565,250.915474389289,264.48865254651
14.11,0.691357403421825,1.60072913995007,1.00123067790085,-0.0777631010863371,-0.0104761363917993,2.0558722824627,0.0755392294626371,-0.610130066408015,-0.0497588246100386,0.175558334875952,-0.149604803338909,0.523980515892595,0.0243773660635801,-0.00566972230323565,250.917695708652,264.493481954199
14.12,0.696445011571896,1.60427169711289,1.00124395047364,-0.0760359596314014,-0.0115779304413648,2.06121335427973,0.0736086764036887,-0.617461215373093,-0.0491155241287686,0.182254639327486,-0.152555571490122,0.52406636195134,0.0145442787722226,-0.00592989133891173,250.920179741999,264.498990133201
14.13,0.701585822047909,1.60785859383758,1.00125526513604,-0.0742478938479626,-0.0127185240757201,2.06655563765378,0.0717489635688364,-0.624612796960936,-0.0484086855164021,0.188940567539474,-0.155522200303049,0.524153236927523,0.0145442787722226,-0.00592989133891173,250.923348299532,264.505592071666
14.14,0.706778889152542,1.61149088230828,1.00126467176207,-0.0724147371714482,-0.0138974483668759,2.07189890494031,0.069941172898957,-0.631909032829735,-0.047651810132387,0.192166688438826,-0.158294518079759,0.524239905097416,0.00761346042585671,-0.00544592850431192,250.927433694823,264.513496696661
14.15,0.712023502362886,1.61516975014863,1.00127221090785,-0.0705557629372742,-0.0151138526701723,2.07724291926625,0.0682122517267395,-0.639015458231258,-0.0468537231966427,0.195382997182319,-0.161074616946617,0.524324937643607,0.00761346042585671,-0.00544592850431192,250.932812195585,264.523055310384
14.16,0.717319018781131,1.61889449415332,1.00127801117781,-0.0686815841144829,-0.0163513565277728,2.08258637273157,0.0661545447891973,-0.646149418656736,-0.0460227066074565,0.196290404722016,-0.160166241682642,0.524406342664592,0.00298331090375665,0.00319976326751735,250.939676493528,264.534422353056
14.17,0.722665169616841,1.6226641593276,1.00128220810609,-0.066804895420795,-0.0175897706252413,2.08792777401176,0.0641825567299989,-0.653087948831165,-0.0451653915140357,0.197201133815637,-0.159259932424327,0.524481789828059,0.00298331090375665,0.00319976326751735,250.948237927225,264.547756701935
14.18,0.728061612240399,1.62647675677282,1.00128497377669,-0.0649320781651578,-0.0188011472583969,2.0932652414917,0.0616024559759003,-0.659968087464921,-0.0442789344168944,0.196677234352813,-0.152125272644408,0.524548847382594,7.52979932852295e-05,0.017776417485374,250.958625662939,264.563123637976
14.19,0.73350849890656,1.63032973477276,1.00128649323356,-0.063070584151938,-0.0199512394785507,2.0985966029423,0.0591068545788694,-0.666650004845007,-0.0433753073879177,0.196178946939105,-0.144988497961777,0.524604719724772,7.52979932852295e-05,0.017776417485374,250.97088557298,264.580483754175
14.2,0.739005592109121,1.63422050282144,1.00128694243577,-0.0612234458625683,-0.0210078183621801,2.10392000784351,0.0558926656861966,-0.673212917992617,-0.0424363147526473,0.194885747133615,-0.130694892582855,0.524647165202967,-0.00159535390151528,0.0345178976672963,250.985082445251,264.599810673764
14.21,0.744553202895965,1.6381457434549,1.00128650386913,-0.0593940970811297,-0.0219314630856506,2.10923329143905,0.0527490978066864,-0.679576635286276,-0.0414857803960585,0.193643834271802,-0.116396033382245,0.524673630386234,-0.00159535390151528,0.0345178976672963,251.001165845202,264.620944013282
14.22,0.750150996331361,1.64210283385814,1.00128534888117,-0.0575830324474053,-0.0226922889653058,2.11453506390962,0.0489261324438163,-0.68578046072663,-0.040494544389822,0.192056181245973,-0.095477185564453,0.524682575091806,-0.00241374863477316,0.0500002165321368,251.019138746112,264.6437772362
14.23,0.755799167195692,1.64608840318425,1.00128364449858,-0.0557907616653774,-0.0232537821991951,2.11982366291633,0.0451459195325282,-0.691785248812908,-0.0394959650793293,0.190543602614929,-0.074550825579869,0.524672224255994,-0.00241374863477316,0.0500002165321368,251.038904796734,264.668094622338
14.24,0.761497115713376,1.65010020228752,1.00128157830614,-0.0540159865636762,-0.0235935518498826,2.12509839645306,0.0408388170847787,-0.697604236631769,-0.0384613697283316,0.188982783218097,-0.0486790988572728,0.52464201945838,-0.00267724114177415,0.0615614137101577,251.060406610568,264.693725613576
14.25,0.767244687489137,1.65413533325661,1.00127932714428,-0.052257254162183,-0.0236842711371197,2.13035838484839,0.036534159255447,-0.703225002784495,-0.0374235757537038,0.187514822065455,-0.0227985184378272,0.524591250740289,-0.00267724114177415,0.0615614137101577,251.08351525894,264.7204289853
14.26,0.773040918478902,1.65819213646142,1.00127712323942,-0.0505121460174185,-0.0235141615543055,2.1356036924521,0.0319208900443474,-0.708645148248527,-0.0363663552652021,0.186177422603015,0.00566578594115666,0.52452039120483,-0.00261000876681883,0.0675911210049582,251.108118110781,264.74799104356
14.27,0.778885157882033,1.66226848598697,1.00127519010011,-0.0487780682321961,-0.0230688832590717,2.14083429880925,0.0272610367680159,-0.713868170764744,-0.0353104942394846,0.184942163059302,0.0341393036945007,0.524429849737049,-0.00261000876681883,0.0675911210049582,251.134052931647,264.776158801554
14.28,0.784776060115008,1.66636334387836,1.00127381833349,-0.0470520636129361,-0.0223482148243035,2.14605094184019,0.0225272644202031,-0.718883629651781,-0.0342584026780721,0.183925899305533,0.0626301609227465,0.524321009503362,-0.00237576876503112,0.0676106974094108,251.161164244518,264.804701248047
14.29,0.790712436681071,1.67047542837509,1.00127329839016,-0.0453310671848131,-0.021351947689981,2.15125437163037,0.0176940891730291,-0.723703015865332,-0.0332123891874322,0.183011804083094,0.091129647356333,0.524195279625047,-0.00237576876503112,0.0676106974094108,251.189270177589,264.833378409671
14.3,0.796691413013066,1.67460605128254,1.00127404922185,-0.0436121175695523,-0.0201101324781093,2.1564467002792,0.0134845325589167,-0.728314267645795,-0.0322197073691794,0.182332531344721,0.112920734368113,0.524055973049626,-0.00208814288664409,0.0519003444062769,251.218224600178,264.862005554847
14.31,0.802709824404135,1.6787569176004,1.00127652215546,-0.0418925044404712,-0.0186595649136967,2.16163024436943,0.00912669444787384,-0.732732776400975,-0.0312374904777823,0.181731260567236,0.134718243632052,0.523906771538447,-0.00208814288664409,0.0519003444062769,251.248008368518,264.890565943295
14.32,0.80876492606746,1.6829290455058,1.00128109547097,-0.0401698907276394,-0.0170319210755091,2.16680693732008,0.005389066506379,-0.736946559636593,-0.0303007297996955,0.181331821581042,0.149457985044361,0.5237509375687,-0.00181721798789389,0.0353991299216113,251.276354258116,264.91671362228
14.33,0.814853618226091,1.68712392938378,1.00128814742116,-0.0384422109503996,-0.015265969841017,2.17197890276651,0.00146803890960278,-0.740969612569266,-0.0293718698064407,0.180985033447824,0.164201157252681,0.523592034862585,-0.00181721798789389,0.0353991299216113,251.299214765284,264.936264149785
14.34,0.820973716944516,1.69134167496487,1.00129793986471,-0.036707825277513,-0.0133870555566908,2.1771475742894,-0.00201961279096475,-0.744791398284839,-0.0284656162587925,0.180791561076787,0.173306298066836,0.523432675369184,-0.00159744331839565,0.0222331715879466,251.316867144614,264.949575697883
14.35,0.827122737834639,1.6955827850175,1.00131070239604,-0.0349653054229214,-0.0114261848280833,2.18231451728425,-0.00571260483719892,-0.748422494827874,-0.027560284725617,0.180630539019499,0.182412620745225,0.523275698225593,-0.00159744331839565,0.0222331715879466,251.329527481432,264.956960011566
14.36,0.833299042566103,1.69984652761517,1.00132658553542,-0.0332136060623399,-0.00940190826053286,2.18748072237062,-0.00915831209787391,-0.75185445575487,-0.0266608730717213,0.180574735820864,0.187399903528719,0.523123043406218,-0.00143847248863293,0.0126205897948651,251.337498997258,264.958829252091
14.37,0.839500764443614,1.704132470919,1.00134570431249,-0.0314518357731501,-0.00733690831145274,2.19264726024734,-0.0128211121351824,-0.755094136604168,-0.0257563743457597,0.180536646188509,0.192387337432038,0.522976767139049,-0.00143847248863293,0.0126205897948651,251.341063609359,264.955581442676
14.38,0.845726204426445,1.70843993655679,1.0013681186838,-0.0296794288656981,-0.00525175639257247,2.19781502427068,-0.0161947867649096,-0.758135669405526,-0.0248478452607476,0.180560039661961,0.19281142194154,0.522838663882207,-0.00133613723584752,0.00197367976315057,251.34053598233,264.94765130168
14.39,0.851973379312953,1.71276861903868,1.00139385616304,-0.0278960273002593,-0.00317159209336645,2.2029849708949,-0.0197888736755413,-0.760983171146456,-0.0239288908787649,0.180584833442924,0.193235486932682,0.522710667422127,-0.00133613723584752,0.00197367976315057,251.336223608062,264.935472260086
14.4,0.858240439146964,1.71711800410523,1.00142289210557,-0.0261015600856129,-0.00111948954488017,2.20815786623256,-0.023030805766485,-0.763632974309162,-0.0229948104652648,0.180631434513648,0.188542573274343,0.522594445109953,-0.00127880350662594,-0.00996725195749433,251.328443251772,264.91948765002
14.41,0.86452518162531,1.72148803524571,1.0014551715925,-0.0242962192748571,0.00087636221812358,2.21333451876187,-0.0264870385761777,-0.766087200816276,-0.0220453891765813,0.180661161706243,0.183850254409242,0.522491835326032,-0.00127880350662594,-0.00996725195749433,251.317527571301,264.900162404622
14.42,0.870825811820921,1.72587807095493,1.00149059916185,-0.0224804355832314,0.00279446329087573,2.21851542005596,-0.029618910746097,-0.768343548341212,-0.0210702646757124,0.180680419746071,0.174391356452521,0.522404113512087,-0.00125065571419639,-0.0210969372661007,251.303782136363,264.877931413484
14.43,0.877140173937027,1.73028793340773,1.00152905020411,-0.020654899653795,0.00460855397960233,2.22370107504655,-0.0329489651615386,-0.770402769228342,-0.0200755125693487,0.180665805030477,0.16493415666927,0.522332702339353,-0.00125065571419639,-0.0210969372661007,251.28755282233,264.853272968733
14.44,0.883466666915426,1.73471667803568,1.00157038066556,-0.018820474642838,0.00630158319594136,2.22889164914186,-0.0360438131100064,-0.772263089222112,-0.0190486820309114,0.180619354533324,0.151697556687374,0.5222783011574,-0.00123444721865208,-0.0299298922733893,251.269121933985,264.826593942866
14.45,0.889803368163936,1.73916376957811,1.00161442016251,-0.016978235459555,0.00785272913368847,2.23408729635338,-0.0393117812626387,-0.773924655383389,-0.0179987834974043,0.180525572843406,0.138463849638859,0.522241699603512,-0.00123444721865208,-0.0299298922733893,251.248820925807,264.7983488734
14.46,0.896148948849414,1.74362788006607,1.0016609988891,-0.0151293576530146,0.00925111308176783,2.23928787854469,-0.0424683128795604,-0.775385481462755,-0.0169157833473113,0.180390747528924,0.122819394012176,0.522222926563201,-0.00121412290901527,-0.0355721549673834,251.226902278554,264.768901201593
14.47,0.902501832629476,1.74810799528777,1.00170992618466,-0.0132751493966361,0.0104834536878004,2.24449323324187,-0.0457661584242976,-0.776645862589826,-0.01580725309772,0.180200020391955,0.10717877798831,0.522222031781634,-0.00121412290901527,-0.0355721549673834,251.203656166863,264.738644908598
14.48,0.908860984211365,1.75260240479213,1.00176102303779,-0.0114169520718993,0.0115456572561709,2.24970299268283,-0.0490861050847394,-0.777703037107294,-0.0146687448179919,0.179970536284391,0.0906313724685687,0.522238374938108,-0.00117685044363398,-0.037702346334709,251.179305942007,264.707892463847
14.49,0.915225214752696,1.75710959494681,1.00181409693471,-0.00955614480427853,0.0124327292128063,2.25491676619889,-0.0525116560557455,-0.778558078996333,-0.0135032631187754,0.179681938868903,0.0740883106576799,0.522271271976848,-0.00117685044363398,-0.037702346334709,251.154087559561,264.676956302658
14.5,0.921593754498749,1.7616275368306,1.00186896718441,-0.00769408508289903,0.0131469984099803,2.26013405598175,-0.0560815104770909,-0.779207109874312,-0.012312680139627,0.179366255431621,0.0580617472236249,0.522319502601813,-0.00111427068485062,-0.0365041284244369,251.128201441387,264.64609799729
14.51,0.927965779293867,1.76615427851301,1.00192544710973,-0.00583207235061252,0.0136913131948396,2.26535435534755,-0.0597203562110097,-0.779652419090594,-0.0110946973166385,0.178993314353011,0.0420395503751501,0.522381754728211,-0.00111427068485062,-0.0365041284244369,251.101833973905,264.615548414024
14.52,0.934340719833586,1.77068757794555,1.00198335460445,-0.00397134766940595,0.0140733119513761,2.27057713720642,-0.0635987427344712,-0.779888902797886,-0.00985603847743491,0.178611327058922,0.0277102577212985,0.522456384140179,-0.0010229529389824,-0.0325515902131186,251.075170425618,264.585522870474
14.53,0.940718043753197,1.77522516262239,1.00204250763815,-0.00211301005942277,0.014302326037829,2.27580188756805,-0.067511341580119,-0.779920276114831,-0.00859057284831804,0.178178127331208,0.0133849509418221,0.522541628664795,-0.0010229529389824,-0.0325515902131186,251.048364354446,264.556186575266
14.54,0.947097294896371,1.77976470143722,1.00210271999494,-0.000258083884085603,0.0143897151704285,2.28102813276048,-0.0717224833354968,-0.779740313948856,-0.00730728959454886,0.177756913138581,0.00157685535179536,0.522635613339167,-0.000904149187389717,-0.0266668019455515,251.021591316421,264.527714152274
14.55,0.953478127655161,1.78430374852481,1.00216380932628,0.00159261157748822,0.0143493538539787,2.28625543631816,-0.0759370533814985,-0.779354145028052,-0.00599882591636848,0.177293472324702,-0.0102279001647599,0.522736340829391,-0.000904149187389717,-0.0266668019455515,250.994990965635,264.500226713175
14.56,0.959860104769623,1.78884000592062,1.0022255838855,0.00343832835907018,0.0141945441293764,2.29148343112131,-0.0804700014879608,-0.778754697666595,-0.00467396254477841,0.176862790655571,-0.0190854689110159,0.522841904176007,-0.000763001339596585,-0.0197719576227201,250.968730101862,264.473862247336
14.57,0.966242949293344,1.79337100552451,1.00228785745255,0.00527856076938446,0.0139415309683059,2.29671180805503,-0.0849809921121501,-0.777948310931715,-0.00332656826612313,0.176400408874389,-0.0279404573754346,0.522950287601709,-0.000763001339596585,-0.0197719576227201,250.942946905534,264.448715422849
14.58,0.972626155324249,1.79789458646486,1.00235043489768,0.00711285505814593,0.0136038458683341,2.30194032688269,-0.0897936488734382,-0.776927454400028,-0.00196367456635519,0.175988569646525,-0.033797936139692,0.52305972921412,-0.000607383042534353,-0.0127557654098783,250.917796058972,264.424889669801
14.59,0.979009401043897,1.80240839230913,1.00241312692683,0.00894101039962558,0.0131980124732767,2.30716881883808,-0.094564957299796,-0.7756993336226,-0.000581837373909218,0.175555746430421,-0.0396535779707756,0.523168384305542,-0.000607383042534353,-0.0127557654098783,250.893416349853,264.402462070581
14.6,0.98539204165753,1.80691047414299,1.00247574062181,0.0107628479219048,0.0127363472742799,2.31239716185855,-0.0995915072286215,-0.774256397148964,0.000814067178477339,0.175186311979413,-0.0427815557423376,0.523274772396231,-0.00044656534506904,-0.00636839842456164,250.86994456346,264.381502627363
14.61,0.991773615664769,1.81139868908997,1.00253808878663,0.0125784286276094,0.0122338886377661,2.31762530936756,-0.104563166835318,-0.772606293189132,0.00222458352684657,0.174805655795508,-0.0459083325652325,0.523377362873089,-0.00044656534506904,-0.00636839842456164,250.847513270671,264.362071387787
14.62,0.998153293044713,1.81587134104433,1.00259998793458,0.0143878009790123,0.0117006935974645,2.32285322811884,-0.10972334529726,-0.770741875714306,0.00364656024991172,0.174495264895226,-0.0468088127575644,0.523475042820393,-0.000289889337062873,-0.00115306877965746,250.826235626455,264.344206664683
14.63,1.00453040597794,1.82032656283433,1.00266126042512,0.016191221877745,0.0111490398382674,2.32808095473381,-0.114820198701636,-0.768670793935993,0.00507836837376009,0.174181629781965,-0.0477085755943794,0.523566683381698,-0.000289889337062873,-0.00115306877965746,250.806227029163,264.327947710524
14.64,1.01090391927815,1.8247629184939,1.00272173877443,0.0179889024261488,0.0105861373657535,2.33330850509835,-0.120028875604095,-0.766386670878031,0.00651782188549927,0.173939042204049,-0.0470136699181167,0.52365157434554,-0.000145608488646722,0.00258383003441948,250.787573258509,264.313304592559
14.65,1.01727292463681,1.82917883794797,1.0027812619235,0.0197812189596897,0.0100207857774856,2.33853595116709,-0.125169759502954,-0.763896753217465,0.00796222841864997,0.173698932104373,-0.0463183745226538,0.52372902103793,-0.000145608488646722,0.00258383003441948,250.770362709944,264.300292365034
14.66,1.0236361868531,1.83357312395412,1.00283968266573,0.0215684745688534,0.00945720604449757,2.34376331783028,-0.130345557737559,-0.76119569728635,0.00940971752069277,0.173525216235088,-0.0446915270328386,0.523798705734511,-2.0026783904486e-05,0.00476732781418249,250.754652874579,264.288898154119
14.67,1.0299925548692,1.83794448865928,1.00289686109195,0.0233510894287244,0.00890054646931609,2.34899066668611,-0.135451735100863,-0.758290025352905,0.0108575192687048,0.173357325779331,-0.0430644870123426,0.523860351808871,-2.0026783904486e-05,0.00476732781418249,250.740499947969,264.279112851983
14.68,1.03634061942477,1.84229193094619,1.00295267172667,0.0251293918053627,0.00835227737013415,2.35421799884532,-0.140523771838364,-0.755175573237808,0.0123037524277374,0.173246972651118,-0.0411161543710933,0.52391398806419,8.29929853384689e-05,0.00552043678597623,250.727934815355,264.270907093916
14.69,1.04267901183704,1.8466144023358,1.00300699722077,0.0269037801255954,0.00781418716283174,2.35944533044095,-0.14552568512006,-0.751857925669481,0.0137461494604065,0.173143604461387,-0.0391677349012515,0.52395970187884,8.29929853384689e-05,0.00552043678597623,250.716981808588,264.264251702625
14.7,1.04900618932197,1.8509110428617,1.00305973295398,0.0286745522799165,0.00728551376724445,2.3646726182041,-0.150437939362663,-0.748334125229129,0.0151828003617847,0.173086264739912,-0.0373933483337878,0.523997798278257,0.000162136444958992,0.00511212137923711,250.707648595142,264.259107275974
14.71,1.0553206108298,1.85518098284264,1.00311078291311,0.03044203550845,0.00676531897313286,2.36989981318675,-0.15527975002254,-0.744608723995138,0.0166120852225798,0.173035290778822,-0.0356189277732966,0.524028649168851,0.000162136444958992,0.00511212137923711,250.69993225367,264.255431319639
14.72,1.0616206481215,1.85942344477829,1.00316006114974,0.0322064576314725,0.00625128993984002,2.37512682106801,-0.159992954092067,-0.74067989412411,0.018032205780429,0.173017801753394,-0.0343626745420662,0.524052752718236,0.000218403455980702,0.00389673295057336,250.693821308429,264.253179800019
14.73,1.06790464457337,1.86363766996413,1.00320749031112,0.0339680443790971,0.00574059464306456,2.38035352502072,-0.164634713550911,-0.736551170807505,0.0194420403495909,0.173004822144904,-0.0331064168574609,0.524070673133085,0.000218403455980702,0.00389673295057336,250.689292208923,264.252304075124
14.74,1.07417093525026,1.86782290842004,1.00325300064725,0.0357269314206643,0.00523009962302542,2.38557978594377,-0.169125993266052,-0.732221699436365,0.0208400354306134,0.173013214042527,-0.0325504851041123,0.524083016515831,0.00025461926658845,0.00225414522469823,250.686318336034,264.252759235256
14.75,1.08041780765278,1.8719784466909,1.0032965305367,0.0374832317976399,0.00471597105395297,2.39080543136079,-0.173543613092354,-0.727694104961824,0.0222253118480943,0.173023603352206,-0.0319945725860632,0.524090446105835,0.00025461926658845,0.00225414522469823,250.684862045859,264.254496150281
14.76,1.08664360379514,1.87610351664442,1.00333802432241,0.0392369838080889,0.00419493424683211,2.39603029358327,-0.177804336212549,-0.722968301381997,0.0235965870126079,0.173044835132566,-0.0321703989826201,0.524093597573023,0.000274800640752688,0.000537981378921271,250.68488513933,264.257471078696
14.77,1.09284661034548,1.88019739368303,1.00337743370841,0.0409881934123033,0.00366298352195669,2.40125416767539,-0.181987764606005,-0.718046172980329,0.0249530051311022,0.173065438474055,-0.0323462688771347,0.524093148724019,0.000274800640752688,0.000537981378921271,250.686341078097,264.261637613578
14.78,1.09902521059848,1.88425925842691,1.00341471559881,0.042736810473754,0.00311725740571006,2.40647687925534,-0.186020190827129,-0.712928180764572,0.0262934644017728,0.173088695976705,-0.0331622378691382,0.524089700017145,0.000283487663743057,-0.000963101181276023,250.689183177944,264.266953871607
14.79,1.10517773506819,1.88828833272985,1.00344983337629,0.0444827522552688,0.00255425560636448,2.41169821974686,-0.189970346886502,-0.707615670075901,0.0276170096075733,0.173109027843509,-0.0339782738423796,0.524083875458726,0.000283487663743057,-0.000963101181276023,250.693359585081,264.273377045856
14.8,1.11130263101311,1.89228372654723,1.00348275541624,0.0462258993217815,0.00197191478321368,2.41691803111388,-0.193783708693729,-0.702109437944008,0.0289225684310397,0.173126505447667,-0.0352573083620164,0.524076193299707,0.000285135309429802,-0.00204868453664621,250.698817883937,264.280866987962
14.81,1.11739830365967,1.8962445817539,1.00351345571875,0.0479661065474567,0.00136771011676842,2.42213613003022,-0.197508776007173,-0.696410495620436,0.030209049227712,0.173139396226363,-0.0365364271864493,0.524067175812446,0.000285135309429802,-0.00204868453664621,250.705503238055,264.289383832044
14.82,1.12346327477887,1.90016993110091,1.00354191321377,0.0497032100521392,0.000740576813109432,2.42735239486385,-0.201115371531432,-0.690519796808611,0.0314752701108888,0.17314656380695,-0.0380569108245457,0.52405723136204,0.000283631561969062,-0.00261442617030944,250.713360031975,264.298888744894
14.83,1.12949604023093,1.90405882564219,1.00356811170175,0.0514370316368535,8.92101772354381e-05,2.43256669162802,-0.20462701919085,-0.684438202781076,0.032720009282866,0.173148279542078,-0.0395774838499788,0.524046754270785,0.000283631561969062,-0.00261442617030944,250.722332122918,264.309343580234
14.84,1.13549519581833,1.90791022504312,1.00359203969204,0.0531673892103097,-0.000586429219981802,2.43777894906507,-0.2080387871555,-0.678166689334557,0.0339419009952052,0.173143700532216,-0.0411117770076706,0.524036033741718,0.000281978122393855,-0.00264639534340617,250.732363036576,264.320710457743
14.85,1.14145932993643,1.91172309204539,1.00361368991543,0.0548940994815071,-0.00128639337724207,2.44298909830767,-0.21134878864868,-0.6717061144351,0.035139604928133,0.173133622492927,-0.0426461480741688,0.524025330183655,0.000281978122393855,-0.00264639534340617,250.743396799167,264.332951923332
14.86,1.14738710319074,1.91549632493361,1.00363305931907,0.0566169861010738,-0.00200981261192928,2.4481971246174,-0.214574687087657,-0.665057391336742,0.0363115761902027,0.173118431754524,-0.0439923470872114,0.524014819872418,0.000282141159047241,-0.00220517475746667,250.755378163944,264.346030916789
14.87,1.15327718690263,1.91922881056636,1.00365014849632,0.058335884018285,-0.00275562841952458,2.45340302994886,-0.217692269847638,-0.658221475073713,0.037456358379727,0.173098420163846,-0.0453385948246763,0.524004639985888,0.000282141159047241,-0.00220517475746667,250.768252779591,264.359910214217
14.88,1.1591287051928,1.92291990704402,1.00366499927396,0.0600438155968144,-0.00352226497283442,2.45860685549876,-0.220736964295733,-0.651344915298887,0.0385681396219667,0.171558665620965,-0.046341250926781,0.523994762954105,-0.00276559916451937,-0.00140365894233297,250.781948479103,264.374532829417
14.89,1.16494090032743,1.926569068912,1.00367766664522,0.0617323069351444,-0.00430772883333656,2.46380867887096,-0.223668190379066,-0.644285045892968,0.0396401167542708,0.170015159351594,-0.0473403588690175,0.523985085085263,-0.00276559916451937,-0.00140365894233297,250.796337444108,264.389780584139
14.9,1.17071322095926,1.9301760137176,1.00368822704989,0.0633895533160478,-0.00510989845626205,2.46900860026633,-0.226532498989456,-0.637293713046661,0.0406650648191826,0.165873703434946,-0.0478974931596945,0.523975416548785,-0.00798302445249408,-0.000382932614899832,250.811344645705,264.405588318039
14.91,1.17644531786775,1.93374064571274,1.00369677677658,0.0650011794861145,-0.0059260878808971,2.47420677119475,-0.229279679468002,-0.630127525051484,0.0416319231537613,0.161729780516965,-0.0484449412792699,0.523965477894711,-0.00798302445249408,-0.000382932614899832,250.826799234805,264.421786607661
14.92,1.1821366559292,1.93726271188899,1.00370339826431,0.0665557391790216,-0.00675384246339687,2.47940334602496,-0.231960253705877,-0.623034152036855,0.0425357680202969,0.15506047571974,-0.0485136802369998,0.523955045772442,-0.0130562176276658,0.000709465793492704,250.842642301323,264.438320568168
14.93,1.18778691776142,1.94074215775774,1.00370819291133,0.0680392894578547,-0.00759011656652245,2.48459853442974,-0.234521185767568,-0.615779600744139,0.0433653991712414,0.148390133846018,-0.0485667584734268,0.52394382794031,-0.0130562176276658,0.000709465793492704,250.858722848185,264.455035466691
14.94,1.19339542409324,1.94417858353351,1.00371123432898,0.0694437514368351,-0.00843239489903113,2.48979252731885,-0.237010421531696,-0.608543094634731,0.0441188390699013,0.139934784348711,-0.0481632315594255,0.523931674751005,-0.0166432127565238,0.00173777481029121,250.875001801603,264.471891749066
14.95,1.19896168425591,1.9475717493425,1.00371261049809,0.0707592883636271,-0.00927763559894338,2.49498556524538,-0.239378410505987,-0.601163207052381,0.0447881167104805,0.131479864129107,-0.0477398079397923,0.523918400036411,-0.0166432127565238,0.00173777481029121,250.891373918122,264.488778584414
14.96,1.20448483106931,1.95092106031347,1.00371238144341,0.0719822737817854,-0.0101235313001919,2.50017785049873,-0.241665243222231,-0.593726758225399,0.0453734351022596,0.122221408751008,-0.0469306982574119,0.523903982811369,-0.0182600240144371,0.00259231846401373,250.907815294112,264.505669485211
14.97,1.20996413475945,1.95422602017705,1.00371061601161,0.0731083005991306,-0.0109673710460628,2.50536962276502,-0.243829969149936,-0.586166959785545,0.0458717987754097,0.112964743061021,-0.0460997677385915,0.523888392602123,-0.0182600240144371,0.00259231846401373,250.924268563837,264.522502580132
14.98,1.21539857017136,1.95748587443506,1.00370736116714,0.0741379240050715,-0.011807271078106,2.51056106993312,-0.245901237116192,-0.578482910178036,0.0462847524913989,0.103826609715868,-0.0449879851478679,0.523871736817319,-0.0180265079397792,0.00319895920692666,250.940717688942,264.539259607232
14.99,1.22078719368113,1.96069990451013,1.0037026675251,0.0750718343586987,-0.0126410955224349,2.51575240205536,-0.247850147086316,-0.570695845976073,0.0466141552999556,0.0946913791076257,-0.0438546347394176,0.52385412811037,-0.0180265079397792,0.00319895920692666,250.957144936917,264.555921479293
15,1.22612888825852,1.96386727284905,1.00369656819195,0.0759137485751375,-0.0134674315237216,2.52094269038669,-0.249691830903171,-0.562739071236433,0.0468644460464933,0.0863614379675887,-0.0425597168354169,0.523293155875812,-0.0163907937513519,0.00352305700790553,250.602783962341,264.974211809723
15.01,1.23142259202028,1.96698714817461,1.00368905285064,0.0766681034732939,-0.0142837485039491,2.52611843114409,-0.251404168703124,-0.554706602797565,0.0470456077815758,0.0779887213291517,-0.0412358772849009,0.520683777324187,-0.0163907937513519,0.00352305700790553,249.940509464376,265.726544609292
15.02,1.23666714976577,1.97005868682463,1.00368009502728,0.0773409907100556,-0.0150878949694935,2.53126034498528,-0.252974725861944,-0.546481271511253,0.0471581594582625,0.0709421294270367,-0.0399055747256785,0.516254187073246,-0.0136871919095142,0.00347501594888408,249.354192228751,266.397061174457
15.03,1.24186138272952,1.97308098136331,1.00366968390655,0.077939978792572,-0.0158779461090341,2.53635130137046,-0.254397544617279,-0.538205112241848,0.0472077276668111,0.063869754542544,-0.0385503882371647,0.510207202700031,-0.0136871919095142,0.00347501594888408,248.835390599413,266.994914508118
15.04,1.24700417661448,1.97605325838355,1.00365783005749,0.0784718120479748,-0.0166525803322986,2.54137604826222,-0.255652494538659,-0.529749298996255,0.0471961487427666,0.0582386447045735,-0.0372943417762002,0.502723059076147,-0.0108101305408423,0.00319555332012804,248.376537420225,267.528170298952
15.05,1.25209437321121,1.97897467035829,1.00364454946881,0.0789447718992553,-0.0174107995794536,2.54632101761383,-0.256747995091247,-0.521263451864791,0.0471297544586647,0.0525938006788596,-0.0360184057118979,0.493961947319636,-0.0108101305408423,0.00319555332012804,247.970963475563,268.004049090586
15.06,1.25713093736606,1.98184454937566,1.00362987846657,0.0793654148101976,-0.0181519712627787,2.55117413190833,-0.25765851841109,-0.5126234242525,0.0470110413865637,0.048330108681922,-0.034919789149858,0.484066199650474,-0.00809089214949208,0.0027514259483256,247.612669418055,268.428892467021
15.07,1.26211277990761,1.98466215460269,1.00361385267171,0.0797417306756091,-0.0188758390083775,2.55592463299993,-0.258403047183344,-0.50397018212064,0.0468459463645879,0.0440605011366411,-0.0338061705040788,0.473162318793119,-0.00809089214949208,0.0027514259483256,247.296384305295,268.808394310212
15.08,1.2670389702951,1.98742693866499,1.0035965275929,0.0800795074107123,-0.0195822506541951,2.56056295374498,-0.258954166049749,-0.495195495286694,0.0466371018927006,0.040992180985368,-0.0329102973558328,0.461362689153019,-0.00574906712038399,0.00222867767871985,247.017350752584,269.147539314353
15.09,1.2719085229511,1.9901382902667,1.00357795471418,0.0803857559148003,-0.02027143673284,2.56508056167288,-0.259336694081575,-0.486420760602142,0.0463894855079213,0.0379225921501239,-0.0320035701649147,0.448767195187766,-0.00574906712038399,0.00222867767871985,246.771398850502,269.450813285395
15.1,1.27672062389891,1.99279578111536,1.00355820422699,0.08066517774955,-0.0209435040973555,2.56946988123062,-0.25952498131002,-0.477559761688689,0.0461054972272555,0.0358103763978407,-0.0313167723888453,0.435464565046255,-0.00389685275854483,0.00171175354869649,246.554755522261,269.722133569179
15.11,1.28147441013482,1.99539893217558,1.00353734082434,0.0809234345272438,-0.0215989089654218,2.57372415005239,-0.259545076889088,-0.468708702023598,0.0457889845994412,0.033699410242829,-0.0306222713632349,0.421533656828242,-0.00389685275854483,0.00171175354869649,246.364117557054,269.965029766363
15.12,1.28616918466109,1.99794742118242,1.0035154455364,0.0811640476194047,-0.0222378195330141,2.5778373769847,-0.259376223878019,-0.459805090655325,0.0454419127821364,0.032285128318117,-0.0301173169146508,0.40704451658024,-0.00255756810638926,0.00127102166025707,246.196492929745,270.182580630898
15.13,1.29080421216818,2.00044088943602,1.00349259355059,0.0813912275441625,-0.022860690587918,2.58180421221728,-0.259041849598225,-0.450918769824302,0.0450670673369669,0.0308733362048227,-0.0296068200551591,0.392059396909796,-0.00255756810638926,0.00127102166025707,246.049261608602,270.377559892503
15.14,1.29537890441065,2.00287910109623,1.00346887296208,0.0816073877259351,-0.0234676006427356,2.5856199273333,-0.258528280933165,-0.442009417796366,0.0446659241592274,0.029915736295372,-0.0292323325037649,0.376633592447455,-0.00169000528305688,0.000955450493698886,245.920052372468,270.552388529804
15.15,1.29989264800555,2.00526179709174,1.00344436628435,0.0818153838308508,-0.0240588345306152,2.58928030210586,-0.257853600826591,-0.433122616010031,0.0442403905045439,0.0289611920742652,-0.0288536345376172,0.360816243699107,-0.00169000528305688,0.000955450493698886,245.806785285173,270.709244358608
15.16,1.30434494958335,2.00758880626422,1.00341916489155,0.0820166982176773,-0.0246342874074017,2.59278161488795,-0.257012283777891,-0.42423657987036,0.0437915063833234,0.028258514867735,-0.0285453032020735,0.344650998773998,-0.00121321563441326,0.000789618104111698,245.707583436816,270.85003334522
15.17,1.3087353043061,2.00985994495842,1.00339335508021,0.0822130519413242,-0.0251939748139786,2.59612054895701,-0.25601562665964,-0.415376754972827,0.0433205197352179,0.0275591585448906,-0.0282334888254791,0.328176645676267,-0.00121321563441326,0.000789618104111698,245.620795583889,270.976465224466
15.18,1.31306329687622,2.01207508616515,1.0033670278687,0.0824052222892531,-0.0257375724378263,2.59929418426338,-0.254866193713991,-0.406535271814215,0.0428281477181054,0.0269597323107495,-0.0279251452861418,0.311427638110202,-0.00102849642985477,0.000774490017681119,245.544939000892,271.090043385011
15.19,1.31732851313318,2.0142340980654,1.00334026971822,0.082594073345561,-0.0262647951874132,2.60229992527006,-0.253568290957158,-0.397722472472582,0.0423151885328463,0.0263637844033355,-0.0276136654432146,0.294434591286267,-0.00102849642985477,0.000774490017681119,245.478704212435,271.192111417808
15.2,1.3215305984054,2.01633688064546,1.00331316804112,0.0827799080398616,-0.0267751128765278,2.60513548806158,-0.252131554775164,-0.388939668325578,0.0417821660112393,0.0257670247140454,-0.0272467188040188,0.277224701033229,-0.00103681732182851,0.000891173585266018,245.420923111161,271.283858369872
15.21,1.32566920960817,2.01838333377111,1.00328580611115,0.0829630154407431,-0.0272679662669642,2.60779885011933,-0.250554134750795,-0.380187147519946,0.0412296077558212,0.0251738629755511,-0.0268767886693155,0.259822131478351,-0.00103681732182851,0.000891173585266018,245.370559784469,271.366342575157
15.22,1.32974403638145,2.02037337170402,1.00325826506871,0.083143428473572,-0.0277426695627967,2.61028822971519,-0.248851029812967,-0.371471179768942,0.0406579595697011,0.02452453099325,-0.0264070300670319,0.24224834994414,-0.00115096514768059,0.00110663566482311,245.326697238456,271.44050770018
15.23,1.33375478762699,2.02230691075409,1.00323062219322,0.0833211103967913,-0.0281984578159001,2.61260205638691,-0.247015808558022,-0.362786445140632,0.0400676195679329,0.0238788782420143,-0.0259343806682505,0.224522429397195,-0.00115096514768059,0.00110663566482311,245.288519160495,271.507190554827
15.24,1.33770118335371,2.02418387129868,1.00320295039081,0.0834959843019023,-0.0286345612429805,2.61473894211053,-0.245066749017703,-0.354140827444753,0.0394590401194607,0.0231574462324292,-0.0253357121639538,0.206661316352478,-0.00130247397047982,0.00138029209878702,245.255308772895,271.567143097669
15.25,1.3415829675451,2.02600417611531,1.00317531885584,0.0836678829200006,-0.0290501012998986,2.61669766972203,-0.242994813574401,-0.345526887303214,0.0388325921881754,0.0224397064326148,-0.0247342660311616,0.188680066552288,-0.00130247397047982,0.00138029209878702,245.226426251647,271.621030412926
15.26,1.34539987973518,2.02776774754971,1.00314779103183,0.083836729238358,-0.0294443021738394,2.61847715736364,-0.24081941875101,-0.336951795207721,0.0381887842465179,0.0216513251881355,-0.0239994059920684,0.170592059120931,-0.00144400433401111,0.00167045388825558,245.201314105924,271.669454369364
15.27,1.34915168535296,2.02947450963616,1.00312042671135,0.0840023594904474,-0.0298162697603051,2.62007646096851,-0.23853096213695,-0.328408403863142,0.0375280263721889,0.0208665491969124,-0.0232619381254352,0.152409180299989,-0.00144400433401111,0.00167045388825558,245.179474225315,271.712946893465
15.28,1.35283813597989,2.03112438560571,1.00309327933585,0.0841647584396224,-0.0301652937386069,2.62149473478864,-0.2361480739136,-0.319901820680325,0.0368509014631752,0.0200305355904715,-0.0224005487623308,0.134141994176225,-0.00154822697515717,0.00193981348780217,245.16047542455,271.751991945732
15.29,1.35645900865146,2.0327172992717,1.00306639871741,0.0843238418454534,-0.0304905534044706,2.62273124344599,-0.233662413145749,-0.311426584004589,0.0361578935558103,0.019197922453473,-0.0215367826394314,0.115799886270275,-0.00154822697515717,0.00193981348780217,245.143933029227,271.78701791354
15.3,1.36001406277297,2.03425317563974,1.00303982834693,0.0844796785905435,-0.0307914597353955,2.62378532195212,-0.231090315197034,-0.302985209174346,0.0354496550876306,0.0183390170573009,-0.0205717239367925,0.0973911990636294,-0.0016044309571117,0.00215942653399543,245.129515570647,271.818415698881
15.31,1.36350308099141,2.03573193929874,1.00301360811409,0.08463229205362,-0.0310673344915953,2.62465639276265,-0.22842610832984,-0.294574470851023,0.0347267533743108,0.0174831907998348,-0.0196045670607604,0.0789233446921102,-0.0016044309571117,0.00215942653399543,245.116928691645,271.846532734024
15.32,1.36692582916908,2.03715351886038,1.00298777207528,0.084781829087467,-0.0313177447678498,2.62534392865857,-0.225682855374323,-0.286194368025488,0.0339898912901742,0.0166251937803708,-0.018567097361438,0.0604029119810282,-0.00161402895942381,0.00231093912305352,245.105919230571,271.871686058026
15.33,1.37028209307771,2.03851784193105,1.00296235075544,0.0849284141790819,-0.0315421978948804,2.62584747066753,-0.222858430186488,-0.277843850115407,0.0332397098421917,0.0157698568516399,-0.0175278345021217,0.0418357553740542,-0.00161402895942381,0.00231093912305352,245.096264206863,271.894159284033
15.34,1.37357164594233,2.03982484267251,1.00293736962237,0.0850722488388803,-0.0317404295340053,2.62616659662878,-0.21996220444571,-0.269520853835904,0.0324769369709467,0.0149317216890197,-0.0164525641606343,0.0232270790391936,-0.00158592772279787,0.00238708458519877,245.087771576552,271.914210451697
15.35,1.37679427707516,2.04107445417628,1.00291285074526,0.0852135311972495,-0.0319121482802693,2.62630093665072,-0.216995918633739,-0.261226066140202,0.0317022656522435,0.0140957604936148,-0.0153758114875917,0.00458150743883473,-0.00158592772279787,0.00238708458519877,245.080274239494,271.932072336857
15.36,1.37994976956458,2.04226661764805,1.00288881205141,0.085352486852593,-0.0320572503436304,2.62625014929931,-0.213965347428478,-0.252955991981447,0.0309164232011435,0.0132898541892233,-0.0142960994242657,-0.0140968488579679,-0.00153244438815249,0.00239069405280485,245.073627528919,271.947955541382
15.37,1.38303791881884,2.04340127364264,1.00286526827345,0.0854893510960005,-0.0321756363033705,2.62601393229684,-0.21087591524486,-0.244712450778574,0.0301201270503579,0.0124856038237246,-0.0132152060198871,-0.0328043369112718,-0.00153244438815249,0.00239069405280485,245.067707607483,271.962051865744
15.38,1.3860585211971,2.04447837116323,1.00284223093738,0.0856243433292958,-0.0322673387148723,2.62559200724147,-0.207730304748637,-0.236491165179465,0.0293140816509504,0.0117176346768382,-0.0121595048177669,-0.0515377100512375,-0.00146615118273669,0.00233261292994958,245.062406265288,271.974533526213
15.39,1.38901138208414,2.04549785932556,1.00281970864613,0.0857576996045576,-0.0323324211445384,2.62498412435941,-0.204537044732888,-0.228294473907215,0.0284990009726429,0.0109508043795492,-0.0111029043717864,-0.0702940828876867,-0.00146615118273669,0.00233261292994958,245.057632735103,271.985558900065
15.4,1.3918963147931,2.04645969488707,1.00279770766527,0.0858896080194601,-0.0323710177355815,2.62419005564905,-0.201296506981384,-0.220117879616692,0.0276755497241416,0.0102208514763002,-0.0100923447161984,-0.089070891265505,-0.00139777335509638,0.00222898487041277,245.053306644257,271.995268964091
15.41,1.39471313911341,2.04736383563748,1.0027762316644,0.0860202749977175,-0.0323833131799602,2.62320959353438,-0.198019486536933,-0.211963724713219,0.0268444141094517,0.0094915466434542,-0.00908114617184018,-0.107865856259024,-0.00139777335509638,0.00222898487041277,245.049362151226,272.00379453471
15.42,1.39746168874738,2.04821024536178,1.00275528272479,0.0861498398376429,-0.0323695038802149,2.62204255146485,-0.194704956995939,-0.203827709737922,0.0260062081144284,0.00879566158387729,-0.00812843960167832,-0.12667695291948,-0.00133507551492874,0.00209836170519788,245.045739969507,272.01125104317
15.43,1.40014180219485,2.04899888976432,1.00273486069672,0.0862784579430956,-0.0323298481891777,2.62068875717003,-0.191365029236522,-0.195711817807392,0.025161571972065,0.00809997519703121,-0.00717533455511638,-0.14550238149461,-0.00133507551492874,0.00209836170519788,245.042392763536,272.017746381963
15.44,1.40275333634912,2.04972973845899,1.00271496444398,0.0864062103923183,-0.032264566362347,2.61914805912493,-0.187998188456129,-0.187612203726832,0.0243110635252488,0.00743192589452708,-0.00628489137927397,-0.164340542974797,-0.00128255538102093,0.0019590360068865,245.039277089679,272.023375016706
15.45,1.40529615208842,2.05040276367736,1.00269559098219,0.0865331898004234,-0.0321739440079458,2.61742031570441,-0.184616932847788,-0.179530295072524,0.0234552659032809,0.0067636715449457,-0.00539427466210503,-0.183190016153691,-0.00128255538102093,0.0019590360068865,245.036359140218,272.028225665576
15.46,1.40777013143084,2.05101793943574,1.00267673679053,0.0866594167731409,-0.0320581921395174,2.61550540558384,-0.181220056757933,-0.171462807660496,0.0225946801172904,0.00611652442049527,-0.00456329919182764,-0.202049538421745,-0.00124171301059821,0.00182689166250565,245.033607276882,272.032375545239
15.47,1.41017516032594,2.05157524277393,1.00265839688039,0.0867849179724507,-0.0319175836014301,2.6134032144107,-0.177819646321295,-0.163410569015452,0.0217298278466548,0.00546880921097742,-0.00373236490265229,-0.22091798755409,-0.00124171301059821,0.00182689166250565,245.030997432409,272.035897301041
15.48,1.41251114689382,2.05207465068133,1.00264056603694,0.0869096567709057,-0.0317522953155544,2.61111364714867,-0.174415415209681,-0.155370842416096,0.0208611562444426,0.00483617252121127,-0.00295261105753222,-0.239794366559607,-0.00121166246971432,0.00171394748168435,245.028506691065,272.038853938928
15.49,1.41477800371538,2.05251614323875,1.0026232379372,0.0870335973670953,-0.031562557296376,2.60863661393611,-0.171018438974879,-0.147343930507081,0.0199891268118435,0.00420263389557853,-0.00217310753145413,-0.258677789285126,-0.00121166246971432,0.00171394748168435,245.026117905649,272.041304648842
15.5,1.41697566507186,2.05289969914797,1.00260640622504,0.0871566526925605,-0.031348497149863,2.60597204255987,-0.167629735544435,-0.139327546986871,0.0191141383229883,0.00357949346400276,-0.0014329538993922,-0.277567468412297,-0.00118988449670123,0.00162764857217488,245.023814547794,272.043300722063
15.51,1.41910407060643,2.05322529994047,1.00259006376023,0.0872787323462696,-0.0311102836344778,2.60311986499982,-0.164259005868925,-0.131321625623567,0.0182365973614263,0.00295513181049118,-0.000693257246295304,-0.296462704126985,-0.00118988449670123,0.00162764857217488,245.021584339012,272.044890134431
15.52,1.42116318003843,2.05349292504039,1.00257420347364,0.087399707337099,-0.0308479893867576,2.60008002857415,-0.160908728972183,-0.123324186616629,0.0173568611613699,0.00233829185900746,2.02156118946476e-05,-0.315362874577208,-0.00117296742448098,0.00157085540379632,245.0194153812,272.046114518994
15.53,1.42315295950843,2.05370255615942,1.00255881778966,0.0875194427372198,-0.0305617150697057,2.59685248433968,-0.157587100111235,-0.115334993795458,0.0164752889246341,0.00171991147983785,0.000733026084735391,-0.334267426985821,-0.00117296742448098,0.00157085540379632,245.017298809726,272.047012570694
15.54,1.42507339286773,2.05385417275583,1.00254389924862,0.08763777639499,-0.0302514810549539,2.59343719590938,-0.154298014110338,-0.107352214475142,0.0155922034944344,0.00110810525248937,0.00143221396602652,-0.353175870051937,-0.0011572369815934,0.00154240165102343,245.015226041591,272.04761795953
15.55,1.42692447141555,2.05394775582702,1.00252944010927,0.0877545393642071,-0.0299173231974522,2.58983413046129,-0.15104823229508,-0.0993756524661874,0.014707924977041,0.000494427756650597,0.00213053591491088,-0.372087766994507,-0.0011572369815934,0.00154240165102343,245.01319061945,272.047961767545
15.56,1.42870620172577,2.05398328446936,1.00251543273654,0.0878695343902261,-0.0295592417423266,2.58604354762086,-0.147842929516689,-0.0914034574192699,0.0138227640333087,-0.000112108315158796,0.00282627516696716,-0.390911389201667,-0.00114006682784485,0.00153920380096908,245.060188199342,271.996064456568
15.57,1.43041859833077,2.053960738448,1.00250186866996,0.0879825091519708,-0.0291774016402168,2.58206748977086,-0.144687711985641,-0.0834352897111034,0.0129371588200714,-0.000720283419488848,0.00352028093690162,-0.409380438141345,-0.00114006682784485,0.00153920380096908,245.204202766422,271.840538435405
15.58,1.43206168963573,2.05388009654203,1.00248873765911,0.0880931177209159,-0.0287721549891669,2.5779106173078,-0.141589275759047,-0.0754688350453412,0.0120516336454167,-0.00132112407725536,0.00422192338074982,-0.427253942690407,-0.00112339038913647,0.00156121191816357,245.426050931693,271.601236446399
15.59,1.43363551308727,2.05374133742813,1.00247602689992,0.0882009570864289,-0.0283440452022503,2.57357976220149,-0.138552120751925,-0.0675032933103114,0.0111667010437121,-0.0019232577509654,0.0049208194096675,-0.444341308295887,-0.00112339038913647,0.00156121191816357,245.708769624875,271.295865756275
15.6,1.43514011520293,2.0535444397788,1.00246372142096,0.0883055835413337,-0.0278937670624373,2.56908345307519,-0.135583317489767,-0.0595357944671036,0.0102828039911223,-0.00251442706043484,0.00563060786028173,-0.460496215279216,-0.00110009995520978,0.00159241503635931,246.037566211946,270.939997190616
15.61,1.43657555189722,2.05328938133905,1.00245180487552,0.0884065337977995,-0.0274221244888915,2.56443150064981,-0.132686622231519,-0.0515658146940615,0.009400284346862,-0.00310680126822333,0.00633698358003707,-0.475610802100661,-0.00110009995520978,0.00159241503635931,246.399681446064,270.547171791497
15.62,1.43794188441375,2.05297614083424,1.00244026034616,0.0885033436257234,-0.0269300394263654,2.55963463516139,-0.129868343224012,-0.0435899631951278,0.00851938844467023,-0.00368186200831906,0.00705091444515366,-0.489610290984327,-0.00106447231657749,0.00161745333601007,246.784209620767,270.129055097605
15.63,1.43923918281845,2.0526046953472,1.00242907137409,0.0885955613647091,-0.0264184861064491,2.55470420212643,-0.127131985879201,-0.0356085180593926,0.00764026930246403,-0.00425819923898902,0.00776107473485502,-0.502448120553204,-0.00106447231657749,0.00161745333601007,247.181907505815,269.695613105581
15.64,1.44046752027794,2.05217502370732,1.00241822256583,0.0886827595348543,-0.0258885272191701,2.54965189562718,-0.124482277826386,-0.0276175503226242,0.00676300951140209,-0.00480887344177541,0.00847025238620257,-0.514101595703676,-0.00101223808991313,0.00162389236905115,247.585003624627,269.255287953516
15.65,1.44162697749327,2.05168710257707,1.00240770028285,0.0887645501679276,-0.0253412416787889,2.54448954267826,-0.121922941765231,-0.0196184755631736,0.00588763877915283,-0.00536097356705249,0.00917557723416929,-0.524568034362607,-0.00101223808991313,0.00162389236905115,247.987022739149,268.815170368306
15.66,1.44271763762603,2.05114091082355,1.00239749296481,0.0888405814890799,-0.0247777667825708,2.53922891403296,-0.119456638871652,-0.0116067999598203,0.00501414917966571,-0.0058778937350668,0.00986812200629835,-0.533861375820488,-0.000940816354161369,0.00160351974127231,248.382620623766,268.381154915689
15.67,1.44373958958313,2.05053642480756,1.00238759129918,0.0889105632659012,-0.0241992357326833,2.53388157646733,-0.117087649709723,-0.00358524480891527,0.00414252172782835,-0.00639640202190905,0.0105569663740974,-0.542009208751674,-0.000940816354161369,0.00160351974127231,248.767441873929,267.958088085171
15.68,1.44469292548288,2.04987362323151,1.00237798839415,0.0889742422616425,-0.02360680796628,2.52845876493695,-0.114816396233169,0.00445124941331201,0.0032727235004152,-0.00686995495682193,0.0112200480932653,-0.549050175935293,-0.000849493233317771,0.00155281209457794,249.137985854493,267.549893575135
15.69,1.4455777411141,2.04915248209193,1.00236867942807,0.0890314441087714,-0.0230016295786255,2.52297128551269,-0.112647883575834,0.0124986337232802,0.00240474148606072,-0.00734522348491846,0.0118797644858693,-0.555031714499097,-0.000849493233317771,0.00155281209457794,249.491497616101,267.159694002094
15.7,1.44639409674145,2.04837300947544,1.00235965227672,0.0890820252608735,-0.022385290181905,2.51742939553539,-0.110569152688276,0.020562514126629,0.00154112933229494,-0.0077662425459737,0.0124008697734308,-0.560008027812073,-0.00073947782305784,0.0012414580065375,249.82116507046,266.784953142944
15.71,1.44714204762707,2.0475352198106,1.00235085932913,0.0891259402694895,-0.0217594627538674,2.51184277556358,-0.108597098510836,0.0286376539689077,0.000686376514734933,-0.00818862550524127,0.0129192980065935,-0.56403842946891,-0.00073947782305784,0.0012414580065375,250.124695757778,266.426695197906
15.72,1.4478212018866,2.04663946768838,1.00234220182687,0.0891631836963523,-0.021130834218787,2.50622004344979,-0.106588350058805,0.0367303996184308,-0.000155201138915237,-0.00854672967098629,0.0121393556348269,-0.56718596231151,-0.000613753976441767,-0.0017542775009865,250.402057204086,266.087301726394
15.73,1.44843105651461,2.04568619551631,1.00233354653209,0.089193930143053,-0.0205073054319837,2.50056906138137,-0.104688052920429,0.0448349059216621,-0.000980076450283559,-0.00890128259823999,0.0113602499908685,-0.569516112164433,-0.000613753976441767,-0.0017542775009865,250.653622642517,265.768700515868
15.74,1.44897071450209,2.04467616792752,1.00232472168761,0.089218409014616,-0.0199011967167587,2.49489663015019,-0.102606971917448,0.0529581035463236,-0.00178362515931903,-0.0091796415226284,0.00799641077278349,-0.571095715877039,-0.000478100255197953,-0.00775979678052876,250.879997998779,265.472306936914
15.75,1.44943904181002,2.04361033736198,1.00231553179255,0.089237115661457,-0.0193273103127949,2.48920865214606,-0.100631767621242,0.0610939699212865,-0.00256456098023005,-0.0094444084579229,0.00463883907314543,-0.571992015184809,-0.000478100255197953,-0.00775979678052876,251.082134708511,265.199252849252
15.76,1.44983481190159,2.04248977137771,1.00230575929752,0.089250595619031,-0.0188013834315973,2.48351027084558,-0.0983807625583761,0.0692494531385133,-0.00331643938505794,-0.00962248050656398,-0.00209977523178332,-0.572271847695081,-0.00034377928118873,-0.0156586757789702,251.261043263779,264.950179801956
15.77,1.45015647065959,2.04131580141648,1.00229517098223,0.0892597062133807,-0.0183424330243355,2.47780566713615,-0.0962266410028943,0.0774188419450531,-0.00404216449892555,-0.00977383050873361,-0.00882713082190531,-0.572000976013449,-0.00034377928118873,-0.0156586757789702,251.418029963125,264.725574642328
15.78,1.45040267466248,2.04008964955344,1.00228353222395,0.0892653228617368,-0.0179667549597865,2.47209861177821,-0.0937658853345307,0.0856082187753184,-0.00473329240807345,-0.00983473135910811,-0.0190943884567605,-0.571243496201399,-0.000228165515491021,-0.0239666695578169,251.554334556195,264.525461162741
15.79,1.45057171427412,2.03881283864588,1.00227059901905,0.0892686259607485,-0.0176941001784497,2.4663919301659,-0.0913856138419831,0.0938129084917968,-0.00539750682951459,-0.009855399543584,-0.0293476487245247,-0.570061384184003,-0.000228165515491021,-0.0239666695578169,251.671441156486,264.349795453838
15.8,1.45066239475632,2.03748671754642,1.00225616257786,0.0892692927599809,-0.0175387202179555,2.46068832873667,-0.088725886190662,0.102005772561081,-0.00602589763170719,-0.0101196247660525,-0.0427153795839794,-0.568514096020633,-0.000809932717358914,-0.0313033131673739,251.770687289122,264.198111013134
15.81,1.45067318910116,2.03611295600189,1.00224001364568,0.0892669247350414,-0.0175179365167551,2.45498965376523,-0.0861229325952693,0.110215159562591,-0.00662913637273649,-0.0103318270832719,-0.0560701166548523,-0.566658286528089,-0.000809932717358914,-0.0313033131673739,251.853578742619,264.069903767329
15.82,1.45060383946205,2.03469373771275,1.0022220865219,0.0892489150501271,-0.0176420687903769,2.44929782531211,-0.0833094680338571,0.118145543395869,-0.00719803096680025,-0.0135737004041654,-0.0716799932834802,-0.564547815520546,-0.00703229412394608,-0.0366243938163008,251.921423378279,263.964290851764
15.83,1.45045399428991,2.03323173510963,1.00220234497142,0.0891997322504645,-0.0179238140186332,2.44361403849413,-0.0805217827653943,0.126090938705203,-0.00774216160778026,-0.0167538411616976,-0.0872872987410993,-0.562233565404536,-0.00703229412394608,-0.0366243938163008,251.975489904029,263.880216549969
15.84,1.45022483293857,2.03172872664358,1.0021808768832,0.0891011811036588,-0.0183591803520666,2.43794050744278,-0.0778512027946438,0.133629415780575,-0.00826098944805335,-0.0242410945259267,-0.101927836282735,-0.559763330164614,-0.0158492499565924,-0.0343408689459238,252.016991956818,263.816471775473
15.85,1.44991781063064,2.03018686301698,1.00215782877905,0.0889306407458309,-0.0189434156966922,2.43227909151281,-0.0751725445710797,0.141172958278441,-0.00875452494255881,-0.0316709086679372,-0.116581287741024,-0.557181810689134,-0.0158492499565924,-0.0343408689459238,252.04688198811,263.771504781686
15.86,1.44953474491271,2.02860754097383,1.00213336160469,0.0886695917486746,-0.0196640256492808,2.42663194993125,-0.0727973094252861,0.148291064128783,-0.00922371916993855,-0.0434591049972896,-0.128319269420458,-0.554530224537197,-0.0247601447472577,-0.0274315718939123,252.066329745306,263.74395629292
15.87,1.44907793955329,2.02699240251233,1.00210770390489,0.0882949077639882,-0.0205057991991041,2.42100114379912,-0.0703833780122717,0.15539515777175,-0.00966499725422481,-0.0552034796688343,-0.140084519923879,-0.551846503059519,-0.0247601447472577,-0.0274315718939123,252.076164495542,263.732093975896
15.88,1.4485489928782,2.0253427732242,1.00208101772944,0.087791706150952,-0.0214557345566984,2.41538821653991,-0.0682649932316168,0.162134633844937,-0.0100753609102454,-0.0704449736531202,-0.14876949262652,-0.5491647538561,-0.0319044772404037,-0.0201026062208541,252.077531544611,263.734530451963
15.89,1.44794999995396,2.02366015487235,1.00205352333871,0.0871413570078733,-0.0224978823964682,2.40979469876343,-0.0660833644322067,0.16883357020615,-0.0104533388566365,-0.0856578340053025,-0.157491787879268,-0.54651565660606,-0.0319044772404037,-0.0201026062208541,252.07127819933,263.749596488792
15.9,1.44728117537034,2.02194487696019,1.00202529775408,0.0863487314961088,-0.0236212775212698,2.40422141580433,-0.0641301302731125,0.175565714686491,-0.0108070572806164,-0.099922999645359,-0.163554501443608,-0.543925192020009,-0.0300345962285341,-0.0137505326011468,252.058535636314,263.775975627126
15.91,1.44654293714551,2.0201971578082,1.00199644777245,0.0854194464292537,-0.0248121851823554,2.39866919187064,-0.0620967781733761,0.182228139630656,-0.0111292952931286,-0.114172169934952,-0.169652246963518,-0.541415652454434,-0.0300345962285341,-0.0137505326011468,252.040347266059,263.81233909321
15.92,1.44573479646398,2.01841718309292,1.00196702907409,0.0843670258326739,-0.0260619813048861,2.39313818226972,-0.0602155232358269,0.189085553631134,-0.0114321485062001,-0.125505453034414,-0.173643331422282,-0.539005577060645,-0.0241680910735079,-0.00871500813473797,252.017745245298,263.857439991772
15.93,1.44485629684181,2.0166049042697,1.0019371118064,0.0832077661515472,-0.0273597313851537,2.38762853557031,-0.0582426899113114,0.195848152661126,-0.0117082903565467,-0.136831357093896,-0.177661822307269,-0.536709983396095,-0.0241680910735079,-0.00871500813473797,251.991790979833,263.910176129908
15.94,1.4439067801361,2.01476088086746,1.00190677211594,0.0819558081176606,-0.028698918677761,2.38213984767601,-0.056352928601358,0.202800708087217,-0.0119678295731182,-0.145071637952803,-0.180098655526011,-0.534541106223969,-0.0179502221713074,-0.00493840971361887,251.963353549482,263.969364049324
15.95,1.44288555877761,2.01288543352841,1.00187609351241,0.0806282835681541,-0.0300712484167241,2.376671708716,-0.0543636546420673,0.20963974233273,-0.0122070903948694,-0.153309824922001,-0.182554819046603,-0.532508063218176,-0.0179502221713074,-0.00493840971361887,251.933370626838,264.03402595022
15.96,1.44179200616331,2.01097959302711,1.00184518725381,0.0792373127336289,-0.0314719635247663,2.37122329230603,-0.0524003727516689,0.216612695433111,-0.0124334077842872,-0.158889612108704,-0.183874085879191,-0.530617807366007,-0.0125919270111231,-0.00222909874338945,251.902519403234,264.103046682661
15.97,1.44062544864586,2.00904418569261,1.00181416805446,0.0777976159367471,-0.0328950119342543,2.36579377583267,-0.0503320414202972,0.223459546532897,-0.0126463394423408,-0.164470268243636,-0.185205808555393,-0.528874647711548,-0.0125919270111231,-0.00222909874338945,251.87154769157,264.175528471353
15.98,1.4393853611139,2.00708066908125,1.00178318328995,0.0763186799977536,-0.0343370394500108,2.36038204844064,-0.0482448616426359,0.23037590790265,-0.0128510496618443,-0.167964193120418,-0.185755044986126,-0.527281167387902,-0.0083864968076513,-0.000369235615784027,251.840936632154,264.250436615615
15.99,1.43807117202796,2.00509033979804,1.00175238094671,0.0748120452243071,-0.0357937940615587,2.35498701794045,-0.046048738859642,0.237158663008837,-0.0130489485460772,-0.171460465138194,-0.186311464209273,-0.525837784004705,-0.0083864968076513,-0.000369235615784027,251.811223348491,264.326940713679
16,1.4366824739707,2.00307499793072,1.00172193769329,0.0732847111736185,-0.0372630032070326,2.34960741294001,-0.0437997673579071,0.24395344785702,-0.0132436871892673,-0.17341496213738,-0.186356370055468,-0.524543541163307,-0.00528007918612937,0.000842508205877784,251.7827053415,264.404102129006
16.01,1.43521882084619,2.0010363237048,1.00169202797952,0.0717452024252437,-0.0387418051970234,2.34424199737031,-0.0414390672038509,0.250611027663898,-0.0134373478022631,-0.17537239412476,-0.186404699899211,-0.523395774570907,-0.00528007918612937,0.000842508205877784,251.755716804618,264.481162954835
16.02,1.43367991738034,1.99897637385866,1.00166284681569,0.0701984299861059,-0.040228738154488,2.33888944278661,-0.0390004573912133,0.257234567000375,-0.0136324987350831,-0.17624819047286,-0.186141785153085,-0.522390755415676,-0.00310107629588112,0.00157652219864805,251.730394132462,264.557295932438
16.03,1.43206543953093,1.99689712002255,1.00163458377824,0.0686503800670578,-0.041721981281027,2.33354847177137,-0.0364480509573014,0.263720155211729,-0.0138311389178185,-0.177127006429278,-0.18587979412465,-0.521523471232695,-0.00310107629588112,0.00157652219864805,251.706892910174,264.631828365521
16.04,1.43037519086416,1.99480080133914,1.00160743956555,0.0671043186589226,-0.0432206636440631,2.32821778013664,-0.0337997267460478,0.270137205252441,-0.0140349909161803,-0.177288089191976,-0.1854497506198,-0.520788129453196,-0.00165490174911547,0.0019700569547787,251.685216353563,264.704056608892
16.05,1.42860895600983,1.99268959947595,1.00158160582343,0.0655642291245168,-0.0447237207834339,2.32289612775147,-0.0310359695846488,0.276417547890544,-0.0142455730773047,-0.177452009435097,-0.185019101096642,-0.520178037296791,-0.00165490174911547,0.0019700569547787,251.665373989149,264.773406717598
16.06,1.42676662252014,1.99056587658639,1.0015572761146,0.0640321389134044,-0.0462306993487547,2.31758229473311,-0.0281636694033445,0.282604989540303,-0.0144638912153602,-0.17717307963596,-0.184519016016666,-0.519685984466508,-0.000761783704346806,0.00212999755095339,251.647265897386,264.839306282019
16.07,1.42484806780157,1.98843195835459,1.00153463110788,0.0625105212054749,-0.047741066614091,2.3122751347112,-0.025174523991552,0.288658287534055,-0.0146908274508788,-0.176896675071374,-0.184017502069552,-0.519304198209984,-0.000761783704346806,0.00212999755095339,251.630790889401,264.901290642718
16.08,1.42285324962412,1.98629028466649,1.00151384518423,0.0610005071009149,-0.0492546531367989,2.30697355310909,-0.0220681981721509,0.294602582766832,-0.0149267574189657,-0.176376894382533,-0.183511286889538,-0.519024626064166,-0.000269677569278126,0.00213731424854768,251.615775851922,264.958921174603
16.09,1.42078212301145,1.98414327426975,1.00149507602495,0.0595034753738226,-0.050771285035711,2.30167653445041,-0.018843691774958,0.30041611876798,-0.0151719170055559,-0.175859271876487,-0.183003307579201,-0.518838942159005,-0.000269677569278126,0.00213731424854768,251.602043638804,265.011848368464
16.1,1.41863470424209,1.98199341152094,1.00147846814409,0.0580199349685906,-0.0522909759703562,2.29638313417409,-0.0154962310555747,0.306110985489515,-0.0154261323724257,-0.175237024506932,-0.182530270815287,-0.518738749313772,-5.63695942408897e-05,0.00205173493173026,251.589376300166,265.059765179035
16.11,1.4164110128014,1.97984317034227,1.00146414584911,0.0565505040355858,-0.0538137809528069,2.29109248866694,-0.0120292312234413,0.311678939120323,-0.0156890637433087,-0.174616553866016,-0.182055450552978,-0.518715616062209,-5.63695942408897e-05,0.00205173493173026,251.577552894432,265.102438199692
16.12,1.41411111403422,1.97769505595557,1.00145221472372,0.0550952813308293,-0.0553398225558914,2.28580381468615,-0.00843548418239044,0.317123395098146,-0.0159600288489466,-0.173983066960039,-0.181637166229716,-0.518761215441668,-2.71500668240234e-05,0.00191604511262155,251.566210649296,265.139554269184
16.13,1.41173508133811,1.97555157019453,1.00144275390782,0.0536543828249974,-0.0568692895145846,2.28051640839467,-0.00472075122344133,0.322444997099876,-0.016237463482235,-0.173350982861215,-0.181217273463715,-0.518867386123585,-2.71500668240234e-05,0.00191604511262155,251.553988906405,265.169816583348
16.14,1.40928339291049,1.97341479043506,1.00143584197423,0.0522276280899039,-0.0583972614499187,2.27522991929834,-0.00100347141058225,0.327641489858904,-0.0165190053264464,-0.17276387989614,-0.179728273967066,-0.51902590591567,-0.000110962919793127,0.00440251420067418,251.540880533376,265.193395464485
16.15,1.4067566206462,1.97128669258385,1.00143153300579,0.0508147270293613,-0.0599177597632904,2.26994411855562,0.00283554930026675,0.332718569051381,-0.016803092135423,-0.172181867273614,-0.178237788123405,-0.519228784987983,-0.000110962919793127,0.00440251420067418,251.527028298665,265.210665928941
16.16,1.40415564027142,1.96916889825214,1.00142987550257,0.0494152360431683,-0.0614208564875018,2.26465902764088,0.0065520836116124,0.337670730611728,-0.017086051842884,-0.171680803841418,-0.174560875058653,-0.519468156583116,-0.00025563363329075,0.00949051312054067,251.512591305419,265.22205953199
16.17,1.40148150873855,1.96706281895429,1.00143090641203,0.0480285020870419,-0.0628944501460737,2.2593748243961,0.0103883009390406,0.34250615108408,-0.0173674418942906,-0.171192546835616,-0.170882784486318,-0.519736435384103,-0.00025563363329075,0.00949051312054067,251.497618545348,265.227928640758
16.18,1.39873516970291,1.96496998053552,1.00143462558442,0.0466538301602141,-0.0643282969622159,2.25409161954306,0.014089640885692,0.347218099784344,-0.0176421084463716,-0.170804430337385,-0.164944839873837,-0.520026590038941,-0.000422928273163925,0.0147503080366792,251.482243046547,265.228740114807
16.19,1.39591776558447,1.96289167448676,1.00144102648077,0.045290299942319,-0.0657099079224649,2.24880967038937,0.017904395961108,0.351815652328489,-0.0179108068690484,-0.170437152244418,-0.159006372754605,-0.520331937857696,-0.000422928273163925,0.0147503080366792,251.466489550858,265.224869535006
16.2,1.39302982788214,1.96082930200334,1.00145003757286,0.0439410595817283,-0.0670316079414177,2.24352903005636,0.0216391380543765,0.356377933792064,-0.0181695960018592,-0.169280618503719,-0.151376572832711,-0.520646356425442,0.00120126617974661,0.0186863866389755,251.450485007663,265.216812964254
16.21,1.39007198762631,1.9587840095612,1.00146157881132,0.042609963375703,-0.0682840012094651,2.23824986139457,0.0254766511263287,0.360828686070628,-0.0184211597960076,-0.168151053326386,-0.143745009069909,-0.520964119614368,0.00120126617974661,0.0186863866389755,251.434298667812,265.205016649426
16.22,1.3870442198318,1.95675710005337,1.00147550896317,0.041305039796507,-0.0694631109152826,2.23297211226579,0.0293148293726113,0.365354666124981,-0.0186643369015256,-0.165122472640225,-0.135254600900395,-0.52128018040212,0.00505343945107765,0.0206789396812283,251.418050209391,265.189982249072
16.23,1.38394645336012,1.95474961419566,1.00149167390598,0.0400361878787076,-0.0705640177912598,2.22769579861246,0.0332418563158218,0.369774437129375,-0.0189037512963717,-0.162124290983203,-0.126758547599004,-0.521589939279009,0.00505343945107765,0.0206789396812283,251.401866800955,265.172219350838
16.24,1.38077831996531,1.95276290611968,1.00150988427911,0.0388134645864365,-0.0715863088236411,2.22242078053562,0.0372464546530167,0.374321225777386,-0.0191403202019274,-0.156763899651775,-0.1182216105775,-0.521889666346078,0.00983711720964511,0.0207564392204352,251.38584928958,265.15220290031
16.25,1.3775392990517,1.95079809997827,1.00152993515709,0.0376493111020275,-0.0725294256524379,2.21714695337382,0.0413245143654887,0.378771234760781,-0.0193797367372177,-0.15143463579597,-0.109673846443189,-0.522176110478491,0.00983711720964511,0.0207564392204352,251.370156439797,265.13045802367
16.26,1.37422888661621,1.94885665067396,1.00155161033431,0.0365534888094434,-0.0733957047845421,2.21187413759048,0.0455370332648454,0.383353709037026,-0.0196240865959382,-0.143808208784049,-0.101728551628339,-0.522446870399478,0.0144919367369105,0.0193226759926461,251.354864639798,265.107407887945
16.27,1.37084636713737,1.9469398353982,1.00157467531398,0.0355381159335851,-0.0741879870007911,2.20660216562657,0.0498077800080188,0.387853373758765,-0.0198787831803227,-0.136211434186145,-0.0937671884424487,-0.5227000126434,0.0144919367369105,0.0193226759926461,251.338953115826,265.082308219099
16.28,1.36739121718305,1.9450491589287,1.00159889190398,0.0346116508860032,-0.0749103060785017,2.20133086600987,0.054244423789502,0.392472889887909,-0.0201452466610477,-0.12661531845931,-0.0868169198935689,-0.522934285928674,0.018548812055537,0.0169241250226072,251.322088988339,265.055111732833
16.29,1.36386267561851,1.94318599814119,1.00162399451342,0.0337846326337728,-0.0755676271523469,2.19606006291265,0.058725325651916,0.39702768903872,-0.0204283809914042,-0.117046018834619,-0.0798459435593588,-0.523148835218722,0.018548812055537,0.0169241250226072,251.30444394677,265.026275174508
16.3,1.36026022418759,1.94135180346635,1.00164972155465,0.0330642876939342,-0.0761646833174222,2.19078962423556,0.0633798957003006,0.401694413992351,-0.0207297513788638,-0.105764752004747,-0.0740688772731998,-0.523343266178084,0.0220261523645738,0.0140875702046769,251.286075644565,264.99611113124
16.31,1.35658309483935,1.93954793099215,1.00167578599914,0.032459643773957,-0.0767073388879969,2.18551940223735,0.0680665442008533,0.406317973697265,-0.0210546508139747,-0.0945067289960652,-0.0682669496537672,-0.523517495694278,0.0220261523645738,0.0140875702046769,251.267181413028,264.965052969738
16.32,1.35283082285982,1.93777572629155,1.00170191650693,0.0319762309180074,-0.0772002322102131,2.18024931685944,0.0729163868842095,0.411038526916807,-0.0214047197622539,-0.0819296634019474,-0.0636614703786235,-0.523671746547229,0.0247110953084668,0.0112345337680368,251.24785831849,264.933404076081
16.33,1.34900270381836,1.93603646610206,1.00172782024855,0.0316209848357714,-0.0776491577368555,2.17497926520999,0.0777881284556249,0.415740233247383,-0.0217851902875161,-0.069372083529369,-0.0590277924840008,-0.523806465157338,0.0247110953084668,0.0112345337680368,251.228319667066,264.901564830081
16.34,1.34509835481997,1.93433136301318,1.00175322899921,0.031397340864566,-0.0780581372311743,2.16970921791017,0.0828009238003712,0.420517903892891,-0.0221979394388227,-0.0559767722880504,-0.0554717077946493,-0.523922291688254,0.026425639922191,0.00865057966041383,251.208696037779,264.869825509401
16.35,1.34111718198462,1.93266158138785,1.00177785874658,0.0313096492999697,-0.0784322561658505,2.16443911886614,0.087827348308528,0.425302959759444,-0.0226474011824198,-0.0425973753751254,-0.0518851875239325,-0.524020013087627,0.026425639922191,0.00865057966041383,251.189203713769,264.838543571989
16.36,1.33705888410931,1.93102818498088,1.00180145470105,0.0313590908399152,-0.078774659141868,2.1591689800643,0.092967114109672,0.430141182482371,-0.0231358787276124,-0.0288953970634299,-0.049192704168538,-0.524100534180529,0.0271014491553374,0.00648995146806367,251.170000292082,264.807994068605
16.37,1.33292298956197,1.92943220649947,1.00182375313039,0.0315472331838123,-0.0790893983796443,2.15389878567126,0.0981138548191868,0.435013976131233,-0.0236663886812381,-0.0152061639965239,-0.0464687816452328,-0.52416484646089,0.0271014491553374,0.00648995146806367,251.151294652483,264.778486057751
16.38,1.32870925488423,1.92787455320805,1.00184451998671,0.0318730939198471,-0.0793786912269903,2.14862857705032,0.103345445773783,0.439919836264115,-0.0242417237344299,-0.00168662466513383,-0.0444368552608106,-0.524214010057458,0.0267842609357346,0.00479931027395039,251.133265017863,264.750278490901
16.39,1.3244173115156,1.92635611585657,1.00186351952634,0.0323355717730793,-0.0796454859873251,2.14335836889289,0.108578577380318,0.44488744026728,-0.0248632098098952,0.0118228428158762,-0.0423736927185662,-0.524249128155523,0.0267842609357346,0.00479931027395039,251.116106887986,264.723631758735
16.4,1.32004693430024,1.92487764342625,1.00188054309906,0.0329318180010872,-0.0798911683713553,2.13808822064224,0.11387053356204,0.449874166317319,-0.0255340334710626,0.0247390501540251,-0.0408146723979285,-0.524271338713335,0.0256121266400921,0.00354874075483487,251.100012827253,264.698788199079
16.41,1.31559781708161,1.9234398806654,1.00189538732311,0.0336584288705193,-0.0801176880921411,2.13281816777669,0.119159405042992,0.454948920087269,-0.0262539452847985,0.0376473565895629,-0.0392256692505273,-0.524281792054485,0.0256121266400921,0.00354874075483487,251.085162911715,264.675963369543
16.42,1.31106970671973,1.92204342081533,1.00190787174373,0.0345111220299197,-0.0803257773345579,2.1275482786211,0.124485324783441,0.460037073556469,-0.0270263316620331,0.0496375416174468,-0.0379864583120082,-0.524281645983169,0.0237836175243591,0.00266255059458622,251.071757648951,264.65538210252
16.43,1.30646230755215,1.92068886308376,1.00191782734624,0.0354847248051771,-0.0805165929278043,2.12227860096362,0.129803976546861,0.465237934626192,-0.0278497782355218,0.0616215428827832,-0.0367193280342627,-0.524272048551173,0.0237836175243591,0.00266255059458622,251.05996208443,264.637221134823
16.44,1.30177561809513,1.91937611995969,1.00192515175904,0.0365739859350135,-0.0806848318658488,2.11700940813865,0.135004040990572,0.470455008197596,-0.0287263989453141,0.0724724516810525,-0.0344462790007962,-0.524254262321142,0.0215240200121011,0.00495312789184695,251.049962746016,264.621670140412
16.45,1.29700969536992,1.91810499367544,1.00192977012907,0.0377724650772599,-0.08082427125295,2.11174102089643,0.140192099289355,0.475806621686571,-0.0296534880372527,0.0833140439689507,-0.0321480450243173,-0.524229610805363,0.0215240200121011,0.00495312789184695,251.041847490738,264.608805522722
16.46,1.29216493950445,1.91687438257877,1.00193168259272,0.0390742257036889,-0.0809204213794203,2.10647410218278,0.145025400047047,0.481183066764094,-0.0306288640813273,0.0928960506047848,-0.026783422494839,-0.524199688458538,0.0190231036169642,0.0120717143815635,251.035766295657,264.598760076014
16.47,1.28724194780761,1.91568287018069,1.00193093689803,0.0404718921682645,-0.0809558200243239,2.10120948606443,0.149838456721261,0.486712241780006,-0.0316497829218768,0.102458155167956,-0.0213967022004115,-0.524166268968766,0.0190231036169642,0.0120717143815635,251.031678278961,264.591455256815
16.48,1.28224126585003,1.91452871787882,1.00192758977008,0.0419588963960566,-0.0809112961201564,2.09594816187737,0.154166567108692,0.492275998592306,-0.0327073557699196,0.110677079290462,-0.0118817044448494,-0.524131268055383,0.016378933122668,0.0216834430770488,251.02969829465,264.586966227048
16.49,1.27716372328264,1.91340974630863,1.00192175330371,0.0435270920168246,-0.080763648304912,2.0906913752693,0.158459407029719,0.498007307044964,-0.0338017971161179,0.118861608775576,-0.00234768792334472,-0.52409680536604,0.016378933122668,0.0216834430770488,251.029707146598,264.585110677566
16.5,1.27200981432214,1.91232393017102,1.00191350638666,0.0451692583355125,-0.0804932815025634,2.0854403406707,0.162234737993995,0.503780785428571,-0.0349178918050055,0.1256285180335,0.0114321088420021,-0.524064893176001,0.0136148933246661,0.0315789300985758,251.031787749084,264.585908887483
16.51,1.26678035558008,1.91126876237789,1.0019029811513,0.0468765295333906,-0.0800764552164094,2.08019656038397,0.165951563178917,0.509733521321867,-0.0360596184281251,0.132346006251835,0.0252279493447613,-0.524037684582586,0.0136148933246661,0.0315789300985758,251.035791053259,264.589127333535
16.52,1.26147564998605,1.91024222643172,1.00189026212262,0.0486410614161765,-0.0794967938535145,2.07496132879552,0.169200250044623,0.515733255401132,-0.0372093150161571,0.137575303148265,0.0425785204899717,-0.524016943437191,0.0107374186546998,0.0398653344063407,251.041768565305,264.594735813952
16.53,1.25609631825693,1.90924186412248,1.00187547959908,0.0504533542520598,-0.0787344683488832,2.06973619889875,0.172359250186554,0.521921002499297,-0.0383723902271644,0.142742514860858,0.0599421895279379,-0.524004447545205,0.0107374186546998,0.0398653344063407,251.049570945255,264.602487330905
16.54,1.25064235940116,1.90826593212811,1.00185871969666,0.05230511742016,-0.0777795234326117,2.06452234188196,0.175171517911157,0.528159476828646,-0.0395350141697661,0.146373418488666,0.0794586248084218,-0.52400133499248,0.00778474416634845,0.0448771923167255,251.059217729005,264.612309474593
16.55,1.24511404478663,1.90731236422239,1.00184010524387,0.0541864599178713,-0.0766199503304216,2.05932109262165,0.177856668605974,0.534591901903281,-0.0406995500766103,0.149934490462917,0.0989851134593706,-0.52400859842206,0.00778474416634845,0.0448771923167255,251.070575939676,264.623970703075
16.56,1.23951011395869,1.90638154214406,1.00181965969858,0.0560891231527154,-0.0752712770011391,2.05413233473536,0.180784797039036,0.541081542633502,-0.0418817039824176,0.151970830887393,0.115019778583193,-0.524025584689132,0.00485320674823384,0.0366829237317709,251.083678031971,264.637416810222
16.57,1.2338293082823,1.90547409500313,1.00179742378356,0.0580036165667486,-0.0737526064236753,2.04895567020857,0.183546784766447,0.547770521801655,-0.0430636017124043,0.153949783021761,0.131060919256877,-0.524051132170878,0.00485320674823384,0.0366829237317709,251.09859816613,264.652655584159
16.58,1.22807028204919,1.90459040657449,1.00177343425572,0.0599226062440409,-0.0720829447918881,2.04379058317772,0.18659933002199,0.554532605221907,-0.0442609454903104,0.154544944751934,0.142859207569201,-0.524083904130909,0.00217784685309816,0.0267450420169665,251.11533555834,264.669631342366
16.59,1.22223164167082,1.90373121702029,1.00174773853107,0.0618376979814469,-0.0702856098112587,2.03863619325965,0.189453518154838,0.561496194313638,-0.0454588287217328,0.155097807730819,0.154660455530814,-0.524122107751652,0.00217784685309816,0.0267450420169665,251.134005181394,264.688430242589
16.6,1.21631259195266,1.90289661335237,1.0017204363967,0.0637383322717093,-0.0683773979374134,2.03349187685671,0.192512561124648,0.568456716991453,-0.046664856844058,0.153481222966294,0.162731616737894,-0.524164028064007,-0.00210135301815843,0.018022033684793,251.15453823641,264.70896132672
16.61,1.21031238362514,1.90208706167641,1.0016916423665,0.065612053547594,-0.0663789378138289,2.0283566622072,0.195349245075517,0.575617022671912,-0.0478675707179012,0.151835404698144,0.170800264378954,-0.524207540542535,-0.00210135301815843,0.018022033684793,251.176974608646,264.731267271811
16.62,1.2042308667575,1.9013023154491,1.00166153139068,0.0674445474537551,-0.0643036193658067,2.02322991990088,0.198281712617209,0.582683548949659,-0.0490655963355972,0.147128053565458,0.175929045341139,-0.52425072769139,-0.00819171075293002,0.0111654075878751,251.201174810312,264.755216499493
16.63,1.19806806387476,1.90054250180108,1.00163029971041,0.0692186471542218,-0.0621679122030617,2.01811071784781,0.200975104212002,0.589942769996712,-0.0502495874392748,0.142401449790949,0.181047715284086,-0.524291327677902,-0.00819171075293002,0.0111654075878751,251.22707413169,264.780773483855
16.64,1.19182401949353,1.8998068948166,1.00159816679237,0.0709215148751885,-0.0599819907121708,2.01299845195611,0.203664898377637,0.597124201285628,-0.0514137620284854,0.134897340381251,0.183985792779064,-0.524327698302658,-0.013728113569897,0.00610248511295529,251.254482894403,264.807782423328
16.65,1.18549897982247,1.89909508650842,1.00156537215117,0.0725376863982762,-0.0577583288586513,2.00789227908158,0.206104252789748,0.60448481483316,-0.052552417173586,0.127381198943789,0.186906850731837,-0.524357999977683,-0.013728113569897,0.00610248511295529,251.283276198341,264.836166867131
16.66,1.17909292497335,1.89840587281473,1.00153215931733,0.0740586137989475,-0.0555044070036485,2.00279164001825,0.208458817105876,0.611838757431717,-0.053659915856927,0.118008862024688,0.188285799103392,-0.524381185736954,-0.0174286248142822,0.00254613155327493,251.313227098641,264.865748572705
16.67,1.17260600158366,1.89773829103584,1.00149878647015,0.0754739974854615,-0.0532293159813248,1.99769580368578,0.210555371512571,0.619352858238663,-0.054733524479763,0.108629578026988,0.189643040986131,-0.524396151883695,-0.0174286248142822,0.00254613155327493,251.344171863072,264.896419131647
16.68,1.1660380317987,1.89709074033015,1.00146550823887,0.0767803837806438,-0.050938385748347,1.99260427209964,0.212504405704104,0.626945028282533,-0.0557705531843871,0.0985038526340457,0.18996229257411,-0.52440253984301,-0.0189132351628918,0.00017597149113271,251.375857488044,264.927975778755
16.69,1.1593889385,1.89646178321947,1.00143258685055,0.0779736419305461,-0.0486379952353415,1.98751643629348,0.214190518412079,0.634674737899092,-0.056770081806153,0.0883747236469777,0.190257833790695,-0.524400033703759,-0.0189132351628918,0.00017597149113271,251.408093156933,264.960277440838
16.7,1.15265840173881,1.89584953577419,1.00140027899077,0.0790548784530596,-0.0463317988447514,1.98243187093744,0.215682454357982,0.642554232287598,-0.0577330117473915,0.0784975365773849,0.189898044898193,-0.52438888091884,-0.0184041635784726,-0.00129814282827767,251.440611800738,264.993097619979
16.71,1.145846131882,1.89525220935148,1.00136884151635,0.0800254955145642,-0.0440240679279836,1.97735008907984,0.216908425791397,0.650547210843578,-0.058659555772249,0.068619404173145,0.189514967542372,-0.524369425411332,-0.0184041635784726,-0.00129814282827767,251.473206862714,265.026264917013
16.72,1.1389517362539,1.89466775065866,1.001338526425,0.0808899506057124,-0.0417171731481542,1.9722707424061,0.217906669608359,0.658736137857721,-0.0595533744415135,0.0597282057435741,0.188757961649733,-0.524342347851368,-0.0164286549501208,-0.00211809188777987,251.505609417308,265.059534340369
16.73,1.13197479324028,1.89409414859809,1.0013095787535,0.0816537135159452,-0.0394137863524364,1.96719345734873,0.218637227942631,0.667014954354401,-0.0604156278442549,0.0508377450029469,0.187979889599798,-0.524308442655737,-0.0164286549501208,-0.00211809188777987,251.537609404515,265.092711999978
16.74,1.12491491854044,1.89352927608076,1.00128224077738,0.0823232142383825,-0.0371153125898584,1.96211795974727,0.219116823712087,0.675508212270505,-0.0612513779808024,0.0433666942019924,0.187028212806857,-0.524268631765068,-0.0135920235280559,-0.00247697412144486,251.568947062388,265.125542952055
16.75,1.11777165776618,1.89297101084416,1.00125674109307,0.08290631462937,-0.0348232396456769,1.95704397458086,0.219327948640241,0.6840696123948,-0.0620625104354239,0.0358974972465429,0.186058770096643,-0.524223946127937,-0.0135920235280559,-0.00247697412144486,251.598977120177,265.157357979184
16.76,1.11054470425613,1.89241722233931,1.0012332977738,0.0834101810689064,-0.0325382650093812,1.95197129319049,0.219272812142287,0.692840276734653,-0.0628519501458887,0.0300082000686966,0.185052621595955,-0.524175409613803,-0.0104381129395356,-0.0025249571083367,251.624130477402,265.184417094024
16.77,1.10323366126274,1.89186576144928,1.00121208237091,0.0838435646099187,-0.0302610276514761,1.94689972040153,0.218949057205788,0.701660022874608,-0.0636194900212725,0.0241216850327413,0.184032484391624,-0.524124137197788,-0.0104381129395356,-0.0025249571083367,251.644310225728,265.206604697564
16.78,1.09583834861069,1.89131453943358,1.00119323992606,0.0842134259771607,-0.0279917255176149,1.94182910081457,0.218349692315641,0.710666864332352,-0.0643671724582114,0.019767749649063,0.183063996550614,-0.524071096249636,-0.00738138667841386,-0.00237591666199721,251.659803998826,265.224201729404
16.79,1.08835848937095,1.89076143703501,1.00117686896651,0.0845282558622017,-0.0257304161277744,1.93675930006435,0.217481982980415,0.719706673937682,-0.0650959552388962,0.0154169779654119,0.18208520081546,-0.524017306560371,-0.00738138667841386,-0.00237591666199721,251.670982779444,265.237570029356
16.8,1.08079404934749,1.89020443162784,1.00116304969906,0.0847941911288484,-0.0234769644000752,1.93169020353193,0.216333664838543,0.728901394429824,-0.0658076655324486,0.0124156805878851,0.181210137465021,-0.523963586922184,-0.00469155125306506,-0.00211379142986011,251.67814093056,265.246987448207
16.81,1.07314490229879,1.88964146600109,1.0011518209448,0.0850187108313117,-0.0212310556456219,1.92662172029483,0.214917542892069,0.738115830468639,-0.0665039412930418,0.0094174871423772,0.180328001835107,-0.523910784927506,-0.00469155125306506,-0.00211379142986011,251.681644878798,265.25280340368
16.82,1.06541115879733,1.8890705918486,1.00114320914098,0.0852068052355223,-0.0189923530799922,1.92155376466173,0.213218911883919,0.747448977707892,-0.0671862416867397,0.00751503365954365,0.179575164606462,-0.523859532401829,-0.00250851435658806,-0.00179908769421518,251.681786113361,265.255287198566
16.83,1.05759284943064,1.88848982732064,1.0011372050562,0.0853645507415639,-0.0167603305398165,1.9164862742052,0.211253166371879,0.756791117349325,-0.0678564232914541,0.0056153523097807,0.178817874167527,-0.523810469751564,-0.00250851435658806,-0.00179908769421518,251.678913362345,265.254766492637
16.84,1.04969021371543,1.88789729572222,1.00113379078122,0.0854957046637047,-0.0145345499479949,1.91141918195716,0.20900512120915,0.766216311794671,-0.0685155741285571,0.00453911420806917,0.178196790656741,-0.523764033326766,-0.000868659373580324,-0.00147371948521755,251.673308339175,265.251498918227
16.85,1.04170342672358,1.88729109073826,1.00113291863193,0.085604837533286,-0.0123143929337175,1.90635244205925,0.206490712978157,0.775641838964938,-0.0691654307071557,0.00346518321004974,0.177573214330987,-0.523720652669578,-0.000868659373580324,-0.00147371948521755,251.66529387308,265.24578554648
16.86,1.03363283234363,1.88666939813403,1.00113453417824,0.0856945551723032,-0.0100993935223068,1.90128599821655,0.20369555592087,0.785118338499978,-0.0698067781665927,0.00296077283675771,0.177080346827416,-0.523680580985553,0.000264990984239693,-0.00116505076133423,251.655137116167,265.237870790575
16.87,1.02547872599646,1.886030379196,1.00113855893467,0.0857680231973032,-0.00788892531658381,1.89621981232182,0.200634789901027,0.794588070391108,-0.0704410548395021,0.00245817198757652,0.176586335797973,-0.523644054713781,0.000264990984239693,-0.00116505076133423,251.643131005813,265.228027766808
16.88,1.01724152769846,1.8853722700217,1.00114490847126,0.0858268800169493,-0.00568254468535234,1.89115383293899,0.197295585870972,0.804081923220677,-0.0710688404390092,0.0023120943866514,0.176209998555106,-0.523611168889554,0.000974176778953066,-0.000889293427547807,251.629525110144,265.216486699961
16.89,1.00892162329185,1.88469328745442,1.00115347959136,0.0858731119810596,-0.00347967233354109,1.88608802375613,0.193691493210998,0.813562994370338,-0.0716912441535218,0.00216736009441459,0.175833357048379,-0.523581996755122,0.000974176778953066,-0.000889293427547807,251.614581528147,265.203493629198
16.9,1.00051948092791,1.88399170527777,1.00116416345115,0.0859076214081603,-0.00127991799322223,1.88102233443748,0.18981160975843,0.82304711246768,-0.0723087474214164,0.00221741188462,0.175557496392565,-0.523556506752282,0.00136113950207691,-0.000654371310100358,251.598530136165,265.189264047882
16.91,0.992035545946895,1.88326578264549,1.00117683714349,0.0859314982501907,0.000917218683949881,1.87595672693522,0.185667506744526,0.832513122442109,-0.0729222045156412,0.00226840571394473,0.175281785376305,-0.52353464494599,0.00136113950207691,-0.000654371310100358,251.581603134937,265.174018887502
16.92,0.983470309594386,1.8825138194342,1.00119137239073,0.0859451445378104,0.00311205886295364,1.8708911499738,0.181250304572204,0.84196661553026,-0.0735321053685331,0.00240461266590652,0.175088764859521,-0.523516286444173,0.00152989048247254,-0.000462316801809507,251.564009452842,265.157958160734
16.93,0.97482424823734,1.88173410458618,1.00120763090603,0.0859490418313492,0.00530500994615955,1.86582556214644,0.176569497987441,0.851397057438551,-0.0741391793899472,0.00254143692844942,0.174896088180666,-0.523501286832312,0.00152989048247254,-0.000462316801809507,251.545953206236,265.141279941437
16.94,0.966097855694892,1.88092495437883,1.00122546958279,0.0859433025992505,0.00749631973850175,1.86075991052411,0.171618143280823,0.860804136980978,-0.0747440231701001,0.00270045582915211,0.174768621822258,-0.523489459335557,0.00157326197482749,-0.000311236532452588,251.527621636482,265.124167837612
16.95,0.957291615485592,1.88008467684966,1.00124473871439,0.0859280571805221,0.00968630157876149,1.85569415010689,0.166403753566714,0.870183398507857,-0.075347384163356,0.00285984157693082,0.174641545129786,-0.523480602838158,0.00157326197482749,-0.000311236532452588,251.509192878821,265.106798973151
16.96,0.948406008603546,1.87921159718574,1.00126528471569,0.0859032969533728,0.0118751336512853,1.85062822653025,0.160921125023645,0.879532110859293,-0.0759500469016369,0.00301556822421301,0.174563924202754,-0.523474496301973,0.00156537941017945,-0.00019687548534832,251.490832019596,265.089339656258
16.97,0.939441507434983,1.87830403412043,1.0012869502141,0.085869006486649,0.0140630426519937,1.8455620918756,0.155176000416133,0.888848294562346,-0.0765529023022943,0.0031714760582986,0.174486678747685,-0.523470910767658,0.00156537941017945,-0.00019687548534832,251.47269321649,265.071947411581
16.98,0.930398569724982,1.87736031638151,1.00130957526989,0.0858251756648317,0.016250145855898,1.84049569112898,0.149164665843359,0.898129281900721,-0.0771569801777695,0.00332419724256472,0.174445438356841,-0.523469613389568,0.00155876310006008,-0.000113807911954638,251.454919323328,265.054770338113
16.99,0.921277644103619,1.87637876730157,1.00133299844209,0.0857717889992748,0.0184365956689173,1.83542897462608,0.14289136278611,0.907373036091912,-0.0777634057951826,0.00347696688278208,0.174404561458049,-0.523470370111931,0.00155876310006008,-0.000113807911954638,251.437642222996,265.037947212437
17,0.91207915895422,1.87535771559559,1.00135705729846,0.0857089070886532,0.020622459667941,1.83036188775255,0.13635360301309,0.916578459927354,-0.078373483671757,0.00364285195720716,0.174388726120842,-0.523472953224992,0.00158499383067642,-5.62956536158088e-05,251.42098279737,265.021607207689
17.01,0.902803531589382,1.87429548512281,1.00138158974166,0.0856366022213346,0.0228078304321702,1.82529438044328,0.129554411155526,0.925741952012259,-0.0789886237551628,0.00380869430017483,0.174373281694743,-0.523477140050384,0.00158499383067642,-5.62956536158088e-05,251.405052079509,265.00587081871
17.02,0.893451158278953,1.87319040243777,1.00140643437887,0.0855550374390265,0.024992737665434,1.82022639955766,0.122492272545863,0.934864653402004,-0.0796104068755591,0.00401082650359053,0.174374315426185,-0.523482719688168,0.00165776807996293,-1.88633804861305e-05,251.389949585629,264.990847897653
17.03,0.884022421520289,1.87204078945601,1.00143143161014,0.0854644112283146,0.0271772286384033,1.81515789590786,0.11516926623179,0.943940760270661,-0.0802405392034707,0.00421285680036613,0.174375822837386,-0.523489491512135,0.00165776807996293,-1.88633804861305e-05,251.375766730107,264.97664093422
17.04,0.874517685041486,1.87084496941015,1.00145642420834,0.0853649900971899,0.0293613063090635,1.81008881875991,0.107584626694464,0.952973679049487,-0.0808808555155756,0.00447443728007355,0.174387392881084,-0.523497268495636,0.00177722007645971,3.36021926627993e-06,251.362582611451,264.963340474169
17.05,0.864937295930448,1.86960126094832,1.00148125788108,0.0852570996882477,0.0315449858628901,1.80501912086062,0.0997397284879827,0.961955419586911,-0.0815333374901075,0.00473588131297898,0.174399574674139,-0.52350587783202,0.00177722007645971,3.36021926627993e-06,251.350470175389,264.95103128203
17.06,0.85528153885196,1.8683081839681,1.00150578879638,0.0851410898688325,0.0337264133179803,1.79994859747569,0.0916800590798522,0.970891363493051,-0.082200150264745,0.00507642640650542,0.174006885181308,-0.523515156677915,0.00193456603010582,-0.000942932468096844,251.33948592226,264.93978145138
17.07,0.845550669753486,1.86696430020788,1.00152987904469,0.0850174101619092,0.035903334459716,1.79487701317215,0.0833608147298366,0.979771907625397,-0.0828836441737947,0.00541829285297935,0.173615025672696,-0.52352495839612,0.00193456603010582,-0.000942932468096844,251.329671809598,264.929644152096
17.08,0.835744851182836,1.86556855344391,1.00155341013504,0.0848864939417401,0.0380700261857558,1.78980384052226,0.0749241436750432,0.988603886381735,-0.0835859336880563,0.00585408837168411,0.171954280419426,-0.523535140046503,0.00211591317870696,-0.003906191386509,251.321059028142,264.920661507794
17.09,0.8258641956504,1.86412003094741,1.00157627495757,0.084748930816246,0.0402195050082226,1.78472845115725,0.066229456303196,0.997376919051517,-0.0843098899665152,0.00629576865218486,0.170294663614459,-0.523545573921452,0.00211591317870696,-0.003906191386509,251.313641929957,264.912837140188
17.1,0.815908803269949,1.86261789764449,1.0015983766586,0.0846052714216617,0.0423442370352631,1.77965017676363,0.0574653070148323,1.00609839897163,-0.0850566672662059,0.00684013564563377,0.166960894596875,-0.523556136094914,0.00230436802157878,-0.00781639657421199,251.307433004623,264.90619365816
17.11,0.805878713413634,1.86106152041285,1.00161963271832,0.0844562469269443,0.0444350244660982,1.77456821649774,0.0484471988763736,1.01475786963528,-0.0858295942566971,0.00739640950473527,0.163628558014432,-0.523566715071679,0.00230436802157878,-0.00781639657421199,251.302396806009,264.90070338646
17.12,0.795774003984188,1.8594501321506,1.00163996354239,0.0843025199495177,0.0464842069112304,1.76948190880116,0.039368676407076,1.02336235260338,-0.0866285448925715,0.00805582415140341,0.158592162303757,-0.523577202669743,0.00248158622211072,-0.0117975357631733,251.298532471426,264.896374703507
17.13,0.785594690125419,1.85778318776709,1.00165930467889,0.084144929667205,0.0484824301760682,1.7643904587237,0.030043501298603,1.03190211695891,-0.0874570336065686,0.00873327840287941,0.153557461775753,-0.523587499535095,0.00248158622211072,-0.0117975357631733,251.295790179624,264.893164539601
17.14,0.775340851824294,1.85605987813128,1.00167759017389,0.0839842172944763,0.0504232101449157,1.75929332349009,0.0206378963601704,1.04038293410094,-0.0883139803412487,0.00950514801977949,0.147079137450993,-0.523597510050834,0.002629891057795,-0.0151716480980208,251.294159245164,264.891070561702
17.15,0.765012510947651,1.85427960359936,1.00169476846745,0.0838212731827489,0.0522986280003064,1.75418984904495,0.0109962324177156,1.04879658847779,-0.0892025129740119,0.0103002571881607,0.140602707186209,-0.523607144407555,0.002629891057795,-0.0151716480980208,251.293586349618,264.890045566058
17.16,0.754609760069406,1.85244144637484,1.00171078459782,0.0836568663243706,0.0541042447470386,1.74907968324681,0.0012355862151745,1.05714687172149,-0.090121278748268,0.011172393789411,0.133136755215203,-0.523616318618428,0.00273441952012835,-0.0174862540024325,251.294053073312,264.890078608648
17.17,0.744132642696535,1.85054466105702,1.00172559625948,0.083491870203982,0.055834638527446,1.74396239945054,-0.00874774521720229,1.06542775583291,-0.0910723799606855,0.0120713402895182,0.125672827419644,-0.523624953229989,0.00273441952012835,-0.0174862540024325,251.295509380725,264.891125376577
17.18,0.73358126342021,1.84858819575578,1.0017391575017,0.0833270240244756,0.0574878357487081,1.73883786723843,-0.0188967122471854,1.07364055125902,-0.0920548469958216,0.0130230108019357,0.1177672274307,-0.523632978121343,0.00278488442734949,-0.0185221549388588,251.297930347783,264.89316753834
17.19,0.722955689026478,1.84657111871454,1.00175143271747,0.0831631167912843,0.0590614250176167,1.73370592497507,-0.0292530788857177,1.08178188530276,-0.093069353356941,0.0140030936885873,0.109863718894098,-0.523640328639067,0.00278488442734949,-0.0185221549388588,251.301273296721,264.896167853534
17.2,0.712256027795753,1.84449225374199,1.00176238343592,0.0830008034342569,0.0605559066928067,1.72856665863092,-0.0398205802128371,1.0898503622989,-0.0941156795789867,0.0150073222280463,0.102068440120509,-0.523646953224477,0.00277667410144606,-0.0182743956273114,251.305507541241,264.900101278843
17.21,0.701482361760388,1.8423504868472,1.00177197891296,0.0828407313097037,0.0619718902942042,1.72342016559796,-0.0505793245285343,1.09784547257111,-0.0951930790293511,0.0160395887949961,0.0942752681398398,-0.523652808534135,0.00277667410144606,-0.0182743956273114,251.310600132836,264.904939990639
17.22,0.690634783238059,1.84014460307352,1.00178018404666,0.0826834266746387,0.063311582525178,1.71826667769244,-0.0615753399871206,1.10576320843809,-0.0963002558964233,0.017066458345985,0.0869693517598072,-0.523657884252287,0.00271131591780292,-0.0171421792203626,251.313470190022,264.907464247209
17.23,0.679713369200289,1.83787340749937,1.00178694477809,0.0825293596947786,0.0645776775341986,1.71310646669626,-0.0727466649851372,1.11360587356615,-0.097432493986531,0.0181195621663578,0.0796658634627048,-0.523662195945428,0.00271131591780292,-0.0171421792203626,251.313209194362,264.906725634194
17.24,0.668718105081648,1.83553628985372,1.00179220998576,0.0823788929590145,0.0657682462944581,1.70793942132709,-0.0840369659565793,1.12136749623717,-0.0985850060316456,0.0191419484890504,0.0719258526007665,-0.523665729040767,0.00259589583133113,-0.0181671951726988,251.310298371487,264.90323007598
17.25,0.657648953506417,1.83313276203145,1.00179591432814,0.0822323551025398,0.0668809247176415,1.70276539719227,-0.0954877003730111,1.1290532409815,-0.0997548470105156,0.0201920779309589,0.0641885696630161,-0.523668461242414,0.00259589583133113,-0.0181671951726988,251.305220356141,264.897485299482
17.26,0.646505782597553,1.83066302084,1.00179800852198,0.0820900373354613,0.0679078649032439,1.6975838007267,-0.106895126964522,1.13665568446196,-0.10093383469421,0.0211946822166508,0.0546938747100921,-0.523670327054776,0.0024394765308586,-0.0222766980255136,251.298447721223,264.889988768943
17.27,0.635288425905938,1.82812754140387,1.00179844557062,0.0819522447796507,0.0688394662736213,1.69239390236833,-0.118447507201584,1.14418253198141,-0.102121457258335,0.0222313060802583,0.0452021711903827,-0.523671239810373,0.0024394765308586,-0.0222766980255136,251.290455241501,264.881241043176
17.28,0.623996673929787,1.825527183008,1.00179718374179,0.0818193328648216,0.0696635151321371,1.68719476574943,-0.129831021127614,1.15162517626475,-0.103305067385247,0.0232114981971856,0.0329786780296454,-0.523671083921819,0.00224944411504852,-0.0286631525334178,251.281669769295,264.871693054523
17.29,0.61263027606326,1.82286321269962,1.00179419666188,0.0816917057939529,0.0703650738113186,1.68198524325461,-0.141340898524042,1.15899342289401,-0.104486922882757,0.0242355058565859,0.0207584359067843,-0.523669712558016,0.00224944411504852,-0.0286631525334178,251.272513184368,264.861791640728
17.3,0.601188991626946,1.82013689414066,1.00178944846209,0.081569885269605,0.0709303186370142,1.67676428949655,-0.152620670501666,1.16627747207425,-0.10565027117515,0.0251978622185878,0.00544630724604846,-0.523666977805669,0.00202811636526283,-0.0358934960621948,251.263341384789,264.851915253816
17.31,0.589672539666025,1.81734996730778,1.0017829259697,0.0814544473192761,0.0713423430864182,1.67153061995476,-0.164003158283769,1.17348897644272,-0.106799794476606,0.0262151370595658,-0.00986239825463142,-0.523662697250915,0.00202811636526283,-0.0358934960621948,251.254496798571,264.84242940434
17.32,0.578080684564013,1.81450383457755,1.00177459965326,0.0813461190245713,0.0715886201492091,1.66628331851944,-0.175160960463225,1.18061666415949,-0.107917147488731,0.027163988092905,-0.0279753522372953,-0.523656719305742,0.0017718587146704,-0.042454671580199,251.246252193676,264.833627319149
17.33,0.566413157735059,1.81160037221386,1.00176446500939,0.0812456526285278,0.0716538264706885,1.66102125104178,-0.186391922873641,1.18767406855607,-0.109007644554027,0.0281778341029414,-0.0460849073809355,-0.5236488628874,0.0017718587146704,-0.042454671580199,251.238858779692,264.82578054855
17.34,0.554669748700388,1.80864090813987,1.00175250416865,0.0811539525312276,0.0715291403073468,1.65574381990177,-0.197457680261632,1.19464798791417,-0.110055328175579,0.0291105811830251,-0.0661743554564086,-0.52363900615583,0.00147264014963166,-0.0470907364439778,251.232505164014,264.819095497345
17.35,0.542850225513161,1.80562717694459,1.00173872363039,0.0810718865858532,0.0712037648154863,1.6504502705246,-0.208561492305586,1.20155410876855,-0.111063333155572,0.0301154390934034,-0.0862606808697503,-0.523627011315893,0.00147264014963166,-0.0470907364439778,251.227350091485,264.813747640209
17.36,0.530954538803725,1.80255852814875,1.00172307776624,0.0810005070066865,0.0706899953381504,1.64514172557627,-0.219986563350273,1.20837588658265,-0.112042834784912,0.031012658786024,-0.103620707415366,-0.52361298807055,0.00112118821487333,-0.0407238061386306,251.223503711632,264.809861452617
17.37,0.518982647862113,1.79943419388262,1.00170553347511,0.0809405524667543,0.0700028422797925,1.63981951008802,-0.231409571038728,1.21513039516447,-0.112979067648508,0.031972198782191,-0.120978213046877,-0.523597104707253,0.00112118821487333,-0.0407238061386306,251.221051744136,264.807533572847
17.38,0.506934500440164,1.79625306081701,1.00168604713195,0.0808927428718466,0.0691619233840434,1.6344853063759,-0.243297729379314,1.22179840796807,-0.113889713957958,0.0327842277737897,-0.133978484496426,-0.523579610788729,0.000714711475349998,-0.0305455236530476,251.220093037215,264.806872632421
17.39,0.494810064479702,1.79301368329333,1.00166458076632,0.0808573641398846,0.068191195410547,1.62914112430704,-0.255148386787242,1.22839942831808,-0.114759268236334,0.033642924936277,-0.146976877561646,-0.52356084229948,0.000714711475349998,-0.0305455236530476,251.220751844968,264.808010641775
17.4,0.482609230513325,1.78971539466215,1.00164112263748,0.0808344934363591,0.0671087932285951,1.62378848236138,-0.267396127359342,1.23490931387744,-0.115600692795048,0.0342839369803547,-0.155949174573721,-0.523541103642375,0.000197887000308095,-0.0211425884990018,251.223116441183,264.811039711196
17.41,0.470331915362898,1.78635719176928,1.00161566480717,0.080823732029881,0.0659368569563865,1.61842920327837,-0.279579272772161,1.24135312979337,-0.116405153387019,0.0349571476012957,-0.164920253378819,-0.523520781052282,0.000197887000308095,-0.0211425884990018,251.227339631169,264.816116431057
17.42,0.457978045177405,1.78293901231656,1.00158825119208,0.0808236335905516,0.0646899258670824,1.6130644793509,-0.292047301117764,1.24768274225832,-0.117179459295436,0.03514491312174,-0.170665524208246,-0.523500242776566,-0.000829138605844127,-0.0136093227590197,251.233472025893,264.823288394124
17.43,0.445547597844195,1.77946051072895,1.00155893227283,0.0808320621777852,0.06338573325085,1.60769574932997,-0.304431445674173,1.25394785177493,-0.117918765667187,0.0353532560475251,-0.17641072611834,-0.52347993936535,-0.000829138605844127,-0.0136093227590197,251.241630572122,264.83266949618
17.44,0.433040480332318,1.77592216581661,1.00152780753498,0.0808469674918851,0.0620351123716224,1.60232388452918,-0.316993157496428,1.26009398854788,-0.118626247029376,0.0349999727784003,-0.179750678848386,-0.523460233588595,-0.00198803403883185,-0.00799125458657745,251.251816205937,264.84425033051
17.45,0.420456661203596,1.77232423598913,1.00149498558473,0.0808655874404332,0.0606512690842156,1.59694994253759,-0.329458112235875,1.26617710421693,-0.119299811090673,0.0346585597619404,-0.183091791466975,-0.523441549391974,-0.00198803403883185,-0.00799125458657745,251.264087046784,264.858078839298
17.46,0.407795993280863,1.76866762909251,1.00146061560328,0.0808860126834674,0.0592418481417426,1.59157452621099,-0.342011975153117,1.27215038347328,-0.119941125925056,0.0338306320703453,-0.184731386861652,-0.523424174247816,-0.0029810166975186,-0.00401492892035919,251.278390144019,264.874085496871
17.47,0.395058387612454,1.76495308993811,1.00142485720697,0.0809057431037315,0.0578161695787604,1.5861983718897,-0.354461107015401,1.27806164125215,-0.120549954261177,0.0330083749725982,-0.18637314413965,-0.523408430178159,-0.0029810166975186,-0.00401492892035919,251.294717734478,264.892246719091
17.48,0.382243621650531,1.7611818460792,1.00138790059884,0.0809235566969509,0.0563793475535486,1.58082187322375,-0.366930918010843,1.28388185306952,-0.121127889753959,0.0318835199084548,-0.186871280864831,-0.523394482385989,-0.0035947275401792,-0.001340004251117,251.312965230586,264.912437313209
17.49,0.369351517048233,1.75735500976173,1.00134994607507,0.0809378607953909,0.0549376248116174,1.57544551444877,-0.379291584562141,1.28964048422339,-0.121676135061799,0.0307601472796315,-0.187372142436553,-0.523382506177642,-0.0035947275401792,-0.001340004251117,251.333063580481,264.934569283154
17.5,0.356381767801104,1.75347403715086,1.00131121543902,0.0809484431025056,0.0534942082561852,1.57006953282611,-0.391622859723886,1.29533209380078,-0.122197012766171,0.029579577831725,-0.187150793686536,-0.523372527579401,-0.00370984971182029,0.000351495176773922,251.354862892622,264.958470724198
17.51,0.343334090808357,1.74954030706357,1.0012719386576,0.0809549932514314,0.0520530254194692,1.56469422304578,-0.403843051710374,1.30096218883066,-0.122693012681102,0.0283978549845209,-0.186932179599432,-0.523364563349397,-0.00370984971182029,0.000351495176773922,251.378243400384,264.984002523697
17.52,0.330208100811413,1.74555543365996,1.0012323600138,0.0809584080841875,0.0506159076648406,1.55931970916723,-0.415998593499782,1.30655033060715,-0.123167484121828,0.0274186981794145,-0.186297627895151,-0.523358510200502,-0.00330073854297582,0.00132741812817376,251.403018425861,265.01095701645
17.53,0.317003410741131,1.74152098312538,1.00119272877077,0.0809597657188902,0.0491851140437463,1.5539461481164,-0.428042748980666,1.31207700539692,-0.123624111662579,0.0264369130573869,-0.185665249488942,-0.523354241785406,-0.00330073854297582,0.00132741812817376,251.429030001709,265.039158790981
17.54,0.303719570297886,1.7374386750619,1.00115330328046,0.0809609772583079,0.0477615294821813,1.54857358458707,-0.43999850627863,1.31758434261342,-0.124067191737184,0.0258907314155815,-0.18483116762522,-0.52335155399757,-0.00242333745898933,0.0018016165826607,251.456064106865,265.068375713411
17.55,0.29035610300693,1.73331020332433,1.00111434287524,0.0809643815635083,0.0463462636091134,1.54320207869901,-0.451843584943538,1.32303067252066,-0.124501449374851,0.0253412821408996,-0.183998192628537,-0.523350211033039,-0.00242333745898933,0.0018016165826607,251.483936710398,265.098409762337
17.56,0.276912514326638,1.72913735484005,1.00107611235493,0.0809726632816159,0.0449395878848728,1.5378316215547,-0.463585158606588,1.32847534670573,-0.124931801972197,0.0254030440318823,-0.183106764055854,-0.523349946127563,-0.00119436796659818,0.00193889759566208,251.512416045562,265.129015023473
17.57,0.263388262706479,1.72492190718446,1.00103887312795,0.0809891190675513,0.0435418630144873,1.53246220787731,-0.475217323530625,1.33386030051492,-0.125363743988161,0.0254614664584182,-0.182215000643897,-0.523350456709152,-0.00119436796659818,0.00193889759566208,251.541302684058,265.159982241671
17.58,0.249782832853676,1.7206656874598,1.0010028895333,0.0810168789461631,0.0421529961565455,1.527093794317,-0.486737167282492,1.33925501365142,-0.125802367071499,0.026231182862961,-0.181354913797214,-0.523351453552279,0.000233917697144469,0.00186260488324772,251.570356414169,265.19106136276
17.59,0.236095647426211,1.7163705250686,1.00096841817083,0.0810597900304201,0.0407728972106194,1.52172633362977,-0.498149126173986,1.34459244918853,-0.126253543127009,0.0269978374260445,-0.180492842997249,-0.523352611436571,0.000233917697144469,0.00186260488324772,251.599371284848,265.22204072132
17.6,0.222326364128347,1.71203825894161,1.00093573071725,0.0811192752103005,0.0394012842852848,1.51635976209881,-0.509444290065797,1.34990652057272,-0.126719694570533,0.0280959366875043,-0.179714463763463,-0.52335376674697,0.000901945572518851,0.00166235907449993,251.628100382178,265.25266718758
17.61,0.208474610161932,1.70767073467641,1.00090509029498,0.081197096567445,0.0380378059059841,1.51099400921608,-0.520632943212326,1.35516725867328,-0.127203499122421,0.0291913416021908,-0.178933356752079,-0.5233547453938,0.000901945572518851,0.00166235907449993,251.656312521398,265.282704870459
17.62,0.194540204983069,1.70326978629089,1.00087676756664,0.0812930011109765,0.0366820834250214,1.50562900269285,-0.531703143014181,1.3603732226622,-0.127704723686527,0.0302445000557819,-0.178261794683313,-0.523355509165618,0.000822625488516014,0.00140123318286794,251.683767806791,265.311908973863
17.63,0.18052297237765,1.69883725550731,1.00085101981557,0.0814067018763534,0.0353336236314797,1.50026466238146,-0.542667955827375,1.36553055582878,-0.128221484454799,0.0312953273903934,-0.177587651008483,-0.52335604668077,0.000822625488516014,0.00140123318286794,251.707762186138,265.33745412208
17.64,0.166422840396923,1.6943749641056,1.00082807852221,0.0815368368097295,0.0339920063340407,1.49490091521785,-0.553514451756243,1.37061407955779,-0.128748535044735,0.0320558259042021,-0.177031238432752,-0.523356441194556,0.000247383704844672,0.0011221530899511,251.726488232209,265.357450644367
17.65,0.152239769125373,1.68988474153937,1.00080813441416,0.081681761692556,0.0326566765003334,1.4895376798887,-0.564256420028327,1.37565366741446,-0.129280049849489,0.0328143395753651,-0.176472991168867,-0.523356791933318,0.000247383704844672,0.0011221530899511,251.740230632673,265.372197053184
17.66,0.137973750688438,1.68536839492442,1.0007913380425,0.0818395443307449,0.0313272077599999,1.48417488721812,-0.574881270463166,1.38061157307604,-0.129810090998512,0.0331540742678358,-0.176029255937408,-0.523357212771354,-0.000584810559358466,0.000852653066319911,251.749303276476,265.382021986022
17.67,0.123624824557379,1.68082773720726,1.0007778045242,0.0820078417230344,0.0300030366776755,1.47881246040218,-0.585402210602343,1.38552971476187,-0.130332228607591,0.0334922014217446,-0.175584710333137,-0.523357836374366,-0.000584810559358466,0.000852653066319911,251.754002787474,265.387235048502
17.68,0.10919301034117,1.67626456026314,1.00076760939717,0.0821846012445712,0.028683753821967,1.47345033716073,-0.595807792649052,1.39036717389135,-0.130840674372223,0.033382973972045,-0.175244564465846,-0.523358773405322,-0.00147473446807645,0.000609122243843761,251.754657834643,265.388178952589
17.69,0.0946783815007835,1.67168065995616,1.00076079819225,0.0823673303828711,0.027368822526367,1.46808844849254,-0.606109875603836,1.39516823163074,-0.131329198148024,0.0332725386946422,-0.174904679166832,-0.523360153602483,-0.00147473446807645,0.000609122243843761,251.751572941007,265.385170348838
17.7,0.0800809614785029,1.66707781428943,1.00075737955109,0.0825541825127806,0.0260578654479393,1.46272674040797,-0.616298577179619,1.39989568602239,-0.131792651877672,0.0327587494192951,-0.174655397892261,-0.523362062372541,-0.00227767488848119,0.000400030459724459,251.745081426371,265.378555791834
17.71,0.0654008271044947,1.66245780375944,1.00075733704527,0.0827429143150499,0.0247503951029139,1.4573651532284,-0.626384020496231,1.40458920490087,-0.132225584634719,0.0322441481872963,-0.174407330458857,-0.523364601022533,-0.00227767488848119,0.000400030459724459,251.735490149426,265.368653704156
17.72,0.0506379953031091,1.65782239481862,1.00076060914641,0.0829320798712274,0.0234460758917815,1.45200364139997,-0.636358042115113,1.40921948297056,-0.132620060232198,0.0314135987697401,-0.174234643774062,-0.523367863748948,-0.0029071383296454,0.000228316148116368,251.716141744197,265.348490833127
17.73,0.0357925357627816,1.65317335606761,1.0007670591734,0.0831199236757998,0.0221444825861971,1.44664215408222,-0.646228893817208,1.41381747341537,-0.132965234881604,0.0305827507744809,-0.174063920330622,-0.523371983072655,-0.0029071383296454,0.000228316148116368,251.686292723327,265.317279382905
17.74,0.020864712463232,1.64851241380182,1.00077648403364,0.0833028759846483,0.0208453215087226,1.44128065299267,-0.655989959370187,1.41830837898615,-0.133248997393337,0.0289623595394943,-0.173954070514232,-0.52337716861953,-0.00448383472676884,9.31706878191815e-05,251.648213799507,265.277387680101
17.75,0.00585489021823811,1.64384128600871,1.00078862434646,0.0834765838810341,0.019548201265603,1.43591909780772,-0.665647500871391,1.42276825800783,-0.133460208689995,0.0273423465298329,-0.173848022529098,-0.523383643916639,-0.00448383472676884,9.31706878191815e-05,251.603998783225,265.230999424651
17.76,-0.00923467490704042,1.63916140827155,1.00080331098512,0.0836169983144784,0.0182527912507291,1.43055746294242,-0.675195389396411,1.42668763154415,-0.133555762288278,0.0203803007278889,-0.173794935139236,-0.523392783836339,-0.0151622260131696,-8.21945676020634e-06,251.555554207302,265.180102920647
17.77,-0.0244011757563963,1.63447412715362,1.00082038298512,0.0836947450997693,0.0169584480675676,1.4251957376108,-0.684636860257676,1.43057794917149,-0.133495669133164,0.0134211425143744,-0.173758124109011,-0.523406242270997,-0.0151622260131696,-8.21945676020634e-06,251.504488540822,265.126361888599
17.78,-0.0396410430777446,1.62978062414524,1.00083966878572,0.0836731635142563,0.0156644691120235,1.4198339317235,-0.693966473057629,1.43365673344935,-0.133206988418827,-0.0016870656321369,-0.173775901139069,-0.523426060551379,-0.0314732008117057,-7.75689906354769e-05,251.45229840559,265.071316443162
17.79,-0.0549498329167779,1.62508192617805,1.00086104169728,0.0835074678247606,0.0143697111146276,1.41447208151205,-0.703184842445024,1.43669923641643,-0.132641683244208,-0.0167885696328273,-0.173828992505552,-0.523454705301813,-0.0314732008117057,-7.75689906354769e-05,251.4001150162,265.01610601901
17.8,-0.0703234710271791,1.6203790483222,1.00088428767525,0.0831583431548923,0.0130729095667188,1.4091102485554,-0.712287635262057,1.43885746161199,-0.131708007178963,-0.0406362243329021,-0.173941565539973,-0.523494241527721,-0.0490102254523636,-0.000112574750019095,251.349043202423,264.961834040345
17.81,-0.0857568733523674,1.61567281564208,1.00090924597617,0.0825777508445904,0.0117723437115333,1.40374852717032,-0.721273136259369,1.44095570434045,-0.130369201987401,-0.0644735305047994,-0.174109898649784,-0.523547176615526,-0.0490102254523636,-0.000112574750019095,251.299844937311,264.909228918368
17.82,-0.101249961795352,1.61096483268795,1.0009355578586,0.0817730110378668,0.0104662527499078,1.39838703551914,-0.730140704061081,1.44312328139668,-0.12864196495785,-0.0867025807707799,-0.174330015079919,-0.523612604738787,-0.0458048336659666,-0.000107217420779051,251.253323950602,264.859058615576
17.83,-0.116802577228881,1.6062566926926,1.00096289160757,0.080753044697744,0.0091529588831156,1.39302589622036,-0.738888976252323,1.44518391109607,-0.126531514864503,-0.108922415038574,-0.174602139922302,-0.523689445159225,-0.0458048336659666,-0.000107217420779051,251.210193317025,264.812013646711
17.84,-0.132415931922489,1.60155023953845,1.00099088198418,0.0795436811800294,0.007830945718331,1.38766524455131,-0.747519768506408,1.44766009671889,-0.12409728135671,-0.1254234454596,-0.174899159490734,-0.52377553720388,-0.0343476482632333,-5.7846533626353e-05,251.171060815183,264.768689494291
17.85,-0.148091574679544,1.59684739097076,1.001019184913,0.0781764509405972,0.00649900600007634,1.38230520964753,-0.756030252058032,1.44998334552885,-0.121364098510801,-0.141918062193938,-0.175234832549503,-0.523868337287122,-0.0343476482632333,-5.7846533626353e-05,251.136613174295,264.72979110975
17.86,-0.16383020555283,1.59214993474848,1.00104750843724,0.0766757224545247,0.00515613259092054,1.37694592655569,-0.764423619045034,1.45265133332313,-0.118384188105983,-0.153017767095906,-0.175565524496291,-0.523965721302162,-0.0235325851776639,3.09282091849263e-05,251.10725750047,264.695749392446
17.87,-0.179632885272181,1.58745973678561,1.00107558397328,0.0750712435801159,0.00380162824023801,1.37158752484387,-0.772694720274042,1.45513229001496,-0.115188649893934,-0.164113469013143,-0.175922268712306,-0.52406525017884,-0.0235325851776639,3.09282091849263e-05,251.083547411219,264.667169672783
17.88,-0.195499569633906,1.58277847182229,1.00110322782837,0.0733822804224735,0.0024349424546548,1.36623013549575,-0.780847587172857,1.45782183746707,-0.111816933048793,-0.170946620408894,-0.176250436303923,-0.524165155267131,-0.0149837777553436,0.000148189176922536,251.065667218896,264.644283906077
17.89,-0.211430517252596,1.57810787900064,1.0011302838463,0.0716323502682508,0.00105579002707384,1.36087388546044,-0.788875205446552,1.46030215392363,-0.108299691679476,-0.177777413590856,-0.176594689532195,-0.524263459529088,-0.0149837777553436,0.000148189176922536,251.053957358129,264.627500795801
17.9,-0.227425027282229,1.57344952009029,1.00115668881508,0.0698355542207334,-0.000336034061759819,1.35551889889967,-0.796781957998768,1.46286431573654,-0.104665756774802,-0.181491911572056,-0.17689503252424,-0.524358828967087,-0.00873194881047405,0.000280823290129629,251.048381961267,264.616842130833
17.91,-0.243482631376199,1.56880500438498,1.00118241047979,0.0680091018588699,-0.00174052046198796,1.35016529674671,-0.804559713070284,1.46520468270318,-0.100941872196795,-0.185205007267,-0.17720415791034,-0.524449814421938,-0.00873194881047405,0.000280823290129629,251.049041487481,264.612478864266
17.92,-0.259602120069286,1.56417579670921,1.0012075032522,0.0661627651449243,-0.00315763757986334,1.34481319369152,-0.812212765900761,1.46752622170851,-0.0971490044555285,-0.186762485136975,-0.177461763255267,-0.524535510616895,-0.00440696071901485,0.00041653119779954,251.055705360568,264.614237202662
17.93,-0.275782452837091,1.55956339389229,1.00123205365342,0.0643084661789723,-0.00458718632997053,1.33946270138359,-0.819732593833759,1.4696205356643,-0.0933087350616671,-0.188319034366852,-0.177723078544544,-0.524614965628009,-0.00440696071901485,0.00041653119779954,251.068249572416,264.622056052338
17.94,-0.292022050606767,1.55496918275827,1.00125622173912,0.0624526157276558,-0.00602898837535203,1.3341139228227,-0.827123054886981,1.47162189563321,-0.0894362618023109,-0.188465709932409,-0.177931475870044,-0.524687660585923,-0.00157867968635611,0.000545456267555365,251.086287816609,264.635597674194
17.95,-0.308319451123482,1.55039456922229,1.00128019808687,0.060603030214271,-0.00748273822122991,1.32876695776557,-0.834375821309454,1.47339556139611,-0.0855479899851824,-0.188611655267548,-0.178140243593608,-0.524753074539455,-0.00157867968635611,0.000545456267555365,251.109511153623,264.654602715881
17.96,-0.324672818324933,1.54584087933482,1.0013042295281,0.0587636263080025,-0.00894817886006476,1.32342189593415,-0.841494074460685,1.47502462732915,-0.0816540290815258,-0.187900891614105,-0.178299147790064,-0.524811025862149,0.000139076109225871,0.000660757800636448,251.135585895371,264.676686871594
17.97,-0.341080390775593,1.5413094473915,1.00132856184428,0.0569391737102904,-0.0104249598180657,1.31807882308351,-0.848470086020374,1.47642877130051,-0.0777609086310555,-0.187189481821307,-0.178456388934059,-0.524861408786023,0.000139076109225871,0.000660757800636448,251.158125495435,264.695213309129
17.98,-0.357540156844353,1.53680155073439,1.00135342634213,0.0551318061234105,-0.0119127931581549,1.31273781384935,-0.855306234439474,1.47765433577793,-0.0738704684017889,-0.186016565451416,-0.178569490286993,-0.524904355292349,0.00106372137440446,0.000758905575311528,251.177206726236,264.710304494344
17.99,-0.374050147897174,1.53231846618289,1.00137901994866,0.0533441148619356,-0.0134113248513011,1.3073989382718,-0.861995604585396,1.47865967662039,-0.0699854389473706,-0.184843147217647,-0.178679842161239,-0.524940016980476,0.00106372137440446,0.000758905575311528,251.19294689773,264.722119922692
18,-0.390608238847205,1.5278614319948,1.00140551773213,0.0515770022485762,-0.0149202684838067,1.30206225562389,-0.868539726711978,1.47946564624336,-0.0661060753352446,-0.18348077980639,-0.17875327953945,-0.524968697832732,0.0014418524014112,0.000838286429385594,251.205462212512,264.730812221265
18.01,-0.407212326269362,1.52343168001079,1.0014330635779,0.0498315558648389,-0.0164392934056949,1.2967278204933,-0.874932614823593,1.48005711746982,-0.0622331023480974,-0.182118086559586,-0.178823524410794,-0.524990723458887,0.0014418524014112,0.000838286429385594,251.214894597175,264.736555243288
18.02,-0.423860217546407,1.51903041712461,1.00146177729475,0.0481078666590049,-0.0179681344953849,1.2913956774983,-0.881174982652701,1.48043805926646,-0.0583658157348886,-0.180745701797705,-0.178864529545259,-0.525006513025048,0.00146078938896279,0.000899134947102353,251.221393585547,264.739525238996
18.03,-0.440549726787,1.51465883966935,1.00149175074141,0.0464060321522281,-0.0195064994580369,1.2860658665708,-0.887261785280291,1.48061065068056,-0.0545036707751111,-0.179373152856588,-0.178902322761434,-0.52501650363074,0.00146078938896279,0.000899134947102353,251.22512348584,264.739908464673
18.04,-0.457278625512792,1.51031812866377,1.00152305143081,0.0447256444556677,-0.0210541548731969,1.28073841869948,-0.893193001306644,1.48056839773727,-0.0506454657291367,-0.178100845001294,-0.178918259420124,-0.525021180065477,0.00125955187066846,0.000942957171640971,251.226259692284,264.737897740047
18.05,-0.474044681974856,1.50600945180982,1.00155572219142,0.0430661930237156,-0.0226108530703358,1.27541336029445,-0.898964466803123,1.48032397443141,-0.0467899681858204,-0.176828498959638,-0.17893122447244,-0.525021038324848,0.00125955187066846,0.000942957171640971,251.224984406681,264.733688149406
18.06,-0.490845652794082,1.50173396795963,1.00158978268474,0.0414269978867966,-0.0241763961277833,1.27009070994553,-0.90457553577839,1.47986509764355,-0.0429358183565723,-0.175716104294086,-0.178928952780581,-0.525016587517489,0.000938763477550973,0.000972021318690826,251.221490905484,264.727482087752
18.07,-0.507679285061598,1.49749282096832,1.0016252311644,0.0398072173969459,-0.0257505812873759,1.26477048188169,-0.910022821197736,1.47921002904972,-0.0390815317661825,-0.174603756358358,-0.178924090481654,-0.525008340121162,0.000938763477550973,0.000972021318690826,251.215973540991,264.719479020864
18.08,-0.524543333565334,1.49328714985015,1.00166204488698,0.0382060587602308,-0.0273332455203838,1.2594526836422,-0.915305175260887,1.47834399370847,-0.0352258338390099,-0.173675853438285,-0.178909593646507,-0.52499679678168,0.000568943312646505,0.000988945889119477,251.208635637579,264.709884399652
18.09,-0.541435540063725,1.48911807775572,1.00170018295172,0.0366225436063256,-0.0289242274690874,1.25413731872142,-0.920419862182294,1.47728742285428,-0.0313672967284921,-0.172748044776197,-0.178892944307975,-0.524982453875047,0.000568943312646505,0.000988945889119477,251.19967750988,264.698897367392
18.1,-0.558353664878209,1.48498672514878,1.00173958623894,0.0350558731150637,-0.0305233956972686,1.24882438500599,-0.925365354620229,1.47602527501717,-0.0275048966219113,-0.172005600367785,-0.178871155327584,-0.524965779047265,0.000197286282073648,0.000996391365673922,251.189305293571,264.686720654929
18.11,-0.575295453771456,1.48089419635736,1.00178018064997,0.0335050624406246,-0.0321306246092469,1.2435138767322,-0.930139437599489,1.47457788271527,-0.0236374663743403,-0.171263268322987,-0.178847653097048,-0.524947229054731,0.000197286282073648,0.000996391365673922,251.17771923304,264.673548572598
18.12,-0.592258675946227,1.47684159380222,1.00182187652742,0.0319693734381288,-0.0337458096432924,1.2382057835241,-0.934740317050639,1.47293134134969,-0.0197641239879403,-0.170692529920601,-0.178822426023328,-0.524927224252688,-0.000146796314443987,0.000996848058780996,251.164579992458,264.659008695403
18.13,-0.6092410856352,1.47283000339673,1.00186456017199,0.0304478960631532,-0.035368854478605,1.23290009165322,-0.939166171801728,1.47110448721609,-0.0158813679531391,-0.170121899418794,-0.178795903952184,-0.524906199479652,-0.000146796314443987,0.000996848058780996,251.146230709887,264.639251517759
18.14,-0.626240460831028,1.46886050752086,1.00190807339094,0.0289399892555595,-0.036999675897251,1.22759678331713,-0.943415042732845,1.46908532376556,-0.0119854830479973,-0.169701109993323,-0.178770010829745,-0.52488455001612,-0.000447352164062628,0.00099275560858119,251.12299581089,264.614593713595
18.15,-0.643254565159043,1.46493417143286,1.00195221671315,0.0274448621269483,-0.0386381999026918,1.22229583766313,-0.947485373426937,1.46689044279215,-0.00807316705060378,-0.1692803952307,-0.178743203416255,-0.524862640565818,-0.000447352164062628,0.00099275560858119,251.095692606998,264.585867934082
18.16,-0.660281184764327,1.461052056152,1.00199675442811,0.0259619862596632,-0.0402843597776449,1.21699723071205,-0.951375115425828,1.46451009873096,-0.00414210764637171,-0.168984409408878,-0.178718582614442,-0.524840780355723,-0.000697693734653986,0.000985833782423299,251.065129337065,264.553897795365
18.17,-0.677318093070862,1.45721520638067,1.00204142203522,0.0244907086727518,-0.0419380979715383,1.21170093612757,-0.95508289260918,1.46195835057018,-0.000190432909442694,-0.168688450955117,-0.17869335908084,-0.524819248016565,-0.000697693734653986,0.000985833782423299,251.032100568984,264.519493242308
18.18,-0.694363083259244,1.45342466179835,1.0020859313863,0.0230306145298037,-0.0435993597696798,1.20640692531995,-0.958606628870438,1.45922775057834,0.00378279551894327,-0.168491959533753,-0.178671237414272,-0.524798270336447,-0.00089750873355496,0.000977421079643036,250.997384441091,264.483448006106
18.19,-0.711413937466247,1.449681446722,1.00212997759724,0.0215811897124568,-0.0452680989774291,1.20111516798139,-0.961945062881725,1.45632984471644,0.00777806280382111,-0.16829544955583,-0.178648755381747,-0.524778045058509,-0.00089750873355496,0.000977421079643036,250.961739070966,264.446535963855
18.2,-0.728468454532288,1.4459865781793,1.00217324423709,0.0201421245371206,-0.0469442556042694,1.1958256325686,-0.965096470630673,1.45325933515999,0.0117949863725064,-0.168175037406998,-0.17862681320669,-0.524758722937914,-0.00105053333525506,0.000975504191127958,250.925900325126,264.409509044847
18.21,-0.745524423917238,1.44234105854492,1.00221540958648,0.0187130331719246,-0.0486277742150513,1.19053828641181,-0.968059326651937,1.45002546608415,0.0158327284296082,-0.168054582976631,-0.178604689755557,-0.524740428279815,-0.00105053333525506,0.000975504191127958,250.89057908942,264.373094444874
18.22,-0.762580450266871,1.43874388544134,1.00225624475995,0.0172936342947372,-0.0502992969591537,1.18525344448036,-0.971311632066289,1.44662370987333,0.0198742735352931,-0.167996824860826,-0.17429309226574,-0.524722129644227,-0.0011627463726788,0.0110290832878938,250.856448624042,264.337982150953
18.23,-0.779635329265712,1.43519359026968,1.0022955524836,0.0158833367359823,-0.051935186383774,1.17997144506173,-0.974376911291327,1.44305998188632,0.0238925168732691,-0.167954457545714,-0.169982561571931,-0.524702544603003,-0.0011627463726788,0.0110290832878938,250.824083177562,264.304771901703
18.24,-0.7966881966471,1.43168799263024,1.00233314911263,0.0144815292581597,-0.0535052073307475,1.17469263097599,-0.978008690850417,1.43933082015887,0.0278703815265135,-0.167976046581939,-0.158962923549709,-0.524680005807458,-0.00123859750556422,0.0267670616932314,250.794017145624,264.274030219892
18.25,-0.813738516358835,1.42822415552795,1.00236890037906,0.0130871679181606,-0.0549724274560974,1.16941736768912,-0.981467387867984,1.43543956081977,0.031755946263337,-0.168037181739618,-0.147945827798647,-0.524652488200702,-0.00123859750556422,0.0267670616932314,250.766643422175,264.246193083137
18.26,-0.830785692967908,1.42479943575232,1.00240263362634,0.0116991300433243,-0.0563035917719945,1.16414582896673,-0.985589535691023,1.43138419421362,0.0355435329694286,-0.168169001641191,-0.129545026844978,-0.524618211032884,-0.00127719280979089,0.0441052219882993,250.742333034787,264.221683101198
18.27,-0.847829527448195,1.42141030620959,1.00243422549023,0.0103158422824063,-0.05745807192098,1.15887819667002,-0.989568190438356,1.42716583580446,0.0391618053237716,-0.168366956453579,-0.111147676481248,-0.524575022067295,-0.00127719280979089,0.0441052219882993,250.721328627659,264.200804282962
18.28,-0.864869453716681,1.41805424073174,1.00246351474274,0.00893565015688163,-0.0584064511187286,1.1536143855121,-0.994152960846894,1.42278443194997,0.0426167228794396,-0.168639382052429,-0.0862153484985463,-0.524521472999717,-0.00127265599212792,0.0594681950562845,250.703836657237,264.183829618078
18.29,-0.881905300416849,1.41472785621638,1.00249038103102,0.00755652291375928,-0.0591127845315457,1.14835429985266,-0.998638654262867,1.41823889960786,0.0458321111266538,-0.169001467606994,-0.0612863751908339,-0.524455802956874,-0.00127265599212792,0.0594681950562845,250.689974498459,264.170948729027
18.3,-0.898936343762363,1.41142913671857,1.00251470343445,0.00617638426981433,-0.059556550871952,1.14309759484351,-1.00356087299962,1.41353164423862,0.0488173189127487,-0.169432871519911,-0.0317948238291621,-0.524377210041874,-0.00121681385388368,0.0702057168974368,250.679797522552,264.16228840959
18.31,-0.915962192342613,1.40815536114043,1.00253639478839,0.00479292420268962,-0.0597126702090891,1.13784390177206,-1.00843928347022,1.40865919206017,0.0515108915451609,-0.16997033596827,-0.00230556136431328,-0.524284690643149,-0.00121681385388368,0.0702057168974368,250.673303442336,264.157916973821
18.32,-0.932981852475938,1.40490520471056,1.00255540699063,0.00340383911079242,-0.0595722840331172,1.13259267793921,-1.0135240768334,1.40362675821459,0.0539162965511155,-0.170560367985204,0.029158755369705,-0.524178248581881,-0.00110266571238659,0.0748572031156839,250.670423937787,264.157830248407
18.33,-0.949994557572606,1.40167686976303,1.00257172405945,0.00200677097440147,-0.0591245616776941,1.12734335498494,-1.01862541877886,1.39842823239358,0.0560028524164229,-0.171263512807406,0.0606224038794614,-0.524057826091241,-0.00110266571238659,0.0748572031156839,250.671048516361,264.161973577935
18.34,-0.966998319069612,1.39847116084755,1.00258540217082,0.000599452267114735,-0.05838716752803,1.12209526638889,-1.02333522970231,1.39307257261192,0.057754098741124,-0.171986382245699,0.0881710222690281,-0.523925097380605,-0.000927399051673126,0.0656455902093693,250.675031740273,264.17024699594
18.35,-0.983991078716214,1.39528900267247,1.00259653734326,-0.000820070109979037,-0.0573816857832176,1.1168477684945,-1.02811625171257,1.3875519115147,0.0592190882459197,-0.172808207446953,0.115720342486986,-0.523782013855077,-0.000927399051673126,0.0656455902093693,250.682246251531,264.182547140908
18.36,-1.00097010610168,1.39213260907786,1.00260522690157,-0.00225355305681005,-0.0561452065638545,1.11160030748118,-1.03207268262809,1.38187827203879,0.0603810815330315,-0.17360069928712,0.135041275403366,-0.523631486289575,-0.000695928971567546,0.0463037650787289,250.692576110579,264.198765352261
18.37,-1.01793235256262,1.3890047906271,1.00261160467913,-0.0037021652271209,-0.0547230561124948,1.10635242179329,-1.03613960558706,1.37604180697121,0.061334664445366,-0.174462494924112,0.154363269680255,-0.52347693660994,-0.000695928971567546,0.0463037650787289,250.706099199244,264.218964966295
18.38,-1.03487547690446,1.38590678240293,1.00261578591344,-0.0051668709076494,-0.0531469482208818,1.10110375970094,-1.03954683927166,1.37005556192629,0.0620792716662121,-0.175246740191661,0.166654548287686,-0.523320964741235,-0.000423221906004645,0.029795570885208,250.722723792262,264.243011935914
18.39,-1.05179684731878,1.38284036399102,1.00261790902464,-0.00664809585268966,-0.0514556336981862,1.09585407210045,-1.04308875437506,1.36390684662758,0.0626810966982044,-0.176074971600644,0.178946669580561,-0.523166562019165,-0.000423221906004645,0.029795570885208,250.7426416611,264.271047116259
18.4,-1.06869460076803,1.37980567430191,1.00261814166652,-0.00814616717247778,-0.0496728405490516,1.09060315051821,-1.04618714552558,1.35760881809897,0.0631470757629969,-0.176793264800194,0.185984486886322,-0.523015749555325,-0.000130590814579955,0.0174692582056802,250.765718643522,264.30285790539
18.41,-1.08556664926198,1.37680327590541,1.00261666751394,-0.00966096582879234,-0.0478275547294712,1.0853508827244,-1.04943307599253,1.35114700149335,0.0635170554545597,-0.177536633955192,0.193022673877918,-0.522870794807633,-0.000130590814579955,0.0174692582056802,250.792104474886,264.338516725754
18.42,-1.10241153470708,1.37383241840552,1.00261372259579,-0.0111923794985657,-0.0459364384812339,1.08009714692469,-1.05241919258875,1.34453391662392,0.0637988935010529,-0.178154304648529,0.196377487135466,-0.522733112206507,0.000160675564346108,0.00883524616948072,250.821587414578,264.377712748206
18.43,-1.11922763744844,1.37089266046425,1.00260955567999,-0.0127399403373379,-0.0440198383491114,1.07484190427836,-1.05555776564615,1.33775455814417,0.06401493177639,-0.178783798175359,0.199732144809697,-0.522604245931026,0.000160675564346108,0.00883524616948072,250.854194125212,264.420380412214
18.44,-1.13601380887337,1.36798259588999,1.00260446878077,-0.014303267462612,-0.0420888698530079,1.06958507963321,-1.05857596620649,1.3308202164678,0.0641710845594155,-0.179285590596726,0.200636006338841,-0.52248505223112,0.000433155514026841,0.00309556441578845,250.889629814285,264.466118542076
18.45,-1.15276879121597,1.36510103413313,1.00259877422328,-0.0158817041895204,-0.040157097878483,1.06432666496552,-1.06174621350818,1.32371641149073,0.0642790578301918,-0.179790385667929,0.20153926387482,-0.52237643637845,0.000433155514026841,0.00309556441578845,250.92777922295,264.51471533793
18.46,-1.16949166075317,1.36224610976495,1.00259282723903,-0.017474731708255,-0.03823151143151,1.05906660623898,-1.06489597713275,1.31645280689447,0.0643422556757854,-0.180175401576427,0.200908141202387,-0.522278775598853,0.000674788039189032,-0.00049401131985158,250.96815542162,264.565574804272
18.47,-1.18618142571516,1.35941610094571,1.00258697898932,-0.0190816230512077,-0.0363206306347104,1.05380490046871,-1.0681939721867,1.30901619271407,0.0643693087880464,-0.180557904958847,0.200276120060047,-0.522192485850619,0.000674788039189032,-0.00049401131985158,251.004977528627,264.61256456445
18.48,-1.20283732219548,1.35660883292895,1.00258156589372,-0.020701813258106,-0.0344284834804894,1.04854149919209,-1.07153978839762,1.30141441086588,0.0643665379280189,-0.18083463977988,0.198766771926174,-0.522117613273483,0.000879232991688264,-0.00254382751569526,251.03707661217,264.654382370379
18.49,-1.21945855018707,1.35382222079493,1.00257687796723,-0.0223345854072978,-0.0325599701780706,1.04327638995111,-1.07502802601975,1.293635930435,0.0643406460993015,-0.181105746882091,0.197256527612792,-0.522054164636458,0.000879232991688264,-0.00254382751569526,251.064676915331,264.691191559053
18.5,-1.23604445737583,1.35105389094771,1.00257317541185,-0.02397938942572,-0.0307170560532097,1.03800952191091,-1.0786085921063,1.28568673490408,0.0642955825696512,-0.181288288588382,0.195325993837993,-0.522001860102097,0.00104429682925401,-0.00352437264819765,251.087991012001,264.723152240215
18.51,-1.25259437745221,1.34830152189395,1.00257067615272,-0.0256355690795028,-0.0289021210178487,1.03274086780761,-1.08232472100287,1.27755716141981,0.064235215472579,-0.181463741670244,0.193394755930842,-0.521960372946934,0.00104429682925401,-0.00352437264819765,251.107258580574,264.7504620195
18.52,-1.26910773347771,1.3455626212258,1.0025695656035,-0.0273026258906748,-0.0271157446904073,1.02747037199935,-1.08616018105668,1.26925143211423,0.0641617218530135,-0.18156874167809,0.191349694962797,-0.521929185844086,0.00117104109046462,-0.00378895290480021,251.122718974533,264.773327448243
18.53,-1.28558395007208,1.34283472213926,1.00256999116235,-0.0289799918896966,-0.0253586152987825,1.02219799219372,-1.09012391846495,1.26076175546948,0.06407706702738,-0.1816662979264,0.189304177481967,-0.521907738493725,0.00117104109046462,-0.00378895290480021,251.134624537181,264.791977903727
18.54,-1.30202250020767,1.34011526910843,1.00257206741314,-0.0306672388760441,-0.0236304283931809,1.01692366843749,-1.09422136924151,1.25209077750163,0.0639821640057791,-0.181710782130466,0.187339917454976,-0.521895356941567,0.00126282572719044,-0.00359834127377311,251.143232537813,264.806656760465
18.55,-1.3184228689354,1.33740171420096,1.00257587526118,-0.0323638977761749,-0.0219307940519231,1.01164734612454,-1.09843978899251,1.2432324487678,0.0638776676091685,-0.181748167152504,0.185375429958375,-0.521891334757857,0.00126282572719044,-0.00359834127377311,251.148803575237,264.817619505943
18.56,-1.33478456181743,1.33469147636765,1.00258146441582,-0.0340696167175329,-0.0202588890176101,1.00636896313262,-1.10279739915841,1.23418807469211,0.0637636137177278,-0.18174808959685,0.183606313166812,-0.52189491196111,0.00132436439122651,-0.00314174019805825,251.151604096672,264.825135638556
18.57,-1.3511071032002,1.33198197048458,1.00258885527493,-0.0357840245767086,-0.0186136915868916,1.00108845675532,-1.10726889268915,1.22495313828388,0.0636397402176102,-0.181741662114184,0.181837145794577,-0.521905309604563,0.00132436439122651,-0.00314174019805825,251.15189751867,264.829479049232
18.58,-1.36739001996491,1.32927061431261,1.00259804001337,-0.037506843504893,-0.0169941199531366,0.99580576557588,-1.11187894027059,1.21552785928035,0.0635054815175729,-0.181711048684058,0.180319866155873,-0.52192174064104,0.00136096786018117,-0.00255353987905093,251.149951370666,264.830934561083
18.59,-1.3836328616351,1.32655481454089,1.00260898583877,-0.0392377920615578,-0.0153988384086674,0.990520823497182,-1.11659614069579,1.2059090046496,0.0633599310510599,-0.181675029783246,0.178802652556843,-0.521943413070422,0.00136096786018117,-0.00255353987905093,251.146026120965,264.829785837235
18.6,-1.39983516957483,1.32383200246951,1.00262163554264,-0.0409766590322141,-0.0138266862875129,0.985233572769336,-1.12144722935882,1.19609595954055,0.0632021090237291,-0.181625566793859,0.177554142909319,-0.521969559686533,0.00137798202913197,-0.00192627630517478,251.14038327739,264.826322851717
18.61,-1.41599650956902,1.32109959469829,1.00263591120819,-0.0427232403113942,-0.0122762330820664,0.979943948419496,-1.12639914844613,1.18608651827581,0.0630306584124034,-0.181571694136066,0.176305761807714,-0.521999421203272,0.00137798202913197,-0.00192627630517478,251.133274835662,264.820830411626
18.62,-1.43211643383414,1.3183550439383,1.00265171471597,-0.0444773812642166,-0.0107463573671065,0.974651898973948,-1.13147780503683,1.17587946279833,0.0628443077624829,-0.181512635605149,0.175316853561541,-0.522032285447871,0.00138040239708752,-0.00132062269040552,251.124950363111,264.813594576995
18.63,-1.44819451931922,1.31559578692135,1.00266893134492,-0.046238941064584,-0.00923567775980032,0.969357364447739,-1.13665137746386,1.16547337125518,0.0626413889952367,-0.181450120763549,0.174328094838877,-0.522067458914629,0.00138040239708752,-0.00132062269040552,251.115648505082,264.804893336921
18.64,-1.46423008286648,1.31281965625604,1.00268742595759,-0.0480078030307673,-0.00774704483719696,0.964060483948938,-1.14184696872581,1.1548668474201,0.0624250629067304,-0.181387026062787,0.172714837156453,-0.522104550659294,0.00137263674864674,-0.00277971083811596,251.105604708059,264.795003636355
18.65,-1.48022240644169,1.31002454873247,1.00270705064614,-0.0497838172457263,-0.00628393134952785,0.958761443974333,-1.14713067464846,1.14405930091578,0.0621987753406677,-0.18131825423738,0.171101797151697,-0.522143248461645,0.00137263674864674,-0.00277971083811596,251.095049864891,264.784197107489
18.66,-1.49617053905838,1.30720869850968,1.0027276430255,-0.0515668164947186,-0.00485341807262071,0.953460639544778,-1.15232345048844,1.13304931250435,0.0619710390451564,-0.181248619411657,0.167922174362449,-0.522183504216359,0.00135793286467319,-0.00644014808154356,251.084200874471,264.772730369215
18.67,-1.51207342462491,1.30437049525262,1.00274903157307,-0.0533565477331943,-0.00346414684747139,0.9481585802442,-1.15759491483795,1.12183698314674,0.0617504899281202,-0.181167704774241,0.164742938010255,-0.52222540365686,0.00135793286467319,-0.00644014808154356,251.073276610545,264.760858176991
18.68,-1.52792997578068,1.30150836570954,1.00277103690197,-0.0551527091880957,-0.00212499595466225,0.942855842749078,-1.16271949111339,1.11042080084043,0.0615487619372924,-0.18108248731947,0.159595329273079,-0.522269078052059,0.00133758332457675,-0.0110406288142393,251.062471665867,264.74880752026
18.69,-1.54373896064715,1.29862093997739,1.00279347347373,-0.0569548917400361,-0.000846804087545801,0.937553153771584,-1.1679097196786,1.09880135096172,0.0613759186147707,-0.180978940873743,0.154448331648039,-0.522314807827764,0.00133758332457675,-0.0110406288142393,251.051987293695,264.736807378125
18.7,-1.55949966188761,1.29570699048867,1.00281618164516,-0.0587573395966209,0.00036167545684733,0.932251187821043,-1.17294092802099,1.08708994711341,0.0612390307324971,-0.179692062407593,0.14735707394623,-0.522363036780479,0.00366789185379113,-0.0155893179541877,251.041978351885,264.725035256944
18.71,-1.57521129702774,1.29276557692263,1.00283900575064,-0.0605530195173308,0.00148981201961856,0.926950778933057,-1.1780215745877,1.07517633400865,0.0611401016457513,-0.178379992489412,0.140269386257169,-0.522414366148627,0.00366789185379113,-0.0155893179541877,251.032567769371,264.713627923926
18.72,-1.5908736829081,1.28979581443272,1.00286182275851,-0.0623295282694178,0.00253046352837447,0.921652616471313,-1.18296269352464,1.06331144691023,0.0610796851151561,-0.174439374852265,0.131574547041385,-0.522469369903368,0.00888511169995843,-0.0193619922662675,251.023870941258,264.70271065734
18.73,-1.60648670121267,1.2867971864268,1.00288452557403,-0.064071767675432,0.0034750155192742,0.916357528737703,-1.18793451059205,1.05125003832754,0.0610486578079632,-0.170468019113299,0.122889554260077,-0.522528729497217,0.00888511169995843,-0.0193619922662675,251.015918420444,264.692312379954
18.74,-1.62205032103408,1.28376879364037,1.00290700536044,-0.065766637848243,0.00431896203902262,0.911066131619506,-1.19280696168117,1.03925769982725,0.061046068434654,-0.163738739226014,0.113142995414654,-0.522592618185394,0.0143536047247445,-0.0218755433201174,251.008806259808,264.682528313447
18.75,-1.63756463176346,1.28071009338455,1.00292917271808,-0.0673982530465584,0.00505686881467714,0.905779130071375,-1.19768922852893,1.02708003860127,0.0610590528217345,-0.156975106535183,0.103412797268034,-0.522661233028678,0.0143536047247445,-0.0218755433201174,251.002535995263,264.673352139691
18.76,-1.65302954267366,1.27761997431666,1.00295092231388,-0.0689565043856162,0.00568732053088796,0.900496981639936,-1.20252189293989,1.01491979508887,0.0610863280049528,-0.14813369432318,0.0932672554337754,-0.522734144310701,0.0184530841520664,-0.0228919185748244,250.997187867315,264.664861706471
18.77,-1.66844508907931,1.27449760719412,1.00297216720203,-0.0704292193822741,0.00620857727392562,0.895220169384435,-1.20734226984956,1.00259001211316,0.0611169848269584,-0.13925654397324,0.0831429427614126,-0.52281090178568,0.0184530841520664,-0.0228919185748244,250.992761854862,264.657054141786
18.78,-1.683811046461,1.27134161354561,1.00299280337931,-0.0718108453715039,0.0066222641208147,0.889948934742717,-1.2121623973833,0.990197780078511,0.0611488166549612,-0.129318274657821,0.0732493176147332,-0.522890571509782,0.0205119270892142,-0.0224054120411932,250.989318390287,264.64999530161
18.79,-1.69912729710422,1.26815079182687,1.00301274247879,-0.0730948220658986,0.00693026988476294,0.884683482431702,-1.21694810851386,0.977654566397263,0.0611758680317969,-0.119345103068669,0.0633793717608644,-0.522972209372145,0.0205119270892142,-0.0224054120411932,250.986861864498,264.643699558658
18.8,-1.7143934953298,1.26492354389568,1.00303188320192,-0.0742801505199253,0.00713681644078552,0.879423821245685,-1.22177451133447,0.964972124190161,0.0611945444880933,-0.109316099047995,0.0543028819102028,-0.523054639217308,0.0205564619383224,-0.0206045531589704,250.985428565252,264.638221654017
18.81,-1.72960937632932,1.26165833980082,1.00305013670884,-0.0753658610144687,0.00724689775303089,0.874169872824083,-1.22654555295787,0.952158081018059,0.0612039645440658,-0.0992549769210655,0.0452501466361714,-0.523136717748392,0.0205564619383224,-0.0206045531589704,250.98502658323,264.633594812834
18.82,-1.74477452320616,1.25835346544032,1.00306740715269,-0.0763545986956731,0.00726663075193908,0.868921438447134,-1.23138443414405,0.939148346725827,0.0611994150501519,-0.0899322271925217,0.0374122969960366,-0.52321730295081,0.0190135634016844,-0.0178152959710387,250.985665974946,264.629860463155
18.83,-1.75988857739642,1.25500718133384,1.00308360797309,-0.0772498529646108,0.00720328489141776,0.863678198589799,-1.23614921124177,0.926025585461794,0.0611833343843295,-0.0805816232450846,0.0295964140118907,-0.523295330869571,0.0190135634016844,-0.0178152959710387,250.987356886518,264.6270663992
18.84,-1.77495110332982,1.25161777755248,1.00309865262455,-0.0780566546667007,0.0070640499646044,0.858439803055137,-1.24099260616233,0.912676708065127,0.0611506224727397,-0.0724776974182157,0.0232452618787076,-0.523369889043975,0.0164595981384117,-0.0144360860780842,250.990083191188,264.625236632039
18.85,-1.78996170795987,1.24818345046063,1.00311246091956,-0.078781396309795,0.00685749382910747,0.853205764567527,-1.24574605319871,0.89923146582012,0.061104805631296,-0.0643510814001216,0.016913110822266,-0.523440170240931,0.0164595981384117,-0.0144360860780842,250.993854478096,264.624425323391
18.86,-1.80491997443487,1.24470260295718,1.00312496040356,-0.0794302634756416,0.00659106083259797,0.847975652308853,-1.25057257286781,0.885553963297516,0.0610411351907705,-0.0577025988942837,0.0121204498741272,-0.523505577950342,0.0134517076234679,-0.010874935548326,250.998629953276,264.624634674033
18.87,-1.81982551855841,1.24117350409508,1.00313608254655,-0.0800110329581476,0.00627363932386627,0.842748897425541,-1.25529652689623,0.871794280420987,0.0609625436056597,-0.051036886799093,0.00734330671713218,-0.523565624762279,0.0134517076234679,-0.010874935548326,251.004414291017,264.625914564473
18.88,-1.83467795999171,1.23759475106508,1.00314577393816,-0.0805300432601593,0.00591221357004285,0.837525058464954,-1.26007388236477,0.857814950800894,0.0608651122275363,-0.0458576306161009,0.0040243310400481,-0.523620026773485,0.0104380125506117,-0.00749644190896134,251.01114469352,264.628242440329
18.89,-1.84947694466951,1.23396479319877,1.00315398335532,-0.0809952214502771,0.00551513371004024,0.832303567025907,-1.26473925325678,0.843765031566881,0.0607504418493733,-0.0406663520341728,0.00071739880365738,-0.52366859510482,0.0104380125506117,-0.00749644190896134,251.018815479101,264.631653142828
18.9,-1.86422213034756,1.23028247040312,1.00316068040736,-0.0814123586906197,0.00508838133403355,0.827084028516393,-1.26942791389803,0.829520213269096,0.0606156318366569,-0.0368160799924501,-0.00133364722456589,-0.523711303354105,0.00772632404057142,-0.00458384167843617,251.027345631331,264.63609906863
18.91,-1.87891319571341,1.22654648178183,1.00316583590054,-0.0817886719012297,0.00463911271691254,0.821865940911955,-1.27399805131781,0.815214005057198,0.0604610430974418,-0.0329583022865751,-0.00337575969041866,-0.523748197283206,0.00772632404057142,-0.00458384167843617,251.036714363062,264.641591749498
18.92,-1.89354982843827,1.22275592636564,1.00316944448885,-0.0821289986771919,0.00417197081172903,0.816648995199628,-1.27855536017649,0.800743639986561,0.0602847891606773,-0.0302093866723966,-0.00444133142393781,-0.523779436143352,0.00548899505641489,-0.00231825540278527,251.046827288703,264.648061191033
18.93,-1.90813173121906,1.21890978410174,1.00317150165471,-0.082439349420975,0.00369250909820832,0.811432799341496,-1.28298996751024,0.786219083426754,0.0600865545571381,-0.0274565036881011,-0.0055005233303889,-0.523805227597805,0.00548899505641489,-0.00231825540278527,251.057646191903,264.655491655671
18.94,-1.92265861008066,1.21500740272497,1.00317202673164,-0.082723447522351,0.00320390543168615,0.806217148409728,-1.28737410022663,0.771562206174553,0.0598653852428007,-0.0255492696292477,-0.00589406826933723,-0.523825850138632,0.00378623725800316,-0.000774633916900753,251.069068932771,264.663795830921
18.95,-1.9371301790438,1.21104804073815,1.00317103988912,-0.0829859045329872,0.00270995353519106,0.801001780482338,-1.29163309085831,0.756856799603957,0.0596209526341574,-0.0236405006773294,-0.00628317204323049,-0.523841610504898,0.00378623725800316,-0.000774633916900753,251.081040808267,264.672931549113
18.96,-1.95154615226957,1.20703126457777,1.00316858255123,-0.0832293510190907,0.0022124258887381,0.795786595083863,-1.29580637784982,0.742048563148152,0.059353141503931,-0.0223239232453045,-0.00630796243432974,-0.523852854403212,0.00259617281089335,6.81676254142983e-05,251.093457764853,264.682800632664
18.97,-1.96590624407298,1.20295658360839,1.00316469708613,-0.0834570325900716,0.00171342463524418,0.790571459539755,-1.29985318715968,0.727196380292096,0.059062115634621,-0.021007159849535,-0.00632966956577429,-0.523859940474469,0.00259617281089335,6.81676254142983e-05,251.106252551456,264.693339347929
18.98,-1.98021017050315,1.19882374115374,1.00315944281244,-0.0836706267564396,0.00121352105274569,0.785356364165026,-1.30378448921689,0.712266458670953,0.0587485026934381,-0.02006496873988,-0.00624646613103742,-0.523863244145382,0.00184472880180091,0.000307110233128189,251.119324631281,264.704445348458
18.99,-1.99445763995465,1.19463245332786,1.00315287997968,-0.0838721923282074,0.000713369391568764,0.780141288338223,-1.30758851508756,0.697296489612374,0.0584131964845098,-0.0191230003366474,-0.00616104625957692,-0.523863142667068,0.00184472880180091,0.000307110233128189,251.132600048951,264.71604066584
19,-2.00864836881455,1.19038259395905,1.00314508080942,-0.0840626560819758,0.000212636786368945,0.774926290402877,-1.31125451933842,0.682268582421436,0.0580574468028144,-0.0183870242885882,-0.00616695992323466,-0.523860014702357,0.00143172425663706,8.89808435645002e-05,251.145986251344,264.728024791278
19.01,-2.02278205906179,1.18607403407568,1.00313611819833,-0.0842431459572204,-0.000289113207798417,0.769711433913224,-1.31479253447088,0.667204149074702,0.0576828565585775,-0.0176509640748203,-0.00617114689960118,-0.523854232609718,0.00143172425663706,8.89808435645002e-05,251.159408927643,264.740313572011
19.02,-2.03685842990837,1.181706733092,1.00312607224892,-0.0844140584097399,-0.000792780876380948,0.764496818271376,-1.31817799690336,0.652096283003582,0.0572911292489667,-0.017004363936595,-0.0063902159348914,-0.523846159205916,0.00125146697019207,-0.000416940900082648,251.172786673413,264.752813077535
19.03,-2.05087718135992,1.17728066489076,1.00311502322412,-0.0845758678336123,-0.00129948702301218,0.759282558350961,-1.32143453387594,0.636955245188076,0.0568843737454311,-0.0163569201010291,-0.0066077869009855,-0.523836144896219,0.00125146697019207,-0.000416940900082648,251.186050444211,264.765440284374
19.04,-2.0648380405069,1.17279583545367,1.00310305461538,-0.0847286468424136,-0.00181037099104133,0.754068767743339,-1.32453162050527,0.621780582607439,0.0564645294719733,-0.0157302054257739,-0.00709222803231959,-0.523824522761948,0.00120735516822984,-0.00104385830963186,251.199131768155,264.778111107681
19.05,-2.07874071297051,1.16825227497851,1.00309024936382,-0.0848724750835145,-0.00232684079058397,0.748855579927959,-1.32749845859979,0.60657605930206,0.0560339205338712,-0.0151016955939148,-0.00757524223079858,-0.523811608937277,0.00120735516822984,-0.00104385830963186,251.211970985522,264.790749325059
19.06,-2.09258493958934,1.16365000560561,1.00307669069016,-0.0850072738068095,-0.00284999272126554,0.743643099313622,-1.33030542136028,0.59134396171907,0.0555944789757582,-0.0144643056986076,-0.0083152016162531,-0.523797697202003,0.00122073131329601,-0.00164738457885933,251.224513102978,264.803282570784
19.07,-2.10637044017134,1.15898907657623,1.0030624604595,-0.0851329432035149,-0.00338118022166152,0.738431449514733,-1.33298039286843,0.576085323830003,0.0551484470850375,-0.0138242034392144,-0.00905373153264123,-0.523783061340309,0.00122073131329601,-0.00164738457885933,251.236710205169,264.815645129536
19.08,-2.12009697437618,1.15426950545746,1.00304763886842,-0.0852493820289299,-0.00392124571726861,0.733220708191575,-1.33549985602774,0.560802468276108,0.0546975203950185,-0.0131740763768262,-0.00999271371661564,-0.523767950334459,0.00123474535813733,-0.00211888246883064,251.248520365909,264.827777081697
19.09,-2.13376428372713,1.14949133430337,1.00303230396162,-0.0853564709258092,-0.00447123228670945,0.728010967676336,-1.3378852353442,0.545496404405105,0.0542436109594072,-0.0125205239817797,-0.0109302515686646,-0.523752591625615,0.00123474535813733,-0.00211888246883064,251.259908174995,264.839625087663
19.1,-2.14737214978668,1.14465456473056,1.00301653098483,-0.0854541701023929,-0.00503160039058749,0.72280226828592,-1.34012236667211,0.530167806825949,0.0537880028250437,-0.0118735638340832,-0.0119832304574652,-0.523737187664337,0.00121430701358696,-0.00239180020988732,251.270843728035,264.851141559723
19.11,-2.1609203407487,1.13975921645951,1.00300039232598,-0.085542443730025,-0.00560292712902744,0.717594658127094,-1.3422231099127,0.514819315757159,0.053332107103132,-0.0112227732809046,-0.0130347774221481,-0.523721919234069,0.00121430701358696,-0.00239180020988732,251.281303674261,264.86228594952
19.12,-2.17440866053421,1.13480527178058,1.00298395702803,-0.0856213570270777,-0.00618524471788025,0.712388136633413,-1.34418391538511,0.499449171265252,0.052876702279933,-0.0106035440429056,-0.0141062258225141,-0.523706943622121,0.00114334514200725,-0.00244154445191336,251.291268744606,264.873022332835
19.13,-2.18783690554194,1.12979272272685,1.00296729071007,-0.0856910098458403,-0.00677860791893848,0.707182703309908,-1.3460059882237,0.484062388258535,0.0524226150316217,-0.00998042491953061,-0.0151763025989871,-0.523692397498455,0.00114334514200725,-0.00244154445191336,251.300726444588,264.883322373668
19.14,-2.201204899821,1.12472153490868,1.00295045547216,-0.0857515835518216,-0.00738264537328222,0.701978319394589,-1.34769591011028,0.468654688086539,0.0519701120250553,-0.00941483099486779,-0.0161759104102477,-0.523678396516302,0.00102055708213291,-0.00228013703865649,251.309666635933,264.893160819038
19.15,-2.21451246595738,1.11959167495185,1.00293350958421,-0.0858033251378648,-0.00799691936753982,0.696774938959646,-1.34924488699126,0.45323350080666,0.0515194357812605,-0.00884561373483766,-0.0171742602934071,-0.523665037585153,0.00102055708213291,-0.00228013703865649,251.318086107469,264.902520383624
19.16,-2.2277594436419,1.11440309823741,1.00291650783487,-0.0858465201661719,-0.00862073302496013,0.691572492482028,-1.3506678144261,0.437792425656187,0.0510704108243028,-0.00835583913011322,-0.018028822699664,-0.523652399435718,0.000854658008441836,-0.00194731775586759,251.325982374943,264.911385334773
19.17,-2.24094567657242,1.10915575334038,1.00289950093424,-0.0858815454691972,-0.00925325099794391,0.686370897502257,-1.3519478647225,0.422340875108543,0.0506227675959561,-0.00786297117809258,-0.0188822888763716,-0.523640544387925,0.000854658008441836,-0.00194731775586759,251.333359844777,264.919748003726
19.18,-2.25407101410859,1.10384959354061,1.00288253625537,-0.0859087648832353,-0.00989356152281442,0.681170064086084,-1.35310559444993,0.406870992142033,0.050176009723076,-0.00746458152393498,-0.0195430125769593,-0.523629519361026,0.000659886861884688,-0.00149988400727903,251.340222317725,264.927600978229
19.19,-2.26713531386779,1.09848455924809,1.00286565698739,-0.0859286506457838,-0.0105405661798282,0.675969885648689,-1.35411890156924,0.391393481861719,0.0497294813414785,-0.00706380317752286,-0.0202028375383364,-0.523619357360014,0.000659886861884688,-0.00149988400727903,251.346580228255,264.934944705395
19.2,-2.28013842837386,1.09306060967613,1.00284890275548,-0.0859416128373523,-0.0111932606629344,0.670770263225999,-1.3550110238076,0.375899787860067,0.0492827173996912,-0.0067646783277558,-0.020648028199136,-0.523610081149923,0.000452250207872738,-0.00100093912446289,251.351909352378,264.941220809521
19.21,-2.29308022183149,1.08757768803551,1.00283229651449,-0.0859481775647133,-0.0118504323601968,0.665571079582571,-1.35575762230145,0.360401139599102,0.0488376832896951,-0.00646395299265491,-0.0210925246946708,-0.523601734294819,0.000452250207872738,-0.00100093912446289,251.352113731363,264.942131122992
19.22,-2.30596029853349,1.08203596289334,1.00281581991467,-0.0859487655572014,-0.0125139111850792,0.660372479080329,-1.35631157088342,0.344889159830041,0.0484011881014373,-0.00626360388861494,-0.0219531813941064,-0.523594360625671,0.000246720649872446,-0.0019733921979057,251.347429400588,264.937911064681
19.23,-2.31877821820486,1.07643562919097,1.00279941614672,-0.0859438770423473,-0.0131859468328356,0.65517464169481,-1.35671849277289,0.329375096529007,0.0479798349873688,-0.00606017277922843,-0.0228133181947977,-0.523587982486982,0.000246720649872446,-0.0019733921979057,251.338678604601,264.929411171082
19.24,-2.33153311960819,1.07077722038769,1.00278298861894,-0.0859338608985778,-0.0138735501597074,0.649978157124266,-1.35680168419865,0.313851447349186,0.0475867381291355,-0.00594701668855154,-0.0252439117639459,-0.523582610757945,5.46771933296562e-05,-0.00563936548768727,251.326641548485,264.917439614698
19.25,-2.34422398411598,1.06506137493869,1.00276641157505,-0.0859190741540082,-0.0145853000886808,0.64478374893937,-1.3567340353617,0.298329129860784,0.0472351484006827,-0.00582513649923714,-0.0276739761571158,-0.523578241175085,5.46771933296562e-05,-0.00563936548768727,251.312126419011,264.902835355984
19.26,-2.35684957637538,1.05928889616094,1.00274952940488,-0.0858996851904034,-0.0153320122318651,0.639592332175281,-1.3562424274523,0.282801725299406,0.0469436493477206,-0.0057772086660108,-0.0325223611667447,-0.523574857170942,-0.000118765167844792,-0.0112855281989643,251.295830862408,264.886323134412
19.27,-2.36940840942012,1.0534607554688,1.00273216476248,-0.0858758144633564,-0.0161269126666965,0.634405027097899,-1.35559203050403,0.267279536060705,0.0467288564078167,-0.00571186382185648,-0.037369981135594,-0.523572433412039,-0.000118765167844792,-0.0112855281989643,251.278513298094,264.868692617584
19.28,-2.38189904856836,1.04757787560485,1.00271412446495,-0.0858473871752578,-0.0169821896589763,0.629222862221354,-1.35447307809793,0.251757018079536,0.0466120355505234,-0.00570339833253861,-0.0449421073345235,-0.523570930719895,-0.000276454498223721,-0.0176491369148503,251.260768700958,264.85056367962
19.29,-2.39431975691075,1.04164137818024,1.00269519972184,-0.0858142570386665,-0.0179127454476757,0.624047096051937,-1.35318227168889,0.236243896879307,0.0466086651685054,-0.00566772399948783,-0.0525131576941472,-0.523570306189763,-0.000276454498223721,-0.0176491369148503,251.243269607482,264.832638501527
19.3,-2.40666907237684,1.03565216815422,1.00267518478212,-0.0857761068902457,-0.0189297167806669,0.618878659327732,-1.35143329707266,0.220734957831143,0.0467386552868444,-0.00567666569261796,-0.0625748858929323,-0.523570502056265,-0.000428472402051376,-0.0234695745704294,251.226498322061,264.815421231164
19.31,-2.41894522850558,1.02961134581406,1.00265386434903,-0.0857325601582953,-0.0200467211778064,0.613718691379943,-1.34949430403103,0.20523973401689,0.0470132079767097,-0.00564945042591391,-0.0726353626147298,-0.523571460173176,-0.000428472402051376,-0.0234695745704294,251.211011714232,264.79949499302
19.32,-2.43114715175698,1.02352010850898,1.00263108860391,-0.085677909264989,-0.0212719254258931,0.608567857072445,-1.34715048250018,0.189863769382362,0.0474456748951447,-0.00450676379089709,-0.0845262497516825,-0.523572964161097,0.00172934230118169,-0.0277523039415169,251.197163601404,264.785231336438
19.33,-2.44327356737435,1.01737991275784,1.00260671486281,-0.0856052739496326,-0.0226152640622143,0.603426962390319,-1.34459488469915,0.174507419729272,0.048040802855197,-0.00332146418170422,-0.0964132752623215,-0.523574709909554,0.00172934230118169,-0.0277523039415169,251.185310025864,264.773006435683
19.34,-2.45532473020387,1.01119236015047,1.00258074929096,-0.0854972884577612,-0.0240749674715298,0.598295795281147,-1.34185665321,0.159522997094375,0.0487920520665635,0.00154101619754295,-0.107934576319424,-0.523575918008019,0.00901824545418679,-0.026916304955207,251.175638254635,264.763022151448
19.35,-2.46730103124044,1.00495940543869,1.00255324176321,-0.0853329760437126,-0.0256487261680951,0.593174070438808,-1.33888542897196,0.144569137870119,0.0496909711806349,0.00644456903344944,-0.119443734773446,-0.523575508314945,0.00901824545418679,-0.026916304955207,251.168126988089,264.7552694534
19.36,-2.47920346580754,0.998682841590427,1.00252428932888,-0.0850897078854938,-0.027327587911372,0.588060908588372,-1.33588315104063,0.130115035692597,0.0507230166222819,0.0161997293804498,-0.129040149160381,-0.523572123586046,0.0186718640230003,-0.0224883489765329,251.162854998882,264.749850322407
19.37,-2.49103339641039,0.992364848800693,1.00249405084468,-0.0847401465608573,-0.0291004718532802,0.582955207305585,-1.33263028992075,0.115711236992386,0.0518693536699752,0.0259890390040973,-0.13861342718816,-0.523564082274394,0.0186718640230003,-0.0224883489765329,251.15958221094,264.74654420376
19.38,-2.5027918415185,0.986007400891784,1.00246264510719,-0.084261889615217,-0.0309565746578364,0.577855858315804,-1.32936804131405,0.101830738396368,0.0531205283585078,0.0406087658102471,-0.145931308679918,-0.523549816680599,0.0283000149525894,-0.0172857357003033,251.158328853226,264.745411031596
19.39,-2.51448025593045,0.979612871223532,1.00243025113492,-0.0836278547724815,-0.0328826349995664,0.572761500406934,-1.32584244018507,0.0880305096730663,0.0544530887255924,0.0552547295264023,-0.15321498186568,-0.523527558535341,0.0283000149525894,-0.0172857357003033,251.158801647298,264.746193279095
19.4,-2.52609933057253,0.973183268819691,1.0023969795024,-0.0828201607533837,-0.0348683021961211,0.567670994689018,-1.32227696080572,0.0746962096822788,0.0558638476412728,0.0737608836554129,-0.158413080267882,-0.523496027073901,0.0359989049978976,-0.0125022872082204,251.160978173909,264.748923043647
19.41,-2.53765016514193,0.966720963540587,1.00236299024532,-0.0818171981558319,-0.0369009939351044,0.562582981383103,-1.31843998061472,0.0614811859002769,0.0573306557693024,0.0922861380294717,-0.163568044884494,-0.523453916362809,0.0359989049978976,-0.0125022872082204,251.164585022649,264.753375463138
19.42,-2.54913191686954,0.960226148021347,1.00232828830215,-0.0806294427646314,-0.0389717473958822,0.557496398217588,-1.31451562588207,0.0481730668189251,0.0588376482561096,0.108402266846715,-0.166997057270689,-0.523401824066064,0.0311324015762934,-0.00856012896643713,251.1696209329,264.759611202968
19.43,-2.56054383380402,0.953698883241257,1.00229289769431,-0.0792698889345283,-0.0410700365145228,0.552410074747555,-1.31031316559951,0.0350223251835257,0.0603859689928755,0.124531474539496,-0.170388603002292,-0.52334079825642,0.0311324015762934,-0.00856012896643713,251.176097328779,264.767689821079
19.44,-2.57188471569933,0.947139271983858,1.00225681982309,-0.0777553901467703,-0.0431888287197785,0.547323149344106,-1.30597508651057,0.0216812042680209,0.061959969233766,0.136862226338089,-0.172449930524631,-0.523272236555262,0.0234916940280046,-0.00552784156617935,251.18399592852,264.777627694819
19.45,-2.58315334817366,0.940547160316025,1.00222006485053,-0.0761066830027184,-0.0453199831919892,0.542234711919841,-1.30135537919758,0.00852885139864249,0.0635636161374032,0.149201257083526,-0.174482665984577,-0.523197981874524,0.0234916940280046,-0.00552784156617935,251.193407865771,264.789536933125
19.46,-2.59434854121642,0.933923061689576,1.00218266248036,-0.0743397464453731,-0.0474583253636235,0.53714411881704,-1.29655879009819,-0.00476502698652752,0.0651852943489449,0.157958570688789,-0.175546454838064,-0.523119594866962,0.0162968111938214,-0.00332139750420987,251.204275939204,264.803360718089
19.47,-2.60546905965866,0.927267233793742,1.00214464661243,-0.0724742031729518,-0.0495979132023438,0.53205070886131,-1.29147999427908,-0.0178460206977721,0.0668260678915382,0.16672051391173,-0.176589989565494,-0.523038960866427,0.0162968111938214,-0.00332139750420987,251.216681649322,264.819171224177
19.48,-2.61651381507867,0.920580673710633,1.0021060849496,-0.0705231730250815,-0.0517351464302296,0.526954028384024,-1.28619224469192,-0.030984993801459,0.0684778833190428,0.172553086998102,-0.176965876502124,-0.522957481938249,0.0104183546270274,-0.00180201099147806,251.230518183642,264.836832841633
19.49,-2.62748166778123,0.913864161432026,1.00206704700214,-0.068502748288554,-0.0538659183136816,0.521853621807657,-1.28062404921672,-0.0438932162730763,0.0701391215933891,0.178387636451077,-0.1773283057908,-0.5228767636416,0.0104183546270274,-0.00180201099147806,251.245813556309,264.856339808146
19.5,-2.63837163654657,0.90711912032206,1.00202763688076,-0.066422961282059,-0.0559878738976333,0.516749183868475,-1.27482381639315,-0.0567771450371474,0.0718041519406223,0.181991189209182,-0.177260113211794,-0.522797911316185,0.00594582372632827,-0.000822557742503751,251.26241151912,264.877487024604
19.51,-2.64918269132466,0.900346802693122,1.00198795869051,-0.0642961032947287,-0.0580983482093921,0.511640414706819,-1.26874659745028,-0.0694173497084536,0.0734699808600266,0.185594890192064,-0.17718362487844,-0.522722140119729,0.00594582372632827,-0.000822557742503751,251.280272105538,264.900184853833
19.52,-2.65991465330714,0.893548568934048,1.00194819212516,-0.0621294681335521,-0.0601885918436445,0.506526653341617,-1.26260502751764,-0.0819637497090586,0.0751237076335603,0.187579537728212,-0.175221941043522,-0.522650697519431,0.00270895538262045,0.00356155389817965,251.29918331675,264.924160810163
19.53,-2.67056746724238,0.886725564210392,1.00190852791339,-0.0599320697723521,-0.0622480553193555,0.501407185653872,-1.25619382875482,-0.0942580877441933,0.0767508004537831,0.189557315474469,-0.173255401670638,-0.52258499371821,0.00270895538262045,0.00356155389817965,251.318989719399,264.949194492298
19.54,-2.68114166257781,0.879879066934195,1.00186920592991,-0.0577091196296557,-0.0642623652897076,0.496281153985589,-1.2498707746773,-0.106404453545421,0.0783343520721543,0.190405630653565,-0.168130915682925,-0.522526388718241,0.000471690658912369,0.010920041215673,251.339453854861,264.974977010621
19.55,-2.69163805719633,0.873010097183591,1.00183048571893,-0.0554671202136972,-0.0662140477063872,0.491147612953954,-1.24329197187986,-0.118294050999689,0.0798491085288057,0.191235558613911,-0.163003591538829,-0.522476433631515,0.000471690658912369,0.010920041215673,251.360350134275,265.001204325057
19.56,-2.70205727429627,0.866120118765962,1.00179261696419,-0.0532098341021951,-0.0680894690714184,0.486005961258489,-1.23680180708366,-0.129995268977264,0.0812824388319978,0.191310070163343,-0.154869800741296,-0.52243615958625,-0.000993580269762778,0.0179267544745823,251.381447927831,265.02756533532
19.57,-2.7124002522089,0.859210358363292,1.00175586577807,-0.0509419241109528,-0.0698720276819493,0.480855528987811,-1.23007632354087,-0.141437155253109,0.0826087561777603,0.191355296966583,-0.146734374447153,-0.522406726761319,-0.000993580269762778,0.0179267544745823,251.402521550446,265.053750700568
19.58,-2.7226673758717,0.852282569674964,1.00172046419932,-0.0486661354992291,-0.0715523666660513,0.475696139268421,-1.22335749815995,-0.15266116807609,0.0838216036726729,0.19092428722346,-0.136535131795646,-0.522388585667488,-0.0018810467223586,0.0227359319537807,251.423354910503,265.079462847931
19.59,-2.73285928545993,0.84533832578425,1.00168665216296,-0.0463857761907887,-0.0731190914260656,0.470527581994154,-1.21642841882368,-0.163624429664652,0.0849029513000187,0.190456541759363,-0.126335093467882,-0.522382231032011,-0.0018810467223586,0.0227359319537807,251.443740807329,265.104415969541
19.6,-2.74297602404004,0.838379657887395,1.00165463113372,-0.0441028460423753,-0.0745682702268083,0.465350079736765,-1.20939868758832,-0.17434863119378,0.0858514594295205,0.189717528325017,-0.115271369802039,-0.522387487202447,-0.00234728767667978,0.024748056249479,251.463477120183,265.128335333598
19.61,-2.75301779160447,0.831408483960436,1.00162460080286,-0.0418196319960682,-0.07589512582018,0.460163852123176,-1.20218581454064,-0.184811201313084,0.0866604038803465,0.188938678505042,-0.10420756427711,-0.522404151266581,-0.00234728767667978,0.024748056249479,251.482374352403,265.15096710958
19.62,-2.76298433284462,0.824427036388169,1.00159672541076,-0.0395375556785639,-0.0771006935858622,0.454969400982463,-1.1947770387944,-0.195019740144238,0.087332159427752,0.188036536560464,-0.0933793192687538,-0.522431522515624,-0.00251491441899014,0.0241996893981547,251.500244850063,265.172068195412
19.63,-2.77287544814328,0.817437496289143,1.00157115835241,-0.0372581147502137,-0.0781862569409361,0.449767242367732,-1.18721189919357,-0.204965981544907,0.0878708302077371,0.187095427550266,-0.0825516428631006,-0.522468828501272,-0.00251491441899014,0.0241996893981547,251.51691771853,265.191424031943
19.64,-2.782690697035,0.810442200955618,1.00154802316702,-0.0349822619463759,-0.0791565384344474,0.444558016453398,-1.17938596272132,-0.214647853529321,0.0882815213683502,0.186135333433328,-0.0727748977688412,-0.522515015991635,-0.00247840727162546,0.0217535986099347,251.532223007941,265.20883123972
19.65,-2.79242961129578,0.803443484622643,1.00152742472374,-0.0327108764007401,-0.0800173193656306,0.439342382037902,-1.17142836862796,-0.224066826128849,0.0885760483748901,0.185140079767602,-0.0629992749046596,-0.522568942656264,-0.00247840727162546,0.0217535986099347,251.546014460589,265.22412334587
19.66,-2.80209169159828,0.796443701608735,1.00150944510176,-0.0304445252640923,-0.0807755062423398,0.434120999043188,-1.16317957733515,-0.233214553100739,0.0887614911257337,0.184196539751858,-0.0547565848133617,-0.522629386629617,-0.00230981279081957,0.018186941230893,251.558144298178,265.237142232754
19.67,-2.81167635379894,0.78944523538041,1.00149413864042,-0.0281836064792009,-0.0814395424789316,0.428894541691443,-1.15482075843684,-0.242098788245498,0.0888544026406523,0.18322339117437,-0.0465154830792965,-0.522695050970581,-0.00230981279081957,0.018186941230893,251.566924555361,265.246128781291
19.68,-2.82118314755189,0.782450391318084,1.00148153277539,-0.0259283761877001,-0.0820171597200381,0.423663609876136,-1.14617057685136,-0.250707494505665,0.0888643920845789,0.182346653589186,-0.0399881415477499,-0.522764719021941,-0.00206364799846498,0.0142011435678126,251.572189845748,265.250924753869
19.69,-2.83061150743949,0.775461521437267,1.00147161401144,-0.0236788700431148,-0.08251780408619,0.418428809381378,-1.13742856568632,-0.259052112618606,0.0888088082302949,0.181446519443643,-0.0334627248262817,-0.522837098756025,-0.00206364799846498,0.0142011435678126,251.574327147767,265.251959599683
19.7,-2.83996110557042,0.76848084149261,1.00146435247177,-0.0214351047672391,-0.0829489942835134,0.413190639385329,-1.12841719776842,-0.267118835585861,0.0886969099009546,0.180667589441194,-0.0286021220760483,-0.522911069873681,-0.00178018835522106,0.0103300319499313,251.573625865851,265.249567315323
19.71,-2.84923148936889,0.761510619999223,1.00145968162081,-0.0191968592374044,-0.0833199110036439,0.40794959637392,-1.11932890140293,-0.274920883253306,0.0885439684833925,0.179871275836192,-0.0237434537208862,-0.522985460977764,-0.00178018835522106,0.0103300319499313,251.570453510791,265.24417069747
19.72,-2.85842249098051,0.75455296494492,1.00145752979491,-0.0169639799865065,-0.0836371809225323,0.402706068784985,-1.1100067923939,-0.282444073659776,0.0883581675538422,0.179205905248095,-0.0203508370318933,-0.523059325857129,-0.00148860368631468,0.00692129167572239,251.565071372432,265.236085513852
19.73,-2.86753382409373,0.747610035409767,1.00145779391667,-0.0147360821074699,-0.0839088917844435,0.397460435679782,-1.10061975246708,-0.289702025508722,0.0881517478792168,0.178528431745442,-0.0169599496700084,-0.523131692078696,-0.00148860368631468,0.00692129167572239,251.557813223619,265.225707586134
19.74,-2.87656548952631,0.740683830656765,1.00146037346234,-0.0125129058126901,-0.0841404268689611,0.392212984548976,-1.09104038849859,-0.296681152673585,0.0879313157773943,0.177980620100088,-0.0147590892117338,-0.52320182685993,-0.00120918234562514,0.00415419491272713,251.548910065901,265.213326881427
19.75,-2.88551738561217,0.733776394752165,1.00146514223619,-0.0102939814067685,-0.0843383535573161,0.386963989651476,-1.08140572470738,-0.303394512474863,0.0877059061611042,0.177424982112874,-0.0125596462999441,-0.523268993022844,-0.00120918234562514,0.00415419491272713,251.538653874819,265.199298740523
19.76,-2.8943896693577,0.726889628644036,1.00147198074275,-0.00807899800453393,-0.0845067207472415,0.38171365745339,-1.07162033246818,-0.309829742393254,0.0874803301980901,0.176990117877327,-0.0112544979165091,-0.523332680082754,-0.000955050332763291,0.00207450070147452,251.527246164231,265.183883436744
19.77,-2.90318241574885,0.720025469713965,1.00148074957845,-0.00586746445654325,-0.0846504656795856,0.376462180131231,-1.06178747822319,-0.315998716329286,0.0872606997616284,0.1765506339763,-0.00995043137633757,-0.523392389925929,-0.000955050332763291,0.00207450070147452,251.514934850595,265.16738918529
19.78,-2.91189591232254,0.713185737240921,1.00149131733456,-0.00365906296974905,-0.0847723952263992,0.371209705780604,-1.05184165728492,-0.321890649954669,0.0870500776379871,0.176218290114514,-0.0092656852836268,-0.523447821316137,-0.000733628156674025,0.000634065650582504,251.5018945596,265.150045480004
19.79,-2.92053038550923,0.70637227831444,1.00150353807992,-0.00145332790745215,-0.0848759302000685,0.365956369329473,-1.04185495368815,-0.327515881424243,0.086852147115379,0.17588354177887,-0.00858171353204262,-0.523498696313273,-0.000733628156674025,0.000634065650582504,251.488331347401,265.132112462419
19.8,-2.92908622142369,0.699586849420393,1.00151727329888,0.000750033309314474,-0.0849628385919316,0.360702281048574,-1.03178699286467,-0.332865348053847,0.0866684584910335,0.175639887553988,-0.00828725381251281,-0.523544895799025,-0.000547917145600925,-0.000271962820684231,251.474396284944,265.113789595557
19.81,-2.9375637636844,0.692831227142498,1.00153237468506,0.00295142966127211,-0.0850352734152946,0.355447540465761,-1.02168392140476,-0.337947709386818,0.0865008157737165,0.175395217466766,-0.0079933143176511,-0.523586329149765,-0.000547917145600925,-0.000271962820684231,251.460258512488,265.095291949842
19.82,-2.9459634640916,0.686107123465219,1.00154869986021,0.00515110816939765,-0.085094216658881,0.350192235898201,-1.01152443587206,-0.342755612312198,0.0863495885490612,0.175225002009562,-0.00791515704766898,-0.523623024746641,-0.000397652017990876,-0.000773869637227759,251.446048822278,265.076790696529
19.83,-2.95428574668549,0.679416264275559,1.00156610055653,0.00734940416698478,-0.0851408625991011,0.344936447760531,-1.00133515040076,-0.347296050275187,0.0862152371869188,0.175054535861959,-0.00783732511314087,-0.523655039886991,-0.000397652017990876,-0.000773869637227759,251.431859608696,265.05841296043
19.84,-2.96253109913874,0.672760332896952,1.00158442925774,0.00954650921614974,-0.0851756632201266,0.339680252772783,-0.991107650434932,-0.351563260682363,0.0860982768141798,0.174942618041455,-0.00785824490279281,-0.52368252543851,-0.000280325598253774,-0.00100348937974984,251.416084546486,265.038503087239
19.85,-2.97069999269725,0.666141021534689,1.00160352190518,0.0117426797206827,-0.0851991666615288,0.334423722119202,-0.980855438838973,-0.355562687464736,0.0859998852163316,0.174830799457762,-0.0078793375794984,-0.523705663767335,-0.000280325598253774,-0.00100348937974984,251.398504546817,265.016852492567
19.86,-2.97879292790353,0.659559996550886,1.00162320126103,0.0139380503651041,-0.0852115219698491,0.32916692598632,-0.97057747177519,-0.359289971452908,0.0859206540111398,0.174763234169621,-0.00793242029926736,-0.523724684333049,-0.000192056469997672,-0.00107780827793156,251.379309243625,264.993676581416
19.87,-2.98681039490988,0.653018930083916,1.00164327426909,0.0161328020986735,-0.085212908411106,0.323909930786786,-0.960279797997025,-0.362749190494091,0.085861048751664,0.174695878094126,-0.00798556316401926,-0.523739832070406,-0.000192056469997672,-0.00107780827793156,251.358705163567,264.969204862676
19.88,-2.99475288809314,0.646519480654239,1.00166353563599,0.0183270173725836,-0.0852033519663152,0.318652801696263,-0.949964352918551,-0.365937174728897,0.085821179276833,0.174660582345602,-0.00804372021253802,-0.523751374044165,-0.000128299023397915,-0.0010894482567932,251.336915120314,264.943680558417
19.89,-3.00262089353818,0.640063310921563,1.00168376799153,0.0205208110065234,-0.085182882552663,0.313395600923557,-0.939634183400088,-0.368856854278429,0.0858009864315433,0.174625508681254,-0.00810185968019657,-0.523759585089045,-0.000128299023397915,-0.0010894482567932,251.314175759542,264.917358278273
19.9,-3.01041465458401,0.633651362698989,1.00170375859289,0.022706376495358,-0.0851515452855126,0.308138387436167,-0.929290708482568,-0.371673889977324,0.0857977206634412,0.172869243476628,-0.00816779361594468,-0.523764765940575,-0.00357647547116889,-0.00110345777769801,251.290757172555,264.890524832788
19.91,-3.0181343572168,0.62728441455791,1.00172329246979,0.0248741890171359,-0.0851094778561901,0.302881215513165,-0.918936579304091,-0.37422542907133,0.0858071599539962,0.171113585421939,-0.00823773780430811,-0.523767220251887,-0.00357647547116889,-0.00110345777769801,251.26698586424,264.863523400613
19.92,-3.02577992192759,0.620962408594595,1.00174216435418,0.0270057518445781,-0.0850569539623522,0.297624132612697,-0.908570744300899,-0.376907730222095,0.0858249943753518,0.165260209151735,-0.00833881465262137,-0.523767269552993,-0.0117895049515921,-0.00115678180283511,251.243153365235,264.836658220857
19.93,-3.03335114282013,0.614684879551702,1.00176017909952,0.0290784783320767,-0.0849944753971325,0.292367176833065,-0.898196960621195,-0.379334892996847,0.0858391391452514,0.159408393614422,-0.00845349031656318,-0.52376523663644,-0.0117895049515921,-0.00115678180283511,251.219655511314,264.810340410747
19.94,-3.04084776907117,0.608451166681948,1.00177713567645,0.0310682961078139,-0.0849227313096596,0.287110375567593,-0.887811413246961,-0.382026881570891,0.0858485281805139,0.148217222156933,-0.00863087959114685,-0.523761438182124,-0.0224982220774543,-0.00125860830066868,251.196759276783,264.784844321918
19.95,-3.04826938178186,0.602260043187818,1.00179285007591,0.032945804761083,-0.0848427214899364,0.2818537417032,-0.877419572970525,-0.384484342071507,0.0858323738716287,0.137028813103506,-0.0088343595897452,-0.523756193592419,-0.0224982220774543,-0.00125860830066868,251.174861528609,264.760578435094
19.96,-3.05561568209968,0.596110599067559,1.00180712735141,0.0346862761617922,-0.0847556048917629,0.276597275629942,-0.867015687423248,-0.387247047963106,0.0857948699360007,0.120351141759362,-0.00912737188425395,-0.52374980376427,-0.0335165591771546,-0.00139380673987504,251.154176778362,264.737758922162
19.97,-3.06288618924769,0.59000129204084,1.00181979154897,0.0362595052898056,-0.0846628725211317,0.271340960067546,-0.856606366799747,-0.389806609869196,0.0857085197709827,0.103677295412273,-0.00945931699289742,-0.523742577647161,-0.0335165591771546,-0.00139380673987504,251.13505637384,264.71674378548
19.98,-3.07008064584127,0.58393125155651,1.00183066525239,0.0376443710846663,-0.0845660934321101,0.26608476697709,-0.846185530425447,-0.392631586798578,0.085580926050703,0.0823105858096786,-0.00989318703713082,-0.523734800960098,-0.0429452274953564,-0.00153011969443409,251.117648014734,264.697676789679
19.99,-3.07719862380269,0.577898998075323,1.00183958978911,0.0388150706345001,-0.0844671291217821,0.260828651347352,-0.835759525564853,-0.395294161082266,0.0853833810035616,0.0609483288598937,-0.0103769712737965,-0.523726773306825,-0.0429452274953564,-0.00153011969443409,251.102219830052,264.680826685133
20,-3.08423995709191,0.571903892648441,1.00184642201584,0.0397571602722488,-0.0843678148017113,0.255572562715833,-0.825323902795538,-0.398125124065689,0.0851227501853302,0.036371683167182,-0.0109553466725954,-0.523718767337809,-0.0494106115405725,-0.00162722930925897,251.088851024786,264.666263640728
20.01,-3.09120433921862,0.565944784281631,1.00185103761703,0.040452989990266,-0.0842701874078401,0.250316438639085,-0.814882941633233,-0.40084093287963,0.0847761056769729,0.011799574767695,-0.0115911637622065,-0.52371107018996,-0.0494106115405725,-0.00162722930925897,251.077701718204,264.654141709456
20.02,-3.09809170680786,0.560021345499952,1.0018533416112,0.0408963666169507,-0.0841761582096665,0.245060218602638,-0.80443570630933,-0.403599354170645,0.0843458406910082,-0.0141584024358461,-0.0122937616204452,-0.523703934289616,-0.052204129701819,-0.00164589983606147,251.068792289858,264.644468042779
20.03,-3.1049018974673,0.554132882123136,1.00185325917558,0.0410797155967461,-0.0840877154526503,0.239803838188405,-0.793982625193924,-0.406292773126196,0.0838202577929022,-0.0401122248281255,-0.013057056010582,-0.523697617566096,-0.052204129701819,-0.00164589983606147,251.062171964751,264.637279483633
20.04,-3.1116349307443,0.548279351092045,1.00185074873495,0.0410051587075017,-0.0840066497539263,0.23454724193276,-0.783527728557077,-0.408902604652909,0.0831959373679583,-0.0656081518227678,-0.013842084533938,-0.523692331812334,-0.0512915555803815,-0.00155569445514619,251.057819374943,264.632538615652
20.05,-3.11829077193123,0.542460507339804,1.00184579072579,0.0406752766734946,-0.0839346902898229,0.229290379362031,-0.773066189130419,-0.411496839551549,0.0824741815967071,-0.09110059509593,-0.0146867534690837,-0.523688275730789,-0.0512915555803815,-0.00155569445514619,251.055694409787,264.630188376689
20.06,-3.12486980627985,0.536677876847198,1.00183839808057,0.0401142349037973,-0.0838733088780933,0.224033214087507,-0.762608521650331,-0.413584917926042,0.0816394439084869,-0.11123940748496,-0.0154937113819976,-0.523685514079944,-0.0405409145089341,-0.00134023519094668,251.055735989392,264.630149837966
20.07,-3.13137247041788,0.530933265453434,1.00182860867321,0.0393515497311779,-0.0838236179602285,0.218775726263734,-0.752144835081862,-0.415697355371071,0.0807256487355888,-0.131375486216087,-0.0163477961675974,-0.523684044393099,-0.0405409145089341,-0.00134023519094668,251.057802326303,264.632261041876
20.08,-3.13779908772812,0.525228089806337,1.00181645398257,0.0384146112766206,-0.083786441482839,0.213517910606918,-0.74169125892233,-0.417269446247146,0.079722330819919,-0.145442569668048,-0.017098515496266,-0.523683821435029,-0.0283574927112782,-0.00100251459034608,251.061870290352,264.636485425719
20.09,-3.14415006292489,0.519564166535962,1.00180198503682,0.0373368731195864,-0.083762155770643,0.208259780193278,-0.731231969061602,-0.418894274773972,0.0786616296200577,-0.159507518483119,-0.0178821676996909,-0.523684714616595,-0.0283574927112782,-0.00100251459034608,251.067884138167,264.642754537281
20.1,-3.15042551998183,0.513942172663294,1.00178525694824,0.0361410199679871,-0.0837509449758359,0.203001356411857,-0.720787347275655,-0.420101909272391,0.0775398472446531,-0.168549008380751,-0.0185073228438065,-0.523686607550189,-0.0182768506231667,-0.000566917184082591,251.07584345954,264.651059582618
20.11,-3.15662566153856,0.508363139836762,1.0017663394386,0.034854751798182,-0.083752555706347,0.197742676185519,-0.710336481187027,-0.421380811495149,0.0763777233281833,-0.177588895710216,-0.0191536527745748,-0.523689306495161,-0.0182768506231667,-0.000566917184082591,251.085762842537,264.661409890223
20.12,-3.16275066661195,0.502826968926369,1.00174534255383,0.033495074990289,-0.0837645140252439,0.192483851523746,-0.699956427944319,-0.42237743709631,0.0751734793084315,-0.182864185803723,-0.0191222665106395,-0.523692521488716,-0.0107231222073466,0.0010580219276664,251.097619271111,264.673777276962
20.13,-3.16880083869278,0.497333830381952,1.00172239322553,0.0320827221127445,-0.083783462353492,0.187225017577371,-0.689569733639608,-0.423456670008378,0.073936955554004,-0.188140128419742,-0.0191031802968968,-0.523695862978308,-0.0107231222073466,0.0010580219276664,251.111392604104,264.688140201691
20.14,-3.17477638632362,0.491883012896985,1.00169765290353,0.0306296800791184,-0.0838051449120432,0.181966323444366,-0.679291216433651,-0.424367538755002,0.0726667701390792,-0.190756280974448,-0.0180640667005289,-0.523698923761609,-0.00538249282542826,0.00346455535796252,251.12702137195,264.704436320941
20.15,-3.18067767496291,0.486473996153896,1.00167130200242,0.0291505391716724,-0.0838241426548538,0.176707942211201,-0.669006717844825,-0.425367202668217,0.0713657659983576,-0.19337651478721,-0.0170308833922282,-0.523701205329064,-0.00538249282542826,0.00346455535796252,251.144425737947,264.722588085083
20.16,-3.18650487137421,0.481105634661852,1.00164354020233,0.0276532759936206,-0.0838357342543807,0.171450002951908,-0.658838474561746,-0.426286147703975,0.0700328091177031,-0.194212909174493,-0.0149122647106069,-0.523702307000319,-0.00179321361831451,0.00601050312099647,251.163504356932,264.74249773659
20.17,-3.19225830644634,0.475776912082977,1.00161458596529,0.0261475938800693,-0.0838340189217033,0.166192654253578,-0.648666387524186,-0.427296499851684,0.0686671576785757,-0.19505705385968,-0.0127952008957872,-0.523701763128167,-0.00179321361831451,0.00601050312099647,251.184124909801,264.764038262333
20.18,-3.19793804916885,0.470486394584288,1.00158466366186,0.0246384346092977,-0.083814900070481,0.16093597219649,-0.63859471495165,-0.428290082402613,0.0672680790832082,-0.1947759675723,-0.00975706875077923,-0.523699285692013,0.000481236188793429,0.00816307207722467,251.206151395146,264.787080135734
20.19,-3.20354431707633,0.465232732316533,1.00155401396163,0.0231318209153199,-0.0837733029163625,0.15568004575382,-0.628522752447856,-0.429375313763181,0.0658337008389913,-0.194505752832154,-0.0067176523032829,-0.523694551082117,0.000481236188793429,0.00816307207722467,251.229416138563,264.811462185426
20.2,-3.20907704446325,0.460014311774801,1.00152287406748,0.0216304920282208,-0.0837065467243384,0.150424887477509,-0.618518217479037,-0.430488495164546,0.0643638143712701,-0.193586683847575,-0.00308778516645916,-0.5236874463004,0.00180530387292677,0.00953733709376357,251.253756614282,264.837028625479
20.21,-3.21453628022511,0.454829572217662,1.0014914931559,0.0201378135652114,-0.0836113298935287,0.145170516130453,-0.608517930907561,-0.431692091576386,0.0628570663246952,-0.192680478745261,0.000545038289345149,-0.523677848907313,0.00180530387292677,0.00953733709376357,251.278988724654,264.863600689692
20.22,-3.21992181015501,0.449676795771152,1.00146011174028,0.0186549951843287,-0.0834868312846627,0.139916887563412,-0.598542663391917,-0.432953544295064,0.061313802252743,-0.191457302068209,0.00434611195663478,-0.523665836665372,0.00246660366803517,0.00992240510359196,251.30493199073,264.891002090184
20.23,-3.22523348867173,0.444554296704871,1.00142897678301,0.0171835669040758,-0.0833320497116537,0.134663958532748,-0.588576509460999,-0.434303350932642,0.0597340962118368,-0.190247524173701,0.0081509401667288,-0.523651499040657,0.00246660366803517,0.00992240510359196,251.331402014888,264.919050338416
20.24,-3.2304709624252,0.439460301427303,1.00139832478178,0.015723735861848,-0.08314812217071,0.129411645740218,-0.578591122722861,-0.435729892229479,0.0581188405583234,-0.188941844540936,0.0116848872266373,-0.523635083287907,0.00268459867508652,0.00928133545649376,251.358208090442,264.947554056629
20.25,-3.23563389586163,0.434393055348417,1.00136839258533,0.0142758337680666,-0.0829364570344834,0.124159863722856,-0.568619304730565,-0.437242356160923,0.0564697700932774,-0.187648571432955,0.0152227532815663,-0.523616864486904,0.00268459867508652,0.00928133545649376,251.385177017065,264.97633689128
20.26,-3.240721825156,0.429350758241621,1.00133940718498,0.0128394667602963,-0.0826999499394884,0.118908511876104,-0.558588607296214,-0.438842463464494,0.0547883190902634,-0.186397732721852,0.0180982627392871,-0.523597214732206,0.00262236412524603,0.00772745978343277,251.412114247473,265.005197351163
20.27,-3.24573425547503,0.424331620666487,1.0013115897893,0.0114142481844976,-0.0824421667887478,0.11365748685957,-0.548574834962284,-0.440526002320834,0.0530775869236487,-0.185156939315546,0.0209774251733014,-0.523576545284766,0.00262236412524603,0.00772745978343277,251.438864364035,265.033971014088
20.28,-3.25067065403126,0.419333831597132,1.0012851538932,0.00999947921819189,-0.0821673424443791,0.108406691700298,-0.538471798547076,-0.442302520112122,0.0513395301295998,-0.184036884847053,0.0228979976185461,-0.523555297729271,0.00239781720557251,0.00548448906727105,251.465234020985,265.062450936814
20.29,-3.25553041591205,0.414355585616502,1.00126030148619,0.00859440409818946,-0.0818806820039179,0.103156028316877,-0.52838739856735,-0.444160116898097,0.0495780103060701,-0.182923474202296,0.024821700696299,-0.523533959398185,0.00239781720557251,0.00548448906727105,251.491087729657,265.090486855847
20.3,-3.26031298619765,0.409395068588021,1.00123722976221,0.00719822755224276,-0.081587213087468,0.0979054198591742,-0.518195181042372,-0.446112294359651,0.0477954238155208,-0.181967107745982,0.0256130787848133,-0.523512985093046,0.00209340040539643,0.00283894306926865,251.516237329954,265.117870937826
20.31,-3.2650177082833,0.404450468575142,1.00121611945978,0.00581006723752789,-0.081293108354658,0.0926547914481807,-0.5080213191145,-0.448143449980632,0.0459957291052878,-0.181013371641675,0.0264069543315029,-0.523492877100193,0.00209340040539643,0.00283894306926865,251.540565909849,265.144466554057
20.32,-3.26964405006837,0.399519971636713,1.00119714947533,0.00442916838969465,-0.0810036072345168,0.0874040965289411,-0.497733439590369,-0.450268436649138,0.0441815852509313,-0.180225073110106,0.0260242185706473,-0.523474052953617,0.00176416234063535,9.27923404649362e-05,251.563893857914,265.170069692191
20.33,-3.27419136193898,0.394601763585581,1.00118047438292,0.00305467902960932,-0.0807251377528078,0.082153294007987,-0.487461514593077,-0.452470603489267,0.0423577220314908,-0.179435246059121,0.0256433497551992,-0.523456989781736,0.00176416234063535,9.27923404649362e-05,251.583816140696,265.192143721803
20.34,-3.27865915439611,0.389694033472155,1.00116622781378,0.00168596541112675,-0.0804627905526607,0.0769023703553622,-0.477076165448819,-0.45476450125223,0.0405295231316508,-0.178801989726744,0.0241215884775218,-0.523442068608847,0.00144459886377632,-0.00256789942152913,251.599040715666,265.209314281109
20.35,-3.28304681493296,0.384794968454723,1.00115449442824,0.000322299005426798,-0.0802228070168969,0.0716513205971763,-0.466702288818527,-0.457134077330325,0.0387022435159249,-0.17816319483814,0.0226012106512362,-0.523429703295278,0.00144459886377632,-0.00256789942152913,251.6099667947,265.221975643935
20.36,-3.28735390178747,0.379902762660664,1.00114533477715,-0.00103679331156333,-0.0800098966977047,0.0664001631923629,-0.456219234627656,-0.459592637780022,0.036880605274748,-0.177662731066854,0.020026772243205,-0.523420176635336,0.00115378548168142,-0.00502498934169324,251.616919467898,265.230444938644
20.37,-3.29157984866725,0.375015607663455,1.00113876508678,-0.00239187013771636,-0.0798298304792298,0.0611489279891396,-0.445741219597261,-0.46212561281279,0.0350684136309481,-0.177153001164313,0.0174534293816659,-0.523413798206239,0.00115378548168142,-0.00502498934169324,251.620294907791,265.235113592958
20.38,-3.29572429671104,0.370131701712313,1.00113478686529,-0.00374323315997352,-0.0796864157815735,0.055897661531025,-0.435169255800263,-0.464744642390654,0.0332692325305881,-0.176759621861249,0.0140279827118444,-0.523410723500759,0.000900092980433892,-0.00701122656802534,251.620412040009,265.236293369666
20.39,-3.29978677507249,0.365249239852969,1.00113336354726,-0.00509126263264375,-0.0795843171299957,0.050646422522068,-0.424594229567342,-0.467437030628153,0.0314853889999789,-0.176353950617207,0.0106034969136435,-0.523411126254543,0.000900092980433892,-0.00701122656802534,251.617645687269,265.234355471015
20.4,-3.30376703591814,0.36036642443179,1.00113445142029,-0.00643610346970036,-0.0795260111789469,0.0453952760448983,-0.413949564049772,-0.470212662913516,0.0297190008407213,-0.176042812733177,0.00662349860730247,-0.523415017661675,0.000684881409955401,-0.00830679004310035,251.612300267505,265.229599310363
20.41,-3.30766474485028,0.355481454074908,1.00113797589815,-0.00777797692750337,-0.0795145333983693,0.0401442973743379,-0.403292528270194,-0.473060770270819,0.0279710757249542,-0.175717405445001,0.00264441717793899,-0.523422415184021,0.000684881409955401,-0.00830679004310035,251.604714425143,265.222362089122
20.42,-3.31147977449827,0.350592536780689,1.00114385953436,-0.00911690297240884,-0.079550817666398,0.0348935571971222,-0.392594429851043,-0.475989590396626,0.0262421985946546,-0.175467241672657,-0.0015469511561165,-0.523433185907431,0.000505338485501004,-0.00880323817513487,251.595172885779,265.212927079849
20.43,-3.31521194463552,0.345697876659326,1.00115200164631,-0.0104529796581722,-0.0796360123918154,0.0296431317940559,-0.381874026946983,-0.478990128014799,0.0245323323836138,-0.175202052367909,-0.00573741805352043,-0.523447190332514,0.000505338485501004,-0.00880323817513487,251.583969458617,265.201589898016
20.44,-3.31886123887702,0.340795689861072,1.00116229972317,-0.011786142056583,-0.0797695264910988,0.0243930843411771,-0.371140344508889,-0.482069174805586,0.0228406853071278,-0.174996448397084,-0.0098012073788243,-0.523464168826521,0.000356635678561533,-0.00851031633338187,251.571366674564,265.188616328508
20.45,-3.32242762458718,0.335884188955984,1.00117463550715,-0.0131164071141334,-0.0799506439395229,0.0191434771093826,-0.360374411107725,-0.485219254803351,0.0211664570926203,-0.174776273064813,-0.0138641281535716,-0.523483843915148,0.000356635678561533,-0.00851031633338187,251.55761119669,265.174258964651
20.46,-3.32591117222111,0.330961600788638,1.00118888752165,-0.0144436656055828,-0.0801774601192775,0.0138943552764453,-0.349618013468945,-0.488445940776035,0.0195078296735322,-0.174603828469075,-0.01750852530504,-0.52350586040998,0.000233444754035303,-0.00753740344367079,251.542942720687,265.158766147513
20.47,-3.32931197051839,0.326026149398396,1.00120492536404,-0.0157678938197803,-0.0804476535040637,0.0086457558181968,-0.338819974311743,-0.491742996220292,0.017863466953784,-0.174418310996977,-0.0211521278679789,-0.523529837383,0.000233444754035303,-0.00753740344367079,251.52756358916,265.142350754935
20.48,-3.33263014388694,0.321076074134505,1.00122261278032,-0.0170889736766359,-0.0807583514542056,0.00339769988637995,-0.328046531559309,-0.495114984732696,0.0162309646758691,-0.174272034849669,-0.0241621468633594,-0.523555363808038,0.000130887184732133,-0.00606297277171179,251.511691026537,265.125244125058
20.49,-3.33586586360897,0.316109612650562,1.00124181037758,-0.0184068742255876,-0.0811060494459098,-0.00184980645588494,-0.317223071107963,-0.498556652335961,0.0146086192297501,-0.17411495525437,-0.0271714890018008,-0.523581999232967,0.000130887184732133,-0.00606297277171179,251.495489138025,265.107625467799
20.5,-3.33901927254653,0.311125017396507,1.00126237019178,-0.019721495300877,-0.081487319098559,-0.00709676698789083,-0.306430253242697,-0.502071724468234,0.0129938561738276,-0.173991228987322,-0.0294237327887837,-0.52360931922961,4.50163868036314e-05,-0.00430000524134555,251.479153353102,265.089709240751
20.51,-3.34209058062636,0.306120540358462,1.00128414569376,-0.0210328222163523,-0.081897976768112,-0.0123432059865173,-0.29558036417955,-0.505655720952823,0.0113847388788391,-0.17385941254632,-0.0316754488623925,-0.523636870470506,4.50163868036314e-05,-0.00430000524134555,251.462816935196,265.071647803293
20.52,-3.34508007439199,0.301094448569014,1.00130699316927,-0.0223407901676895,-0.082333033968613,-0.0175891791285477,-0.284793571447564,-0.509311738664415,0.00977835812837935,-0.17375731299525,-0.0328231891638606,-0.523664169836462,-2.70523942350961e-05,-0.00172755914186082,251.446647018319,265.053630843467
20.53,-3.34798815455355,0.296045011400329,1.00133077675726,-0.023645431924136,-0.0827864006075172,-0.022834775768912,-0.273944419105951,-0.513036020138613,0.0081723306447965,-0.173651083723313,-0.0339706069753321,-0.523690691908067,-2.70523942350961e-05,-0.00172755914186082,251.430725921072,265.035762374664
20.54,-3.35081515986589,0.290970512073785,1.0013553532552,-0.0249467508477756,-0.0832525205247141,-0.0280800934646456,-0.263168284679678,-0.516831080901908,0.00656415863041499,-0.173572708064185,-0.033887495014545,-0.523715968557337,-8.70757971286195e-05,0.00114115829530344,251.41519850106,265.018213463481
20.55,-3.35356156843015,0.285869238588307,1.00138059115923,-0.0262448484720123,-0.0837246097677205,-0.0333252708588015,-0.252326702119536,-0.520693756983729,0.00495124705016696,-0.173494619749674,-0.0338042826879216,-0.52373948776103,-8.70757971286195e-05,0.00114115829530344,251.40011742185,265.001061189227
20.56,-3.35622767426399,0.280739487750243,1.00140634340192,-0.0275398081944813,-0.0841976214364516,-0.0385704237946203,-0.241543652606842,-0.524625979960927,0.00333188069321385,-0.173442925315734,-0.0326031381850985,-0.52376087158891,-0.000135714242543463,0.00374850919458395,251.385609809355,264.98446144818
20.57,-3.35881390966301,0.275579562353501,1.00143247586089,-0.0288317993032182,-0.0846653934616934,-0.0438157085140339,-0.2306942851705,-0.52862510047944,0.00170360186979841,-0.173395532896338,-0.0314020886964465,-0.523779708067533,-0.000135714242543463,0.00374850919458395,251.371718667512,264.968483394566
20.58,-3.36132047382329,0.270387767937494,1.00145883710279,-0.0301209754840038,-0.0851240383871626,-0.0490612361210366,-0.219874941955035,-0.532692454128108,6.53973626745574e-05,-0.173372409730609,-0.0293401080981756,-0.523795753080863,-0.000172903423480094,0.00575735628717562,251.358554448792,264.95326664468
20.59,-3.36374768545522,0.26516241595228,1.00148528831119,-0.0314075561774868,-0.0855688103051969,-0.0543071512818357,-0.208990296450058,-0.536825889171173,-0.00158475113568019,-0.17335668160593,-0.027278364487843,-0.523808743535225,-0.000172903423480094,0.00575735628717562,251.346160200344,264.938880170633
20.6,-3.36609563783933,0.25990181558011,1.00151167603063,-0.0326917429973708,-0.0859972447464353,-0.059553542688492,-0.198102264035627,-0.541026139849388,-0.00324742386135697,-0.17336194424071,-0.0246712596397897,-0.523818582971195,-0.000198362410258465,0.00703056476989549,251.334628905029,264.925444055414
20.61,-3.36836451577657,0.25460428078933,1.00153785831676,-0.0339737799968662,-0.0864063338622802,-0.0648005220909893,-0.187151306598837,-0.545291565495108,-0.00492404103407904,-0.173376562198372,-0.0220644717421237,-0.523825171396315,-0.000198362410258465,0.00703056476989549,251.324006080244,264.913027332592
20.62,-3.37055432311847,0.249268120419861,1.00156368367362,-0.0352538898482403,-0.0867950003429556,-0.0700481457431944,-0.176165495350216,-0.549622313509347,-0.00661501389388304,-0.173407748540193,-0.0192199988884139,-0.523828550142411,-0.000212038384371187,0.0075860640544163,251.314365874782,264.901727021676
20.63,-3.37266512509244,0.243891646337655,1.00158901076343,-0.0365323149183572,-0.0871619305764705,-0.0752964812292752,-0.165119921693685,-0.554017269133127,-0.00832118497632006,-0.173449145494702,-0.016375866895568,-0.523828769647172,-0.000212038384371187,0.0075860640544163,251.305754418143,264.891608492808
20.64,-3.3746968681634,0.238473164778083,1.00161369465256,-0.0378092737114357,-0.087507204607335,-0.0805455500391296,-0.15401421421077,-0.558476033845653,-0.0100429724118185,-0.173501894344694,-0.0135507621820983,-0.523825983369042,-0.000214384890695609,0.00754242575955011,251.298225914857,264.882743063888
20.65,-3.37664953291202,0.23301098305975,1.00163759927621,-0.0390849848146387,-0.0878309222888207,-0.0857953740435194,-0.142852164100628,-0.562998014659858,-0.0117807976039047,-0.173564786802293,-0.01072598078643,-0.523820362102159,-0.000214384890695609,0.00754242575955011,251.291823256292,264.875187343003
20.66,-3.37852304561887,0.227503404290628,1.00166059073887,-0.0403596428407868,-0.0881339968777233,-0.0910459438601502,-0.13161274727714,-0.567582334566041,-0.0135351702905153,-0.17363353984285,-0.008105020846539,-0.523812137784582,-0.000206463155787661,0.00706730430225137,251.286580290144,264.868985777161
20.67,-3.38031734521009,0.221948730926319,1.00168254294203,-0.0416334273972099,-0.0884175457005552,-0.0962972416718803,-0.120320244871277,-0.572228889007648,-0.0153063010098145,-0.173711705362566,-0.00548434230385487,-0.523801563203161,-0.000206463155787661,0.00706730430225137,251.282532384322,264.864181392227
20.68,-3.38203232305099,0.216345748294495,1.00170335683439,-0.0429014102069361,-0.0886829657870017,-0.101549235588146,-0.10894146665419,-0.576828099269144,-0.0170916927066246,-0.172660185403236,-0.00317582257747395,-0.523788906482487,0.00207485576378472,0.00633633719836006,251.2796829748,264.860781206015
20.69,-3.38366785343916,0.210693351441531,1.00172294571342,-0.0441575076358167,-0.0889319108630016,-0.106801881769562,-0.097512981789222,-0.581487831632906,-0.0188878192447059,-0.171616981624504,-0.000864888520366613,-0.52377446521466,0.00207485576378472,0.00633633719836006,251.278015397985,264.858768417624
20.7,-3.38522382114775,0.204990661764262,1.00174124264945,-0.0453933562169111,-0.0891658809499138,-0.11205513874631,-0.0859966637422511,-0.586024927822832,-0.020689380465984,-0.168685372179652,0.00109407347660853,-0.523758542548509,0.00587415513387753,0.00550431563806866,251.27751075396,264.85812156244
20.71,-3.38670007257438,0.199236995016121,1.00175819576211,-0.0465986776495819,-0.0893866380443778,-0.117308951380375,-0.0744338404095502,-0.590618342630953,-0.0224905467585689,-0.165760808986795,0.00305990293657443,-0.523741473550437,0.00587415513387753,0.00550431563806866,251.277652969899,264.858296096033
20.72,-3.3880965054799,0.193431722621733,1.00177375592813,-0.0477629307339337,-0.0895955041505501,-0.122563279811869,-0.0627869965230803,-0.595037505166361,-0.0242808609389522,-0.160469190466941,0.00468567762087416,-0.523723606778029,0.0106303270955685,0.00468876912619966,251.275043721172,264.855726680369
20.73,-3.38941296708761,0.18757447671494,1.00178786310253,-0.0488731843858659,-0.0897940328521411,-0.127818071148645,-0.0510965585909038,-0.599505157328218,-0.0260509276681117,-0.155183615248022,0.0063237724070138,-0.523705317988933,0.0106303270955685,0.00468876912619966,251.269770849068,264.850493571841
20.74,-3.39064931658155,0.181665311327513,1.00180045304769,-0.0499126612089438,-0.089983181369173,-0.133073296613588,-0.0393294480675105,-0.603656422659312,-0.0277824772079622,-0.146149822606401,0.00766759358726888,-0.523686955417675,0.0181534870323165,0.00396414755419013,251.262282190193,264.843052687023
20.75,-3.39180533464103,0.175704699650825,1.00181146015015,-0.0508608181139238,-0.0901640303761652,-0.138328918569716,-0.02752198198245,-0.607843355066301,-0.0294651077167917,-0.137121484600083,0.00903244836177097,-0.523668881204139,0.0181534870323165,0.00396414755419013,251.253130926166,264.83396897482
20.76,-3.39288083168462,0.16969330847285,1.00182080635097,-0.0516960468110276,-0.0903370069648945,-0.143584927788464,-0.0156471310659294,-0.611595240248944,-0.0310722747774755,-0.1232746990159,0.0101658012109057,-0.52365142671817,0.0278234746806674,0.00336325609365742,251.242738952018,264.823669275011
20.77,-3.3938755134779,0.163632364688292,1.00182842253202,-0.0523919090281721,-0.0905025551238772,-0.148841310506809,-0.00373558611582717,-0.615362599743131,-0.0325955261541262,-0.109433169033178,0.0113314392452488,-0.523634937593555,0.0278234746806674,0.00336325609365742,251.231644534872,264.812701310754
20.78,-3.39478916244369,0.157522858423155,1.00183421735669,-0.0529259192688318,-0.090660502571889,-0.15409808052741,0.00823377871101472,-0.618651764628373,-0.0340026300857949,-0.090579746361939,0.0123290315268666,-0.523619716004889,0.0378854646954213,0.0028838160651533,251.22021436134,264.801432832633
20.79,-3.3956214421702,0.151366404960034,1.00183811326245,-0.0532705735643137,-0.0908106321949707,-0.159355249151565,0.0202358735909002,-0.621927196311306,-0.0352897036665217,-0.0717315661181432,0.0133706312269514,-0.523606076886335,0.0378854646954213,0.0028838160651533,251.20893089586,264.790352187148
20.8,-3.39637213718724,0.145164025188736,1.00184001443104,-0.0534065956015077,-0.0909522196841714,-0.164612849424733,0.0322872968168056,-0.624758740017722,-0.036424955989193,-0.048584356333883,0.0142951437543884,-0.523594276865987,0.0465221824127236,0.00249755799810491,251.198087474736,264.779749694012
20.81,-3.39704091386388,0.138917342948797,1.00183984013318,-0.0533104066409702,-0.0910844914667573,-0.169870910429621,0.0443673077011606,-0.627538173850538,-0.037408699693699,-0.0254422975792255,0.0152737271501896,-0.523584581797899,0.0465221824127236,0.00249755799810491,251.1880755528,264.770018195159
20.82,-3.39762758591637,0.132627200280172,1.00183750646706,-0.0529690686587079,-0.0912063137524075,-0.175129473594147,0.0564900307780383,-0.629965831434457,-0.0382169760521113,0.000591947182647861,0.016165431475604,-0.523577187161805,0.0523383562787592,0.00216138468696143,251.179109616273,264.761365561694
20.83,-3.39813186337654,0.126294944851973,1.00183294516252,-0.0523667496038093,-0.0913165520565661,-0.180388571570159,0.0686370863947497,-0.632295217121479,-0.0388515456602595,0.0266213858908235,0.0171179839881282,-0.523572289973779,0.0523383562787592,0.00216138468696143,251.171466757162,264.754065503602
20.84,-3.39855360559944,0.119921143946824,1.00182610081069,-0.0514985438915807,-0.0914138623278923,-0.185648238828754,0.0808223250341514,-0.634394346947987,-0.0393018536663571,0.0537605144202895,0.0179902537151244,-0.523570008954539,0.054575884764829,0.00182863533578615,251.16528872666,264.748250680898
20.85,-3.39889259296588,0.11350672273882,1.00181693482096,-0.050358434851924,-0.0914969870995325,-0.190908494399985,0.0930275281554999,-0.63634387925529,-0.0395682469705474,0.0808954652331257,0.0189259822145003,-0.523570450347571,0.054575884764829,0.00182863533578615,251.160734977085,264.744073161643
20.86,-3.39914908476398,0.107050186230454,1.00180542847414,-0.0489688835673367,-0.0915646230236055,-0.196169349150901,0.105269108021385,-0.638592431723411,-0.0396872051409794,0.103061408689392,0.0197621678640601,-0.523573511098285,0.0446061770305893,0.00145867364776496,251.157861596676,264.741577884924
20.87,-3.39932338588204,0.100549814270525,1.00179158391421,-0.0473573180379023,-0.0916158726251566,-0.201430786116742,0.117528275673957,-0.640640345012455,-0.0396514403436916,0.125224052553797,0.0206502023003693,-0.523579010447786,0.0446061770305893,0.00145867364776496,251.15664276598,264.740726916748
20.88,-3.39941584244912,0.0940039157772071,1.00177540016202,-0.0455532534542634,-0.091649942028222,-0.206692775914425,0.129824283107846,-0.643090840043207,-0.0395028487016885,0.140852191220694,0.0213989955581088,-0.523586702771824,0.0314977800052796,0.00102725320377752,251.15715498796,264.74159179613
20.89,-3.3994268893545,0.0874103742832569,1.00175689287783,-0.0435927354519387,-0.0916665482016827,-0.211955261841162,0.142135442261879,-0.645299837485362,-0.0392402985685318,0.156477838276486,0.0221843610315188,-0.523596243774378,0.0314977800052796,0.00102725320377752,251.159433331679,264.744204381964
20.9,-3.39935675717546,0.0807682776359944,1.00173608825235,-0.0415007135041201,-0.09166550465866,-0.217218180205499,0.15448349093683,-0.647779803641629,-0.0388937385742863,0.166584264303697,0.022789345620065,-0.523607328755831,0.0204301206910434,0.00053346637144722,251.163573889088,264.748663203495
20.91,-3.39920575324659,0.0740763239002018,1.00171302402072,-0.0393076494008172,-0.091647112295857,-0.222481446811239,0.166843261153981,-0.649989696224784,-0.0384697038784449,0.176688934302599,0.0234179922738911,-0.523619568472783,0.0204301206910434,0.00053346637144722,251.169692641075,264.755091079038
20.92,-3.39897396373409,0.0673344066623169,1.00168776754258,-0.0370323809500792,-0.091611677847158,-0.227744979149675,0.179238214423878,-0.652317593697917,-0.0379880464293717,0.182631646845185,0.0238355860767196,-0.52363264570203,0.0120862866059663,-4.81479880231825e-06,251.177865328915,264.763571166846
20.93,-3.39866152864416,0.0605421078256203,1.00166039565291,-0.0346978986124379,-0.091559947061362,-0.233008681382199,0.191640634054089,-0.654357138632115,-0.0374587911182,0.188573295943889,0.0242670937060459,-0.523646181712114,0.0120862866059663,-4.81479880231825e-06,251.188217504346,264.774241580855
20.94,-3.39826847175165,0.0536999882398915,1.00163102878803,-0.0323175864093395,-0.091491935979898,-0.238272487846247,0.204058940419964,-0.656384892294151,-0.0368951064686821,0.191562457105911,0.024611727132799,-0.523659922980687,0.00616857510223955,-0.000233002444809517,251.200773342644,264.787136109328
20.95,-3.39779486372035,0.0468083779449088,1.00159979802587,-0.0299077779916014,-0.0914079066031972,-0.243536326097112,0.216479894447767,-0.658113867001069,-0.0363071928049759,0.194550706852924,0.0249633544645576,-0.523673587612467,0.00616857510223955,-0.000233002444809517,251.215602708828,264.802337888086
20.96,-3.39724102206336,0.0398684196786185,1.00156690659524,-0.0274775249943595,-0.0913043744042856,-0.248800232829988,0.228819498852204,-0.659731766306772,-0.0357032368903492,0.195547129817044,0.0260485450398478,-0.523687218871191,0.00218039091621236,0.00146881316853941,251.232650717158,264.819800113749
20.97,-3.39660738474302,0.0328811161361201,1.00153257676935,-0.0250379138092336,-0.091177225647893,-0.254064240679452,0.241156020158523,-0.661046462550684,-0.0350909708812978,0.196539805582148,0.0271361659794032,-0.523700903128874,0.00218039091621236,0.00146881316853941,251.251842864032,264.839453470259
20.98,-3.39589444733332,0.0258480239219533,1.00149707374208,-0.0225948089889541,-0.0910207444705235,-0.259328387100373,0.25334562788831,-0.66217849087696,-0.0344746192198355,0.196261526054554,0.0294815121187111,-0.523714890570237,-0.00035468764842209,0.00440278415390631,251.273061146216,264.861181621247
20.99,-3.39510287699748,0.018770630700789,1.00146068615488,-0.0201554156767092,-0.0908280213446176,-0.2645927006904,0.265524253946205,-0.663006945559049,-0.033859182507678,0.195974788581508,0.0318265403221843,-0.523729503111753,-0.00035468764842209,0.00440278415390631,251.296118549276,264.884792178049
21,-3.39423324669007,0.0116507700556974,1.00142371937622,-0.01772335115021,-0.090592355311826,-0.269857150870077,0.277520032191458,-0.663603377991519,-0.0332455696958982,0.194938480063773,0.0356661304979112,-0.523745074804788,-0.00183428659342554,0.00789363524486468,251.32085171831,264.910115213493
21.01,-3.39328632794723,0.00449025840133388,1.00138650252336,-0.0153030606031446,-0.0903055867400927,-0.275121691343285,0.289494044775738,-0.663898450590717,-0.0326365013168303,0.193888194959277,0.0395039692901594,-0.523762016332992,-0.00183428659342554,0.00789363524486468,251.347000043257,264.936874927515
21.02,-3.39226268486557,-0.00270890172701437,1.00134936121484,-0.0128966345695791,-0.0899611937550899,-0.280386188946858,0.301276011587776,-0.663929067360387,-0.0320303639570948,0.192453687846282,0.0448072909658336,-0.52378063259031,-0.00257082641663751,0.0113177661449953,251.374371010834,264.964864748223
21.03,-3.39116308242815,-0.00994469115723056,1.00131264160713,-0.0105066187667098,-0.0895512062618251,-0.285650489852545,0.313022346701772,-0.663662058767834,-0.0314281498468829,0.190999848180724,0.0501083022099298,-0.52380129699986,-0.00257082641663751,0.0113177661449953,251.402667956811,264.993765916255
21.04,-3.38998801091767,-0.0172150203186452,1.00127667319626,-0.00813410324837362,-0.0890702471468839,-0.290914355712206,0.324588985231009,-0.663110611759112,-0.0308267692186256,0.189409378764745,0.0566263543948795,-0.523824204173493,-0.00280162584978216,0.0141618272380873,251.431682148249,265.023350575102
21.05,-3.38873814149803,-0.0245177649352125,1.00124180030757,-0.00578036555211616,-0.0885117279998158,-0.296177527074145,0.336103316240919,-0.662266058957013,-0.0302258898809909,0.187795170189234,0.0631420479847613,-0.523849602299468,-0.00280162584978216,0.0141618272380873,251.461111748918,265.053291787572
21.06,-3.38741385193747,-0.0318508070030227,1.00120834382026,-0.00344586346209755,-0.0878720940290214,-0.301439682784159,0.347464944969997,-0.661126020534871,-0.0296220684683572,0.186205293705603,0.0704727702719867,-0.523877532608842,-0.00270282701808655,0.0160672930639271,251.490741264635,265.0833530234
21.07,-3.38601566350759,-0.0392119885980988,1.00117663232517,-0.00113105290993295,-0.0871469745955577,-0.306700485788969,0.358755422170617,-0.659697701145768,-0.0290139234351814,0.184588760955996,0.0778013237752724,-0.523908071827941,-0.00270282701808655,0.0160672930639271,251.520286102432,265.113225497754
21.08,-3.38454382988749,-0.0465992014518514,1.00114696894279,0.00116399381539479,-0.0863349864182666,-0.311959569797186,0.369927316595899,-0.657969122167179,-0.0283985920680285,0.183095161455834,0.0854634930286016,-0.523941099416473,-0.00240265169355137,0.0168495396518666,251.549530539126,265.142673641402
21.09,-3.38299869998937,-0.0540103017385194,1.00111965690613,0.00343933664770219,-0.0854344083942126,-0.317216563181858,0.381007927831246,-0.65595710436262,-0.0277739160996204,0.181573747947495,0.0931237427674404,-0.523976511673382,-0.00240265169355137,0.0168495396518666,251.578221561528,265.171424436982
21.1,-3.38138041586852,-0.0614432117733473,1.00109497499177,0.00569513066916836,-0.0844460588983136,-0.322471097323992,0.392004140796291,-0.653644361482891,-0.0271381667626323,0.180229933404416,0.100628445878088,-0.524014044845403,-0.00199262171541175,0.0164914517585791,251.606147593152,265.199250184695
21.11,-3.37968916263631,-0.0688958288557772,1.00107319330874,0.00793174843316385,-0.0833709061714299,-0.32772281276821,0.40288863547912,-0.65105288845334,-0.0264882244480391,0.178858925200694,0.108131405955041,-0.524053441590622,-0.00199262171541175,0.0164914517585791,251.63183610518,265.224605559768
21.12,-3.37792494768327,-0.076366131319212,1.00105453903242,0.0101494770567437,-0.0822122532085011,-0.332971382838215,0.413730175290057,-0.648163081143885,-0.0258208621808827,0.177690110547188,0.114926185058066,-0.524094337132295,-0.00153669097007419,0.0148468921319711,251.651737937866,265.243771331916
21.13,-3.37608776129853,-0.0838520903976352,1.00103919105636,0.0123488784797594,-0.0809741066412779,-0.338216510830496,0.424440312908569,-0.644998979662546,-0.0251303509466124,0.176496755813772,0.121718945451287,-0.524136342263158,-0.00153669097007419,0.0148468921319711,251.666230669759,265.257141504058
21.14,-3.37417734550382,-0.0913518006678407,1.00102726309595,0.014530331675273,-0.0796634820384243,-0.343457974034653,0.435180639006811,-0.641540624935774,-0.0244163668122353,0.175511013064142,0.126978063358586,-0.524178887988616,-0.0010779713068981,0.0112817219850629,251.675671361916,265.265091878932
21.15,-3.3721933287777,-0.098863384839628,1.00101881822547,0.0166945421681981,-0.0782889218140245,-0.348695614880348,0.445771841224312,-0.637811924519754,-0.023675198483966,0.174506311863146,0.132235039733981,-0.524221340034439,-0.0010779713068981,0.0112817219850629,251.680497869727,265.26808849764
21.16,-3.3701352514711,-0.106385045413303,1.00101387037466,0.0188419904527941,-0.0768603574162981,-0.353929364384328,0.456449511367577,-0.633793943039654,-0.0229089819269327,0.173703132750043,0.135309183781055,-0.524262995748684,-0.000644656121773114,0.00620580753374039,251.681071079472,265.266520500991
21.17,-3.36800245635029,-0.113915046715627,1.00101238311945,0.0209735100380261,-0.0753898934229634,-0.35915925193274,0.466963837576927,-0.629509130771944,-0.0221171518491728,0.172888876031746,0.138381373404642,-0.524303063076416,-0.000644656121773114,0.00620580753374039,251.677864059198,265.260900618449
21.18,-3.3657944114472,-0.121451660134185,1.00101429183463,0.0230896942030292,-0.0738888086565683,-0.364385374601084,0.477586307875217,-0.624940502086536,-0.0213028049159105,0.172262764004788,0.138969150100941,-0.524340824664901,-0.000254727407460788,0.000426899661274298,251.671222656763,265.251611750273
21.19,-3.36351033534187,-0.128993242137346,1.00101948372216,0.0251914851124356,-0.0723708541096244,-0.369607949099556,0.488035813705806,-0.620108262203278,-0.0204690116311331,0.171634517052121,0.139555469501503,-0.524375466274917,-0.000254727407460788,0.000426899661274298,251.661623257672,265.239178857074
21.2,-3.36114974841953,-0.136538087156685,1.00102783835558,0.0272795823748995,-0.0708470337657829,-0.374827214121207,0.498579941191027,-0.614997954321871,-0.019618804051891,0.171176084438684,0.137715442949281,-0.524406368285734,8.09799716550906e-05,-0.00521924395609011,251.649383024458,265.223962492607
21.21,-3.35871190589062,-0.144084584519925,1.00103919148859,0.029355002833889,-0.0693307643763749,-0.380043533104359,0.50894648114093,-0.609627094994087,-0.0187583303968604,0.170724238773339,0.135874657684462,-0.524432822314851,8.09799716550906e-05,-0.00521924395609011,251.634951152553,265.206465129263
21.22,-3.35619647322394,-0.151631010584116,1.00105338836993,0.03141852541898,-0.067831427262663,-0.385257235993492,0.519365709332485,-0.60398406829068,-0.0178902385011339,0.170420353872142,0.131964599979453,-0.524454391907976,0.000356828886075996,-0.0100371483493338,251.618608528932,265.187013764779
21.23,-3.35360286747642,-0.159175733165741,1.0010702368846,0.0334711936941272,-0.0663604596750893,-0.390468766086542,0.529607429360646,-0.598083492360222,-0.0170222990532272,0.170130488911791,0.128054528867917,-0.524470571708172,0.000356828886075996,-0.0100371483493338,251.600752259565,265.166058517215
21.24,-3.35093095048694,-0.166716980339475,1.00108956565038,0.035513823088132,-0.0649247029206735,-0.395678482351404,0.539841501364832,-0.591916691311638,-0.0161569167642912,0.169964311980871,0.122636045207552,-0.524481158698212,0.000571196070466301,-0.0135518247427674,251.581625323677,265.143887167532
21.25,-3.34818037715948,-0.174253057165231,1.00111117399766,0.0375474280918613,-0.0635324950801618,-0.400886831648469,0.549901995339276,-0.585495346649374,-0.0153016798062602,0.169817570162774,0.117218199583148,-0.524485907709259,0.000571196070466301,-0.0135518247427674,251.561556972873,265.120876917364
21.26,-3.34535121571221,-0.181782126988765,1.00113488612183,0.0395728098863324,-0.0621876998793927,-0.406094141400571,0.559886878986169,-0.578813647186437,-0.0144589684669963,0.169768907258848,0.110950385062101,-0.524484863322935,0.000725725060725935,-0.0155346742651412,251.540755627866,265.097275921323
21.27,-3.34244338397683,-0.189302408074198,1.00116050578485,0.0415908982899327,-0.0608950221444579,-0.411300791713199,0.569704758577465,-0.57188043520746,-0.013634652720249,0.169742727610593,0.104683675904247,-0.52447805667028,0.000725725060725935,-0.0155346742651412,251.519477994369,265.073379894595
21.28,-3.3394571314984,-0.196811996617485,1.00118785913184,0.0436024299360167,-0.0596553618992052,-0.416507030222113,0.579381288214035,-0.564692546610335,-0.0128311213500586,0.169788846508663,0.0982230059816811,-0.524465761752387,0.000824760153630842,-0.0159897355397828,251.497904488863,265.049400930598
21.29,-3.33639261926663,-0.204309018044593,1.00121676051727,0.0456082021754388,-0.0584698075755261,-0.421713117611485,0.58889868921089,-0.557256193704649,-0.0120516769226569,0.169858139259866,0.0917636936137238,-0.524448265312982,0.000824760153630842,-0.0159897355397828,251.476225024389,265.025556505555
21.3,-3.3332502278034,-0.211791511239693,1.0012470395843,0.047608844457335,-0.0573366778362789,-0.426919192440109,0.59821900742315,-0.549570531846645,-0.011298520526994,0.169974995213474,0.0856822617058204,-0.52442602704364,0.000874797758833274,-0.0151116819630256,251.454599600028,265.002028313682
21.31,-3.33003030756728,-0.219257518879803,1.00127852174879,0.0496049874868131,-0.0562539112758147,-0.432125367733853,0.607388096410514,-0.541639443274826,-0.0105723250291889,0.170113661270131,0.0796022420169567,-0.524399539574235,0.000874797758833274,-0.0151116819630256,251.433164485873,264.978967749213
21.32,-3.32673330561952,-0.226705041446221,1.00131103875175,0.0515971237022536,-0.0552178808352629,-0.437331664977069,0.61631947600953,-0.53346399989671,-0.00987480984370728,0.170277363713477,0.0743314890772568,-0.524369387537327,0.000883880997202358,-0.0132268888785833,251.41206589077,264.956531977933
21.33,-3.32335968753696,-0.234132061298161,1.0013444240425,0.0535856999444073,-0.054224151014641,-0.442538047462569,0.625106491779333,-0.525046121223442,-0.00920457197690424,0.170459963808525,0.0690620526991028,-0.524336200549714,0.000883880997202358,-0.0132268888785833,251.391402669952,264.934822946567
21.34,-3.3199098992979,-0.241536564551349,1.00137850913484,0.0555710573238609,-0.0532679118373815,-0.4477444314108,0.633632540468261,-0.516388354028136,-0.00856264361832007,0.170648268816306,0.0648644394665534,-0.524300619627986,0.000860934648408032,-0.0107284798282965,251.371311579033,264.91397799216
21.35,-3.31638443997848,-0.248916503134531,1.00141313139723,0.057553459286539,-0.0523432847143413,-0.45295065177236,0.642019313225881,-0.507491063472865,-0.00794641137686715,0.170851617867252,0.0606679548437812,-0.524263334028984,0.000860934648408032,-0.0107284798282965,251.351869250298,264.894066334801
21.36,-3.31278386088487,-0.256270220006724,1.00144814282215,0.0595290759968851,-0.05144505589597,-0.458156547614806,0.650139094867114,-0.498443490005181,-0.00735816698280813,0.170151672635544,0.0576340570709252,-0.524224892245797,-0.000975050198303649,-0.00801483102573082,251.333192762878,264.875196066584
21.37,-3.30910882676362,-0.263596093637323,1.00148340988738,0.061493090494382,-0.0505668974225168,-0.463361870116425,0.658122971229994,-0.489159921098713,-0.00679718737772375,0.16946271978559,0.0545989709164628,-0.524185880512839,-0.000975050198303649,-0.00801483102573082,251.31530170728,264.85736986873
21.38,-3.30536014370879,-0.270893216061888,1.00151883070806,0.0634332602776219,-0.0497039484076321,-0.468566425849347,0.665849114313475,-0.479907514957774,-0.00626786007741354,0.166019364122926,0.0526631653037908,-0.524146649315088,-0.00651305050541561,-0.00543849604023623,251.298282565197,264.840658443442
21.39,-3.30153882700527,-0.278160881581714,1.00155433191693,0.0653345146726773,-0.0488503853521901,-0.473769944180284,0.673441466757676,-0.470425815828405,-0.00577482668408905,0.162583386217757,0.0507195545753609,-0.524107552162239,-0.00651305050541561,-0.00543849604023623,251.282057159127,264.824959329474
21.4,-3.29764564930246,-0.28539839031625,1.00158982222322,0.0671830831499086,-0.0480023448823096,-0.478972252593656,0.680796754950977,-0.461015343707139,-0.00532017145772224,0.156069498926598,0.0496937682029099,-0.524068840972985,-0.0126943357601991,-0.00326919803557367,251.26670519002,264.810335005552
21.41,-3.2936816145658,-0.292605299254555,1.00162524131906,0.0689620588664681,-0.0471551912434224,-0.484173115787958,0.688018683602731,-0.451387875493649,-0.00491081590709819,0.14956000151795,0.0486528531239991,-0.524030735375906,-0.0126943357601991,-0.00326919803557367,251.252140967062,264.796675140015
21.42,-3.28964728738657,-0.299780809034354,1.00166049011223,0.0706605035388257,-0.0463063927301588,-0.489372421995386,0.695030509679939,-0.441785129413744,-0.0045460299700035,0.140614290792719,0.0482774978316563,-0.523993407250837,-0.0175855123775764,-0.00167309932244518,251.238443817151,264.784042714531
21.43,-3.28554343260387,-0.306924355323479,1.00169549650404,0.0722650024516657,-0.0454528580154276,-0.49457001466269,0.701907798047056,-0.431983083066774,-0.00423179902377749,0.131670764748902,0.0478812410419719,-0.523956979545795,-0.0175855123775764,-0.00167309932244518,251.225563841885,264.772366396965
21.44,-3.28137034034976,-0.314034927963368,1.00173014978809,0.0737694104931427,-0.0445934473915445,-0.499765866369495,0.708603388348675,-0.422122724379938,-0.00396606778979682,0.121364060103154,0.0478748754497535,-0.523921556339195,-0.0203223779857727,-0.000709856801029814,251.213575501262,264.761706169546
21.45,-3.27712844037303,-0.321111690508046,1.00176436004998,0.0751661974660785,-0.0437266780053291,-0.504959923895387,0.715162071401828,-0.412084495552343,-0.0037515472505323,0.111058188027541,0.0478443862282372,-0.523887198729604,-0.0203223779857727,-0.000709856801029814,251.202472604359,264.752038862336
21.46,-3.27281776425369,-0.328153441682161,1.00179800869502,0.0764541692921231,-0.0428526525569035,-0.510152249463292,0.721564907346406,-0.401904724705643,-0.00358626687658815,0.100492878854155,0.0479456171509391,-0.523853970057906,-0.0208439384685946,-0.000344986999060815,251.192316945763,264.743413848944
21.47,-3.26843841384322,-0.335159082421114,1.001830991733,0.0776318666816363,-0.0419713307110241,-0.515342896560211,0.727827856338441,-0.39157009420927,-0.00346912359991952,0.089927871535992,0.0480221119278226,-0.523821910232799,-0.0208439384685946,-0.000344986999060815,251.183137650437,264.735847544353
21.48,-3.26399022700672,-0.342127304583311,1.00186318947159,0.0787021352909758,-0.0410837717889759,-0.520532005348001,0.73395544949118,-0.381031044263996,-0.0033987971581324,0.0800008914407368,0.0480198680136205,-0.523791072519799,-0.0195648342975061,-0.000472782751764328,251.174976723386,264.72937114579
21.49,-3.25947304873818,-0.349056838877129,1.00189449151379,0.0796684654014786,-0.0401910573996766,-0.525719720386711,0.739940152569552,-0.370359745198355,-0.00337136689172566,0.0700743815227706,0.0479943888167558,-0.523761507598306,-0.0195648342975061,-0.000472782751764328,251.1678850845,264.724026123204
21.5,-3.25488660676212,-0.355946368568762,1.0019247850201,0.0805363948810214,-0.0392948522339086,-0.53090623584078,0.745803116453441,-0.35944892629853,-0.00338608830758552,0.0613810955986889,0.0477452063427085,-0.523733276951312,-0.017092460788211,-0.000944397710633207,251.16187982147,264.719819558377
21.51,-3.2502305874736,-0.362794568908762,1.00195396230687,0.0813127092507395,-0.0383969602670582,-0.536091758613108,0.751520645775738,-0.348426600582831,-0.00343783331189267,0.0526889598559356,0.0474756837094703,-0.523706453360383,-0.017092460788211,-0.000944397710633207,251.157019148533,264.716802146436
21.52,-3.24550468896822,-0.369600197050947,1.00198192542302,0.0820042886811416,-0.0374992952512012,-0.541276507264778,0.757122873999783,-0.337156192781232,-0.00352615740398208,0.0455235347546272,0.0469085847242935,-0.523681106485241,-0.0140329502429309,-0.00159615021298675,251.153292501343,264.714953322728
21.53,-3.24070853734176,-0.37636197309316,1.00200857869123,0.0826195577230463,-0.0366039725216249,-0.546460716672904,0.762577901207979,-0.325792286409285,-0.0036461236504166,0.0383602309399591,0.0463247210243699,-0.523657322057653,-0.0140329502429309,-0.00159615021298675,251.150751605007,264.714318014526
21.54,-3.23584186580392,-0.383078782584237,1.00203384606455,0.0831656243070493,-0.0357128399319146,-0.55164460086176,0.767917584257256,-0.314192563766666,-0.00379738190464026,0.0327687844538609,0.045435651730457,-0.523635164383385,-0.0108849769340768,-0.00227416013737839,251.149358102039,264.714847413895
21.55,-3.23090432200388,-0.389749460207867,1.00205765209766,0.0836511850738855,-0.0348279559804689,-0.556828389573439,0.773109221095618,-0.302514293136076,-0.00397598466789984,0.0271805002976614,0.0445334895623733,-0.523614711762555,-0.0108849769340768,-0.00227416013737839,251.149145756174,264.71656841751
21.56,-3.2258957179769,-0.396373045919625,1.00207994758918,0.084082786610275,-0.0339508599166567,-0.562012268746727,0.778180396998588,-0.290626170807166,-0.00418159772197635,0.0230341293033984,0.0433721665838738,-0.523596005768412,-0.00799981064222892,-0.00285277137849246,251.150050858247,264.719406435291
21.57,-3.22081578081223,-0.402948526099755,1.00210068328867,0.0844684303358479,-0.0330832657976854,-0.567196436159259,0.783103588059183,-0.278671482548123,-0.00441146302647716,0.0188918389727181,0.0422011113651833,-0.523579096871257,-0.00799981064222892,-0.00285277137849246,251.152081603964,264.723362457719
21.58,-3.2156644239257,-0.409475098107637,1.00211983904766,0.0848136354414162,-0.0322262493364076,-0.572381034055972,0.787897921554827,-0.266539891467881,-0.00466525587273496,0.0159589315846698,0.0408534991587357,-0.523563991030073,-0.00558286910302688,-0.00324557887543053,251.155153592215,264.728341197627
21.59,-3.21044148659978,-0.415951909938992,1.002137394738,0.0851251375314302,-0.0313809934261806,-0.577566210419057,0.792545102743279,-0.254351104911283,-0.00494121091150803,0.0130307581564961,0.0394989694520029,-0.523550698204293,-0.00558286910302688,-0.00324557887543053,251.159246591499,264.734315053959
21.6,-3.20514698796581,-0.422378303787956,1.00215335865074,0.0854072349409705,-0.0305480447258116,-0.58275205670531,0.797053620875972,-0.242019936899313,-0.00523901097047399,0.0110378871729996,0.0380685173533612,-0.523539184344295,-0.00371684895236171,-0.003409100003495,251.16426168183,264.741174855024
21.61,-3.19978088988033,-0.428753580151068,1.00216773953976,0.0856651616906785,-0.0297279729265089,-0.587938662909644,0.801416379580519,-0.229638826288001,-0.0055575221107953,0.00905005833325207,0.0366333255214336,-0.523529416388629,-0.00371684895236171,-0.003409100003495,251.170151960698,264.748866601552
21.62,-3.19434330773767,-0.435077204992191,1.0021805711283,0.0859020055415842,-0.0289208099334636,-0.593126070247505,0.805630951095581,-0.217147593734542,-0.00589640471170081,0.00772737203010851,0.0352236224414169,-0.523521324051842,-0.00239309810593115,-0.00334008749906203,251.176810791519,264.757274682647
21.63,-3.18883431880561,-0.441348611198805,1.00219188810055,0.0861215134502989,-0.0281265249264807,-0.598314311273641,0.809701475048989,-0.20461208191977,-0.00625480309587036,0.00640967433993446,0.0338107342173002,-0.52351483715513,-0.00239309810593115,-0.00334008749906203,251.18416995776,264.766324566342
21.64,-3.18325411635761,-0.447567364561892,1.0022017449521,0.0863257067967716,-0.0273447117118542,-0.603503383431263,0.813615894993023,-0.191994119767106,-0.00663230259082928,0.00552058965728865,0.0325115268063752,-0.523509858244439,-0.00154337957718115,-0.00306810879217811,251.192121677286,264.775901264765
21.65,-3.1776028739563,-0.453733005815449,1.00221019745942,0.0865170244498281,-0.0265748265375564,-0.608693269268959,0.817388064941821,-0.179336442123279,-0.00702807090438497,0.00463611683998114,0.0312101460789301,-0.523506290626083,-0.00154337957718115,-0.00306810879217811,251.200583883724,264.785917612536
21.66,-3.17188084002083,-0.459845177637298,1.00221731541004,0.0866966378200351,-0.0258161424234734,-0.613883932785966,0.820998682547294,-0.166618344224551,-0.00744156802675773,0.00399316203020732,0.0300878521139612,-0.523504020618183,-0.0010678877491104,-0.00264530222919449,251.209453312387,264.796265174488
21.67,-3.16608825908042,-0.465903504493552,1.0022231661514,0.0868659452350929,-0.0250677397326796,-0.619075318588709,0.824468735384141,-0.153864403230178,-0.00787066711918846,0.00335420388080098,0.0289639818420594,-0.523502951409552,-0.0010678877491104,-0.00264530222919449,251.216317534538,264.804418583548
21.68,-3.16022529124942,-0.471907775085632,1.00222779956322,0.0870255132905561,-0.0243300458785804,-0.624267486560137,0.827808010194091,-0.141066273805111,-0.00831253825249516,0.00282425033223949,0.0277581864954493,-0.523502998933309,-0.000857708904913306,-0.00283332976263423,251.219131028902,264.808235089438
21.69,-3.15429207873768,-0.477857787495071,1.00223123438739,0.0871760186777405,-0.0236035624014452,-0.629460501796825,0.831008382969855,-0.128235613042991,-0.00876459671847464,0.00229862510279577,0.0265511471278803,-0.523504075745813,-0.000857708904913306,-0.00283332976263423,251.218464255537,264.808310571658
21.7,-3.1482884101096,-0.483753662756036,1.00223345397484,0.0873176868063243,-0.022892928701463,-0.634654790436029,0.834184920300303,-0.11537152709089,-0.0092277581501979,0.00180219550552607,0.0243208726406448,-0.523506080814365,-0.000811203222110782,-0.00522053224336923,251.214882331562,264.805236650925
21.71,-3.14221397358378,-0.48959560414359,1.00223441666954,0.0874508271114062,-0.0222037997629128,-0.639850868489476,0.837225198597178,-0.102477473377316,-0.00970521996185535,0.00131379063357033,0.0220895297391853,-0.523508910238622,-0.000811203222110782,-0.00522053224336923,251.208982057978,264.799639411175
21.72,-3.13606820075228,-0.495384048623999,1.0022340541132,0.0875755891360544,-0.0215447213164489,-0.645049506935979,0.840342732834694,-0.0895561197796794,-0.0102010799657937,0.000819417198499768,0.0179626828250528,-0.523512458257727,-0.000845411794270267,-0.00964591982519368,251.201290054201,264.792072610861
21.73,-3.12985033877316,-0.501119587890487,1.00223227901612,0.0876922177850033,-0.0209261243511629,-0.650251644581465,0.843329346827603,-0.0766067277553269,-0.0107247226654054,0.000339890305037805,0.0138349633581646,-0.523516621160329,-0.000845411794270267,-0.00964591982519368,251.19239958702,264.783160823042
21.74,-3.12355958181564,-0.506802884741597,1.00222898924697,0.0878009848636664,-0.0203588470548227,-0.655458258613196,0.846457624955826,-0.0636328563718646,-0.0112814462300557,-0.000149428489674591,0.00729951002323219,-0.52352130194147,-0.000902620349963547,-0.0152693613655745,251.182774732482,264.773394237201
21.75,-3.11719488105727,-0.51243480803436,1.00222406892792,0.0879022768048634,-0.0198561224331187,-0.660670539459866,0.849464385314581,-0.0506324095791812,-0.0118858277440305,-0.000615245409828915,0.000763429965907126,-0.523526409701776,-0.000902620349963547,-0.0152693613655745,251.172967190861,264.763355485072
21.76,-3.11075532959699,-0.518016141689297,1.00221740142343,0.0879965962614071,-0.0194291546690888,-0.665889501239772,0.852633814467645,-0.0376083926112785,-0.0125427760539758,-0.00107780856633529,-0.00826327374801021,-0.523531863349604,-0.000951295747591893,-0.021088410811813,251.163362466282,264.753453752333
21.77,-3.10423975338632,-0.52354789860788,1.00220886101801,0.0880845707641782,-0.0190916243919295,-0.671116378401101,0.855695813793906,-0.0245589305126004,-0.0132699341413055,-0.00150792373741827,-0.0172903822912255,-0.523537589636298,-0.000951295747591893,-0.021088410811813,251.154437765377,264.744194594761
21.78,-3.09764725978585,-0.529030891424505,1.00219833628652,0.0881669568218132,-0.0188533501600832,-0.676352066188616,0.858902641978893,-0.0114860789677694,-0.014071224008897,-0.00191762718961652,-0.0285007562791721,-0.523543523077832,-0.000982506584158753,-0.0261909084038845,251.146492836433,264.735898036888
21.79,-3.09097669878229,-0.534466156222943,1.00218571150271,0.0882446279066616,-0.0187263202113899,-0.681597652854736,0.862020630366745,0.00161133764556121,-0.0149643925725158,-0.00228704679668583,-0.039711429901545,-0.523549605167139,-0.000982506584158753,-0.0261909084038845,251.139906031893,264.728966486108
21.8,-3.08422741429392,-0.539854647082155,1.00217091833745,0.0883161358830991,-0.0187176653861581,-0.686853798079018,0.865237376737587,0.0146804569743978,-0.0159524773367828,-0.00316050253563116,-0.0525074037089762,-0.52355582037475,-0.00207937888501294,-0.0298952976770409,251.13488473124,264.723623369895
21.81,-3.07739856537101,-0.545197552407455,1.00215389403617,0.0883795845342102,-0.0188361166877128,-0.692121302607616,0.868387783978926,0.0277730967291043,-0.017050152775827,-0.00398797230943897,-0.0653049891925506,-0.523562196499079,-0.00207937888501294,-0.0298952976770409,251.131664161312,264.720120718207
21.82,-3.07049020495259,-0.550496446424787,1.00213468163664,0.0884242429033154,-0.0190854102771428,-0.697400522504595,0.871575572590039,0.0406354822616434,-0.018258400196701,-0.00740776679645584,-0.0789230219034248,-0.523569031279743,-0.00737397466141261,-0.0318041151756398,251.130342685102,264.718566502854
21.83,-3.06350239934698,-0.555753250617711,1.00211335261768,0.0884367949484466,-0.0194702223030856,-0.702691885584986,0.874722925198963,0.0535181216227989,-0.0195863810655132,-0.01077863854973,-0.0925489936727581,-0.523576847140813,-0.00737397466141261,-0.0318041151756398,251.130914745592,264.718956010735
21.84,-3.05643590891754,-0.560969553700557,1.00209003762838,0.0884022891606672,-0.0199876367605092,-0.707995132848163,0.877763869588608,0.0660736933209073,-0.0210304631475572,-0.0176916900059778,-0.105474225665032,-0.523586419231841,-0.0145749733976162,-0.0301403071157932,251.13339078122,264.721297362034
21.85,-3.04929171607673,-0.56614726791959,1.00206491160034,0.0883021465562802,-0.0206342037252239,-0.713309929951774,0.880791241112096,0.0786405651323666,-0.0225879278479554,-0.0245584899274412,-0.118415937558429,-0.523598821709342,-0.0145749733976162,-0.0301403071157932,251.137570133851,264.725370035549
21.86,-3.04207111532877,-0.57128765922898,1.00203816065802,0.0881213628930863,-0.0213997826164694,-0.718635324954134,0.883551948528801,0.0908687002214846,-0.024249077687217,-0.0349659051463451,-0.128994599420085,-0.523615134933933,-0.0217623119084194,-0.0245708753073523,251.14341667286,264.731119237829
21.87,-3.03477579659313,-0.576392205088729,1.00201002263025,0.0878412102365307,-0.022272034891753,-0.723970133756482,0.886323718371505,0.103092334120019,-0.0259986979300214,-0.0453358251808972,-0.13959811046007,-0.5236366347377,-0.0217623119084194,-0.0245708753073523,251.150629307857,264.738204206514
21.88,-3.02740690861035,-0.581462099170403,1.00198068272797,0.0874497739788645,-0.0232399532602907,-0.729313264966805,0.888823238921272,0.11502865461433,-0.0278230893543428,-0.0585221916391479,-0.147595100093352,-0.523664318238926,-0.0274788007911856,-0.0184146522522307,251.159174472778,264.746558134672
21.89,-3.01996601049935,-0.586498680437617,1.00195037114895,0.0869321322664139,-0.0242900458643801,-0.734663374117769,0.891353932794098,0.126939047678618,-0.029705878679007,-0.0716806925704423,-0.155623462763351,-0.523699215048708,-0.0274788007911856,-0.0184146522522307,251.168792634538,264.7558719637
21.9,-3.01245382224216,-0.591503095250681,1.0019192528908,0.0862818645538764,-0.0254127779972398,-0.740019447538614,0.893661774230078,0.138660132513287,-0.0316338942445657,-0.0863940439718394,-0.161334739132525,-0.523741868887677,-0.0306461084139138,-0.0129222274806251,251.179455443353,264.766075758936
21.91,-3.00487140319805,-0.596476566071511,1.00188752623944,0.0854908308458157,-0.0265963497485825,-0.745380252412518,0.896016175252498,0.150330035380924,-0.0335917470929836,-0.101088006961312,-0.167080892063311,-0.52379270265123,-0.0306461084139138,-0.0129222274806251,251.19098240638,264.776940239354
21.92,-2.99721833429289,-0.601419491843485,1.00185528065848,0.0845690226224518,-0.0278332938533683,-0.750744930021828,0.898209932178481,0.162137580912674,-0.0355780856602147,-0.113654112246453,-0.170952969651817,-0.523851034228117,-0.0264113134496964,-0.00846470127578926,251.203371816785,264.788425316026
21.93,-2.9894942702553,-0.606332113536966,1.00182261595924,0.0835284308749892,-0.0291141334937612,-0.756112460954468,0.900460397582169,0.173868306523922,-0.0375744180233174,-0.12620737491321,-0.174854805121909,-0.52391579200034,-0.0264113134496964,-0.00846470127578926,251.216648183072,264.800530703242
21.94,-2.98169847815504,-0.611214969647068,1.00178961285694,0.0823827510867328,-0.0304332208336408,-0.761482167955434,0.902608407285573,0.185795238043613,-0.0395823941646986,-0.135781631665418,-0.177321574654735,-0.52398575342536,-0.0204596440076125,-0.00504880000975034,251.230776061739,264.813203082318
21.95,-2.97383020062497,-0.616068388194744,1.00175635327518,0.0811485620419307,-0.0317832986620917,-0.766853263550936,0.904820210401066,0.197624437930609,-0.0415878837053705,-0.14534791321333,-0.17981100984502,-0.524059330035681,-0.0204596440076125,-0.00504880000975034,251.245816141929,264.826504572153
21.96,-2.96588870422004,-0.620893297869186,1.00172293300213,0.0798386859873669,-0.0331602337299646,-0.772225241416107,0.906979037802836,0.209615668077265,-0.0435925949326467,-0.152108131996335,-0.181247802882437,-0.524135208711016,-0.0148479968202536,-0.00254392038523053,251.261676581338,264.840347866833
21.97,-2.9578732004207,-0.625690430170256,1.00168944484912,0.078468682714995,-0.0345586801380181,-0.777597522789544,0.909206829257749,0.221493941261477,-0.0455879566274775,-0.158863864837801,-0.182700592584329,-0.524211808254966,-0.0148479968202536,-0.00254392038523053,251.278382820481,264.854780826001
21.98,-2.94978306600756,-0.630461123006005,1.00165600664769,0.07704907499578,-0.0359757141433831,-0.782969744673872,0.91142154447204,0.233474551763472,-0.0475753103550874,-0.1633092498486,-0.183412069856945,-0.524287971870447,-0.0102253040535349,-0.000781336830874167,251.295784548443,264.869674953723
21.99,-2.94161761973458,-0.635206551170747,1.00162273105603,0.0755926489451996,-0.0374075410203654,-0.788341498405048,0.913709162211178,0.245332150978694,-0.0495503878115282,-0.167752552275039,-0.184134052308388,-0.524362372798593,-0.0102253040535349,-0.000781336830874167,251.313845151438,264.885029035348
22,-2.93337637732279,-0.639928403168226,1.0015897557758,0.074107432995259,-0.0388521712860034,-0.793712532707124,0.916014776258598,0.257232413856545,-0.0515143071270692,-0.170429171165975,-0.184357116905296,-0.524434120598093,-0.00668890782214902,0.000403390521229035,251.332366007332,264.900676388922
22.01,-2.92505880442986,-0.644628241542828,1.00155721171605,0.0726031916075258,-0.0403070187574246,-0.799082569122039,0.918396438018471,0.269003825985742,-0.0534655140415434,-0.173105288062777,-0.184586485746747,-0.524502231924019,-0.00668890782214902,0.000403390521229035,251.351247565221,264.916558120671
22.02,-2.91666455145886,-0.649308028469762,1.00152524932974,0.0710857255423579,-0.0417707947540028,-0.804451439200622,0.920819683745907,0.280767196513642,-0.0554050198269108,-0.174502679808521,-0.184499142164968,-0.524566109941361,-0.0041280658477325,0.00115400078406437,251.370259168174,264.932478977376
22.03,-2.90819323025336,-0.653969633643923,1.00149401057693,0.0695620956241151,-0.0432418241724389,-0.809818959870941,0.92332162397612,0.292399099245251,-0.0573327256184363,-0.175900549568943,-0.18441506319432,-0.524625118314185,-0.0041280658477325,0.00115400078406437,251.389251502168,264.948329458343
22.04,-2.89964460971296,-0.65861522024493,1.00146364929545,0.0680362810808655,-0.0447193290071886,-0.815185021924419,0.925882693743948,0.303983357238058,-0.0592495410996085,-0.176420024355058,-0.18414684935784,-0.524678935379171,-0.00236784159776558,0.00158902376910471,251.407980012275,264.963898729055
22.05,-2.89101843194495,-0.663246886633294,1.00143430883972,0.0665131293792157,-0.0462023001212891,-0.820549509921855,0.928524807485641,0.315435875516857,-0.0611559821899134,-0.176940533837304,-0.183879816454308,-0.524727233210927,-0.00236784159776558,0.00158902376910471,251.426264814095,264.979041724629
22.06,-2.8823145654219,-0.667866936083912,1.00140613651499,0.0649952093560734,-0.0476903199195628,-0.825912355973026,0.931238884929104,0.326811643783435,-0.0630527985823241,-0.176893491944577,-0.183521825041123,-0.524769924569034,-0.00122941490874521,0.00180253293976821,251.443864797849,264.993545963091
22.07,-2.87353286245591,-0.672477628708196,1.00137926690671,0.0634856530614016,-0.0491828502605208,-0.831273491425676,0.93403619463907,0.338057028307163,-0.0649406183112974,-0.176847752805973,-0.18316367526101,-0.524806933858173,-0.00122941490874521,0.00180253293976821,251.460589720434,265.00724864885
22.08,-2.86467327331295,-0.677081359996014,1.0013538313431,0.061985982909999,-0.0506797181571252,-0.83663287677681,0.936914731560947,0.349205483596831,-0.066819963654739,-0.176465724495155,-0.182777371087866,-0.524838359055758,-0.000553701055642251,0.00186699626658491,251.476217057498,265.019948890291
22.09,-2.85573574091846,-0.681680498602809,1.00132994645039,0.0604980261909888,-0.052180743795097,-0.841989870719944,0.939878882998622,0.360225427609626,-0.0686914073165892,-0.176085002352203,-0.182390509110058,-0.524672834128361,-0.000553701055642251,0.00186699626658491,251.589529062204,264.921331732669
22.1,-2.8467202829288,-0.686277494243197,1.00130771985771,0.0590223407981508,-0.0536861414956949,-0.847340252343124,0.942932183289595,0.371131012677785,-0.0705550182711578,-0.175532460308572,-0.182010649582816,-0.523784251882132,-0.000206179902836722,0.00185093116007466,251.888531670134,264.610950556015
22.11,-2.83762691687338,-0.690874781706731,1.00128723756001,0.0575593451345504,-0.0551964236257787,-0.852674490819677,0.946078811940654,0.381898175089065,-0.0724102622908885,-0.17498269478934,-0.181631101263936,-0.52166280108929,-0.000206179902836722,0.00185093116007466,252.3497945654,264.111844957276
22.12,-2.82845574655208,-0.695474805704699,1.00126856533358,0.0561084493503478,-0.0567119953935617,-0.857978263510684,0.949318531620806,0.392520593504347,-0.074255738764252,-0.174377999550302,-0.181184706240266,-0.517881335781832,-8.59207284062907e-05,0.00200875165212653,252.938990162706,263.460199350506
22.13,-2.8192068889081,-0.700079995038925,1.00125174562092,0.0546688823726744,-0.0582332818508498,-0.86323453795289,0.952667610097385,0.40297778238485,-0.0760912191052195,-0.173780342984488,-0.180737434435556,-0.512419335281892,-8.59207284062907e-05,0.00200875165212653,253.48752579599,262.849733958831
22.14,-2.80988082977357,-0.704691852272277,1.00123684143544,0.0532431788492742,-0.0597522357451366,-0.868426908347762,0.955919405577169,0.413334136480627,-0.0779091595475337,-0.17236996190603,-0.178353171720632,-0.505463628903796,0.00159728320594545,0.00660698599862899,253.973497912866,262.30589200589
22.15,-2.80047814095205,-0.709311650696951,1.00122391367563,0.0518345820756518,-0.0612587119999856,-0.873540665012047,0.95929850345625,0.423497545229655,-0.0797021452797434,-0.17098007682778,-0.175970475510035,-0.497179946658713,0.00159728320594545,0.00660698599862899,254.403691611388,261.821023749272
22.16,-2.79099926243454,-0.713940443923758,1.00121299891797,0.050448623809704,-0.0627418869369507,-0.87856269086621,0.962534911164225,0.433602954787012,-0.0814588695573408,-0.168087651736938,-0.171104033718767,-0.487715271975104,0.00473768591392004,0.0125519253281082,254.784112005045,261.388307648517
22.17,-2.78144470920278,-0.718578942551509,1.00120412853605,0.0490922227749611,-0.0641883007908327,-0.883481176615494,0.965911899648669,0.443493995727541,-0.0831723781304206,-0.165230202562914,-0.166239771525449,-0.477199877886488,0.00473768591392004,0.0125519253281082,255.120204884439,261.001804444616
22.18,-2.77181470785337,-0.723228144924869,1.00119729300761,0.0477723167456174,-0.0655884004573831,-0.888285806858232,0.969194980116994,0.453342709844265,-0.0848317295004713,-0.160532271961767,-0.15923596033736,-0.465749673442527,0.00862103264774031,0.017703270556929,255.416733532873,260.656155441834
22.19,-2.7621095101818,-0.727888685739189,1.00119247242472,0.046497625470923,-0.0669303498299228,-0.892967295639043,0.972626024430268,0.462962601512472,-0.0864343683845731,-0.155879853140095,-0.152231830840852,-0.453467388110552,0.00862103264774031,0.017703270556929,255.678073053604,260.346756820537
22.2,-2.75232910304442,-0.732561723318479,1.00118960938537,0.0452750752300906,-0.068207932768467,-0.897517643752943,0.976056742660385,0.472530805653602,-0.0879730256238041,-0.149378399137629,-0.143882327531576,-0.440444702488562,0.0125573079864177,0.0209517073821716,255.908001872973,260.069399586274
22.21,-2.74247343795021,-0.737248094807896,1.00118863130521,0.0441134620496396,-0.0694134686927824,-0.901929676708551,0.979637557993075,0.48186261845271,-0.0894497207432848,-0.14292727297798,-0.135528159950992,-0.426762933510798,0.0125573079864177,0.0209517073821716,256.110024815135,259.820506561486
22.22,-2.73254231940137,-0.741949184712206,1.0011894398285,0.0430186294584458,-0.0705445751700682,-0.90619724917863,0.983318161011933,0.491114765181213,-0.0908623857655118,-0.134875905143229,-0.126720744493658,-0.412494796363174,0.0159955433530003,0.0220364360381789,256.287141401663,259.596774641864
22.23,-2.72253546514367,-0.746666131290653,1.00119191833389,0.0419981117062801,-0.0715983354188213,-0.910314884739078,0.987147289975955,0.500129101468343,-0.0922160866638235,-0.126874369635403,-0.117904179817118,-0.397704860433482,0.0159955433530003,0.0220364360381789,256.442147407054,259.395412827113
22.24,-2.71245258349354,-0.751400509503048,1.00119593648292,0.041056030508973,-0.0725757007531452,-0.914277880234759,0.991159421340585,0.509025746714636,-0.0935136378098515,-0.117680029453265,-0.10940074448328,-0.382450887876618,0.0185883535487729,0.0212480314300651,256.577431004696,259.213836873887
22.25,-2.70229326342278,-0.756153730744884,1.00120134452341,0.0401978362574586,-0.0734778976784272,-0.918082079246992,0.995316539292809,0.517688135649514,-0.0947614768633244,-0.108531213228006,-0.10088476353537,-0.366784225979938,0.0185883535487729,0.0212480314300651,256.695217234975,259.049864222597
22.26,-2.69205719382514,-0.760927470707447,1.00120798845249,0.0394257122341062,-0.0743082434201774,-0.921723877437204,0.999712913029213,0.52619319724808,-0.0959658388786548,-0.0986556620289449,-0.0932185201535859,-0.350750756417583,0.0202001047220118,0.0191403236204719,256.797418812033,258.901485816811
22.27,-2.68174393174702,-0.765723315575918,1.00121569537875,0.038742723170585,-0.0750709070046321,-0.925200119240024,1.0042502632184,0.534471149869091,-0.0971333264231804,-0.0888192529513705,-0.0855379643721149,-0.334391294108972,0.0202001047220118,0.0191403236204719,256.885810049568,258.766999103212
22.28,-2.67135319522261,-0.770542936194788,1.00122429487337,0.038149241923795,-0.0757705201012789,-0.928508027875107,1.00905555758757,0.542557248277942,-0.0982718389836322,-0.0786976982228723,-0.0789973030105699,-0.317742231025422,0.020873886459615,0.0163153070348412,256.961936485832,258.644857929829
22.29,-2.66088457410792,-0.775387970784396,1.00123359947505,0.0376460785344908,-0.0764128877035256,-0.931645195326624,1.01399841230419,0.550425607471185,-0.0993874456532766,-0.0686083086845435,-0.0724421847610352,-0.300835947023082,0.020873886459615,0.0163153070348412,257.027222849119,258.533745410161
22.3,-2.65033783253153,-0.780259988984014,1.00124342873718,0.037232155502482,-0.077003046969602,-0.934609466241019,1.01921505726874,0.558076953484077,-0.100488241094588,-0.0585940920165927,-0.0671053997139069,-0.283701242285098,0.0207765406199534,0.0132941264346027,257.082931618566,258.432488200954
22.31,-2.63971262028517,-0.785160564935734,1.00125358805899,0.0369064555911118,-0.0775473074543167,-0.937398987568949,1.02456704520586,0.565520948516572,-0.101579431704375,-0.0486054849505308,-0.0617553152717515,-0.266363736164797,0.0207765406199534,0.0132941264346027,257.130219344534,258.340082358631
22.32,-2.62900873877167,-0.790091093198818,1.00126389278577,0.0366669244635961,-0.0780504447881025,-0.940012072285657,1.03018264133909,0.572733867492014,-0.1026683615506,-0.0389425589481505,-0.0575474233928741,-0.248846167285106,0.0201384382351324,0.0104594363904441,257.170128978591,258.255653110027
22.33,-2.61822589319425,-0.795052991553579,1.0012741477203,0.0365112942733105,-0.0785184413304415,-0.94244727965937,1.03593277504076,0.579749897763054,-0.103759282331395,-0.0292996590594006,-0.053328265998035,-0.231168753107922,0.0201384382351324,0.0104594363904441,257.203611279867,258.178450012331
22.34,-2.60736389722941,-0.800047432546025,1.00128416930928,0.0364370168122617,-0.0789554015484809,-0.944703278277355,1.04192713135918,0.586531469649935,-0.104858353871503,-0.0201195058027339,-0.0500808091619188,-0.21334941248815,0.0191998466052497,0.00804610006039912,257.231536380662,258.107834501343
22.35,-2.59642248624915,-0.805075615783048,1.00129376750832,0.0364411689400818,-0.0793664686115768,-0.94677893540821,1.04805656248287,0.593126036344774,-0.105968931821589,-0.0109549471071089,-0.0468246030033771,-0.195404068542056,0.0191998466052497,0.00804610006039912,257.254694918112,258.043258798817
22.36,-2.5854014546106,-0.810138470535809,1.00130276470666,0.0365211237145477,-0.0797548919093008,-0.948673192172625,1.05440735454156,0.599491509632913,-0.107095938973409,-0.00229167370861384,-0.0443277312721441,-0.177346825982723,0.0181707096544384,0.00615939501096491,257.27381779966,257.984267732817
22.37,-2.57430053323412,-0.815236946512238,1.00131098099789,0.0366738188223015,-0.080124744344971,-0.95038514790878,1.06089486161579,0.605678905256325,-0.108241987757786,0.00635935189732594,-0.0418248126555677,-0.159190212474767,0.0181707096544384,0.00615939501096491,257.289567716651,257.930471809338
22.38,-2.56311946652436,-0.820371729616141,1.00131824911518,0.0368968499158273,-0.0804784093773925,-0.951913954696719,1.06758158939253,0.611648559870832,-0.109410935381885,0.0145430697806231,-0.0398669339436543,-0.140945327010891,0.0172063776461341,0.00480556346324687,257.302560224281,257.881554644897
22.39,-2.55185794614713,-0.825543513504176,1.0013244035616,0.0371873935560295,-0.08081887412207,-0.953258888773574,1.07440746088169,0.617447958418879,-0.11060485324611,0.0227170016836712,-0.0379057133291533,-0.122622024622214,0.0172063776461341,0.00480556346324687,257.313352183768,257.837246383341
22.4,-2.54051581904509,-0.830752505991558,1.00132931483619,0.0375434296913725,-0.0811450105719738,-0.95441916401693,1.08134575313795,0.623043966475673,-0.111823488575365,0.0304999001333816,-0.0356881581169747,-0.104229068969884,0.0163986039495556,0.00543238718242309,257.322453542259,257.797324231022
22.41,-2.52909292640072,-0.835998850087225,1.00133286434651,0.0379625741416532,-0.0814554882169798,-0.955394064495576,1.08842626207843,0.628476389971205,-0.11306514161284,0.038274463834018,-0.0334700557496045,-0.0857742711867202,0.0163986039495556,0.00543238718242309,257.330300638611,257.761572186248
22.42,-2.51758941822425,-0.84128199500923,1.00133499083861,0.0384431880973882,-0.0817425492701795,-0.95618269582361,1.09545532575418,0.633719359062257,-0.114320920321453,0.0457403695155685,-0.0295018584379009,-0.0672646796932073,0.0157622337509405,0.00974969840350505,257.337298502936,257.729817614673
22.43,-2.50600553519879,-0.846601179960571,1.00133565881701,0.0389833366473112,-0.0819967363413077,-0.956784150225981,1.10262912473701,0.638804451307939,-0.115581605796287,0.0531989730476511,-0.0255360316019297,-0.0487066658486687,0.0157622337509405,0.00974969840350505,257.34372919533,257.70182206751
22.44,-2.49434157359697,-0.851955352947539,1.00133485188039,0.0395816012378648,-0.0822065702523881,-0.957197477967085,1.10965769505916,0.643709693987623,-0.116831356328419,0.0603943113741478,-0.0189737832862442,-0.0301060366772967,0.0152184008245266,0.0161638664581041,257.349907246028,257.677443880682
22.45,-2.4825979857439,-0.85734315749646,1.00133258736861,0.0402363259838242,-0.0823580210588803,-0.957421658602315,1.11683004561597,0.64846221571404,-0.118057622337028,0.0675845698778773,-0.0124166427584369,-0.0114681308991773,0.0152184008245266,0.0161638664581041,257.355996221149,257.65643030046
22.46,-2.47077508849382,-0.862763281758667,1.00132887376771,0.0409460548277361,-0.0824387087470688,-0.957455750894112,1.12382900906693,0.653037570973278,-0.119240209583755,0.0744905261236118,-0.00304487051349147,0.00720217954487705,0.014623150012833,0.0231256656738153,257.362233735053,257.638657935015
22.47,-2.45887338921977,-0.868214071120879,1.00132375503262,0.0417091005182795,-0.0824334785625467,-0.957298714546147,1.13096556942607,0.657465069990494,-0.120366675410577,0.0813956031579379,0.00631938939954608,0.0259003472768876,0.014623150012833,0.0231256656738153,257.368702381632,257.623876356809
22.48,-2.44689312738958,-0.873694160717959,1.00131725236368,0.0425237175919395,-0.0823315472884769,-0.956949688293075,1.13795706757414,0.66171104751067,-0.121416439902266,0.0879264408365575,0.0181599216959341,0.0446222681660075,0.0138262857311394,0.0292600743664168,257.375574270672,257.611971225197
22.49,-2.43483473797624,-0.879201859658182,1.00130941984631,0.0433878674683372,-0.0821196884245457,-0.956407712957113,1.14507412903425,0.665813792563962,-0.122378931904304,0.0944625797230994,0.0299909343524503,0.0633640828319653,0.0138262857311394,0.0292600743664168,257.382881350426,257.602708386268
22.5,-2.42269831584951,-0.884735898670217,1.00130028695039,0.0442993565899366,-0.0817905958435331,-0.955672076649755,1.15211560430403,0.669725615793869,-0.123237616133539,0.100486746034443,0.0435401187642694,0.0821223920684219,0.012722920033772,0.0335283597671317,257.39073967897,257.59597580028
22.51,-2.4104841310188,-0.890294744826785,1.00128991131615,0.0452555789316559,-0.0813352698627688,-0.954741997065787,1.15926518589942,0.673498427326325,-0.123984089674134,0.106523738287637,0.0570781900436931,0.100894018360536,0.012722920033772,0.0335283597671317,257.399151852799,257.591563732933
22.52,-2.39819209898932,-0.895877301490516,1.00127833065141,0.0462538738611835,-0.0807509568590787,-0.953616968544746,1.16643079781203,0.677069048495149,-0.124609311675351,0.111898153913365,0.0713349773539749,0.119676262815412,0.0112839386975538,0.0353320133044819,257.408186229821,257.589358121063
22.53,-2.38582227113978,-0.901482300929528,1.00126560549451,0.0472910200205927,-0.0800341992841341,-0.952296462083494,1.17368292507071,0.680504157115743,-0.125106795171717,0.117293247289988,0.0855794624857733,0.138466665863692,0.0112839386975538,0.0353320133044819,257.417831406274,257.589178508275
22.54,-2.37337437967471,-0.907108825245214,1.00125178255174,0.048364011789965,-0.0791870297642793,-0.950780213631193,1.18104563649765,0.683727267295249,-0.125476389987421,0.121899727773497,0.0994884414337613,0.15726323110807,0.00956187633037318,0.0345342126640722,257.428115668583,257.590906551789
22.55,-2.36084824227864,-0.912755890188457,1.00123692599635,0.049469141443775,-0.0782118205184386,-0.949067993045671,1.1884710100506,0.686817260737945,-0.12571358175735,0.126533960099764,0.113384305898914,0.176064237619987,0.00956187633037318,0.0345342126640722,257.439026270427,257.594395521163
22.56,-2.34824307106899,-0.918423203262197,1.00122106179986,0.0506033020088048,-0.0771203837066254,-0.947160062109102,1.1962241897075,0.689689391518137,-0.125836869916432,0.130307426837082,0.124776222421533,0.194868602997709,0.00767510800740323,0.0283832327136734,257.45057619126,257.599541568446
22.57,-2.33555802607209,-0.924110619176055,1.00120422241427,0.051762558579314,-0.0759270270639177,-0.945056847872994,1.20401560059796,0.692429041160543,-0.125848421628103,0.134112237918621,0.136154492100047,0.213675629640626,0.00767510800740323,0.0283832327136734,257.462833998119,257.606314904527
22.58,-2.32279228569357,-0.929817743766058,1.00118644611124,0.0529439736540842,-0.0746451916421788,-0.942758789811533,1.21215247326563,0.694951607283668,-0.125768288317597,0.13706935453731,0.144670353341381,0.232484780357481,0.00581120916105436,0.0213503558368323,257.475779047044,257.61459966341
22.59,-2.3099449421336,-0.935544386638882,1.0011677729261,0.0541437502044973,-0.0732911641674774,-0.940266520740598,1.22030761837201,0.697340545884601,-0.125602743414654,0.140058795702106,0.153172264862287,0.25129588770496,0.00581120916105436,0.0213503558368323,257.489485494632,257.624394223563
22.6,-2.29701528303829,-0.941289812218893,1.00114826474943,0.0553594484649886,-0.0718770377980639,-0.937580508307369,1.2287574544314,0.699520305501486,-0.125368332954435,0.142304013981727,0.159113102667175,0.270108704610547,0.00416645506831524,0.0150640227860273,257.503892016878,257.635557730203
22.61,-2.28400251156029,-0.94705348121347,1.00112798218565,0.0565878427440715,-0.070417445506389,-0.934701399159536,1.23721116005815,0.701563656080753,-0.125073066167567,0.144580861139206,0.165039826276878,0.288923285534324,0.00416645506831524,0.0150640227860273,257.518244967969,257.647198912962
22.62,-2.27090616803528,-0.952834364270704,1.001107001379,0.0578256213007589,-0.0689222531384478,-0.931629625989758,1.24589251840782,0.703376420753364,-0.124723972773944,0.145923667405698,0.168900757429464,0.307739492440717,0.00212280049621812,0.0100018149776984,257.526165118726,257.652265823196
22.63,-2.2577257521584,-0.95863161724453,1.00108534594211,0.059068479421656,-0.0674033611984535,-0.928365774035596,1.25456837665187,0.705048790528877,-0.12432275285866,0.147296362109659,0.172747580556574,0.326557440785909,0.00212280049621812,0.0100018149776984,257.528232611819,257.651330855967
22.64,-2.24446172249555,-0.964444465774273,1.00106306908909,0.060303475404686,-0.065868342721074,-0.924910314839764,1.26340822383406,0.706282938200061,-0.12386509170804,0.145603964969549,0.175032630841907,0.345332179836498,-0.00442845116514191,0.00617824446270004,257.495865062333,257.680551722386
22.65,-2.23111469382777,-0.970272427558263,1.00104019642009,0.0615146493557997,-0.0643260888796833,-0.921265741480598,1.27223461971907,0.707374344488427,-0.123344530805987,0.143936816594351,0.177311108468181,0.363691406708571,-0.00442845116514191,0.00617824446270004,257.316512963428,257.872525736298
22.66,-2.21768596007737,-0.976115023858714,1.00101676132845,0.062680750880932,-0.062781614214103,-0.917438429217425,1.28116501321637,0.707847943204556,-0.122743783424295,0.137289867526744,0.178476784616469,0.381229463024703,-0.0149794989903192,0.00344110453409886,257.002464232388,258.213485405565
22.67,-2.20417717078903,-0.981972186949845,1.00099277806074,0.0637755844730761,-0.0612405623328796,-0.913438759780238,1.29006617617534,0.708187736683534,-0.122048248673102,0.130642672223953,0.179648034666974,0.39757857198829,-0.0149794989903192,0.00344110453409886,256.560469558118,258.682510519696
22.68,-2.19059097276218,-0.987844249488918,1.0009682316214,0.0647630100351448,-0.0597054461085597,-0.909280485522815,1.29901112479513,0.707606541136033,-0.121211885585832,0.115659587582871,0.180075498256473,0.412411865316801,-0.0324159776238122,0.00158944069986017,256.00934495504,259.269473371942
22.69,-2.17693068944842,-0.993732189990761,1.00094312956086,0.06559833486822,-0.0581789136111371,-0.904980543332122,1.30790141184362,0.706908292583152,-0.120226480938261,0.100615059064462,0.180526605750538,0.425446871030878,-0.0324159776238122,0.00158944069986017,255.370493318774,259.964546570879
22.7,-2.16320083244566,-0.999637695961052,1.00091747885366,0.066224156700041,-0.0566611363599799,-0.900558407093869,1.31677516698274,0.704864469252646,-0.119002200161336,0.0725415467917761,0.180527534609591,0.436448543795553,-0.0592621199574982,0.000411053356435186,254.665506292311,260.755885420684
22.71,-2.14940703104547,-1.00556345580117,1.00089141449792,0.0665695260083141,-0.0551519640700464,-0.896035802134952,1.3255596755668,0.702716244039452,-0.117557987795265,0.0442926449810953,0.180581035226816,0.445231692527717,-0.0592621199574982,0.000411053356435186,253.9158706912,261.629818864474
22.72,-2.13555492480021,-1.01151207187487,1.00086504072512,0.0665668348419273,-0.0536493394037755,-0.891436054251844,1.33426798688999,0.69903518222582,-0.115754421714055,0.0008772155853449,0.180410739397131,0.451661345914003,-0.0899270005959877,-0.00028859886060194,253.142896501454,262.571404522067
22.73,-2.12165153864205,-1.01748736921481,1.00083861427816,0.0661326591172881,-0.0521506633237816,-0.886783732005037,1.34284627252918,0.695244376976019,-0.113653392453199,-0.0428593014239749,0.180327202578882,0.4556540649657,-0.0899270005959877,-0.00028859886060194,252.356523538064,263.553844726928
22.74,-2.10769637555073,-1.02348703683031,1.00081259311883,0.0652888675792139,-0.0506521805167393,-0.882103979894833,1.35129579321532,0.691834916432422,-0.111314313765811,-0.0816561307425486,0.180162347932652,0.457189704895632,-0.0792901006094648,-0.000677136595826767,251.572268267747,264.527256887583
22.75,-2.0936888399188,-1.02950869658353,1.00078746209119,0.0640627350865442,-0.0491505773157471,-0.877421139932475,1.35958171898322,0.68829721826125,-0.108714730706927,-0.120721331217333,0.180075105501679,0.456474319301838,-0.0792901006094648,-0.000677136595826767,250.874050536088,265.40190413202
22.76,-2.0796263450333,-1.03554819669341,1.00076368736112,0.0625131535089501,-0.0476424454599724,-0.872757081600199,1.36770074124739,0.685905392940591,-0.10597984673962,-0.146603905100553,0.17996128807274,0.453757261482717,-0.0525600058392624,-0.00088805936189536,250.257181217541,266.182480199077
22.77,-2.06550553821827,-1.04160071921711,1.0007417553596,0.0607129098426862,-0.0461253144236193,-0.868131223884027,1.37563132000508,0.683373069187444,-0.103074060417181,-0.172633784524513,0.179895688272604,0.449258898378785,-0.0525600058392624,-0.00088805936189536,249.711557373759,266.878437814398
22.78,-2.05132522614049,-1.04766312562831,1.00072205725428,0.0587090111355824,-0.0445969735983623,-0.86356081366798,1.38336768897702,0.681712715054226,-0.100070324088074,-0.188190054201741,0.179818320413231,0.443176235734326,-0.0316806502779358,-0.000999116211836197,249.22868625757,267.498661827197
22.79,-2.03708359373106,-1.053731724856,1.00070496436155,0.0565593066179117,-0.0430559731869716,-0.859061161063954,1.39089488046558,0.679912797130082,-0.0969631481167801,-0.203823419604729,0.179764333606232,0.435683386385157,-0.0316806502779358,-0.000999116211836197,248.800763499855,268.050788733777
22.8,-2.02278075207151,-1.05980438796322,1.00069082993913,0.0542974246174895,-0.0415011511264616,-0.854645864755538,1.39820609626394,0.678699964657821,-0.0937898334045014,-0.211978869477505,0.179700846246047,0.42693619600317,-0.0169492208068314,-0.00105447108005962,248.419580972653,268.540329245897
22.81,-2.00841636014006,-1.06587857825613,1.00067995294993,0.0519646235344779,-0.0399318982620664,-0.850326993724557,1.40529038260045,0.677359739719713,-0.0905562614913521,-0.220174783704815,0.17964266369537,0.417072426742401,-0.0169492208068314,-0.00105447108005962,248.077609506932,268.971943702897
22.82,-1.99399150583622,-1.07195295273285,1.00067262382524,0.0495836122966403,-0.0383478446665707,-0.846115266836211,1.41214077469776,0.67638868752428,-0.0872793045711556,-0.223313297292045,0.179573872703682,0.406215425411903,-0.00706930811136266,-0.00107745825444521,247.769968877133,269.351583102112
22.83,-1.97950696111062,-1.07802588173584,1.00066906647097,0.0471821927671937,-0.0367489948710253,-0.842020193977454,1.41874907179629,0.675310003506423,-0.0839679858432996,-0.226475216289571,0.179498351828771,0.394474384327473,-0.00706930811136266,-0.00107745825444521,247.492510754678,269.684723745587
22.84,-1.9649644917361,-1.08409658926434,1.00066950025303,0.0447748464300181,-0.0351355247619546,-0.838050217849857,1.42510853920367,0.674448510314865,-0.0806298687785578,-0.22638775558245,0.179411833005369,0.381947010802706,-0.000754820291684751,-0.00107910643868701,247.241455748982,269.976138964892
22.85,-1.95036564847081,-1.09016410516463,1.00067408310853,0.0423792861457364,-0.0335078459411746,-0.834212825861057,1.43121312287488,0.67350345919648,-0.0772726035973225,-0.226317111081517,0.179311244771652,0.368719860735373,-0.000754820291684751,-0.00107910643868701,247.013594361483,270.230218041197
22.86,-1.93571264361158,-1.096228043506,1.00068296139726,0.0400040305164923,-0.0318664788642987,-0.830514662048541,1.43705643737081,0.672675950936598,-0.0738990741098299,-0.224297019192481,0.179201272078572,0.354870320194004,0.00302658415320241,-0.0010642788052166,246.806023791849,270.450809902814
22.87,-1.92100754764438,-1.10228789231873,1.00069622691983,0.0376595114109219,-0.030212077623185,-0.826961616514233,1.44263426281354,0.671790720706944,-0.0705141794604057,-0.222292243697752,0.179073265623461,0.340466994151537,0.00302658415320241,-0.0010642788052166,246.616274717539,270.641444885981
22.88,-1.90625285006475,-1.10834352134501,1.00071395194029,0.0353500521746882,-0.0285453708903047,-0.823558573802359,1.44794081015016,0.670961762380744,-0.0671185900523674,-0.219243499289545,0.178939129753851,0.325674625892458,0.00506065926023307,-0.00103615375177521,246.495075830529,270.749062129723
22.89,-1.89145095151785,-1.11439472373329,1.00073616305415,0.0330809273557498,-0.0268672024633325,-0.820308113230419,1.45297478639299,0.670097125021009,-0.0637147319824475,-0.216212855139271,0.17878591459584,0.310778611627632,0.00506065926023307,-0.00103615375177521,246.470137541515,270.744697850254
22.9,-1.87660449879657,-1.12044152643587,1.00076286151842,0.0308535309492262,-0.0251785092935383,-0.817209927585783,1.4577335985267,0.6692466229317,-0.0603019338696833,-0.212742910319991,0.178630564361985,0.296064029210028,0.00594225547265306,-0.000999502793188266,246.537754675171,270.632488155544
22.91,-1.86171608643814,-1.12648391420348,1.00079400693307,0.0286696197860697,-0.0234802767062141,-0.814260911014522,1.46222030974526,0.668368019866331,-0.056880343079911,-0.209295432924044,0.178457428727784,0.281802278720084,0.00594225547265306,-0.000999502793188266,246.693042783883,270.417810966552
22.92,-1.84678795267725,-1.13252154201125,1.00082950436832,0.0265356797950424,-0.0217735207488312,-0.811455312844524,1.46643587892762,0.667614996055016,-0.0534519326312686,-0.204244172141302,0.17828718063482,0.2682471239346,0.00907642831995065,-0.000954112508454357,246.929837844165,270.107403445831
22.93,-1.83182219854737,-1.13855393849084,1.00086921862401,0.0244597581290686,-0.0200592689424768,-0.808784918910426,1.47038753447098,0.666826172170953,-0.0500222763944277,-0.199222450447254,0.178100045566882,0.255631188404463,0.00907642831995065,-0.000954112508454357,247.240779916929,269.709399222059
22.94,-1.81682077364054,-1.14458049020037,1.00091297589209,0.0224516130929397,-0.0183385362211207,-0.806239283213056,1.47407915177152,0.666221294937037,-0.0465945660749614,-0.191853757393519,0.177920488689148,0.244162502762845,0.0136837328260081,-0.000900282002880002,247.61736403088,269.233164393969
22.95,-1.80178542817363,-1.15060039480426,1.00096056666072,0.0205233307981279,-0.016612304864532,-0.803805976004106,1.47752135332712,0.665562049765826,-0.0431790260046784,-0.184526302081944,0.177725097370617,0.234021444322219,0.0136837328260081,-0.000900282002880002,248.050201761298,268.689246328942
22.96,-1.78671800495853,-1.15661294054402,1.00101176188022,0.0186849897827729,-0.0148815069970978,-0.801470879811074,1.4807201673759,0.665072988948675,-0.0397785109094728,-0.174777184336641,0.177541902468354,0.22535851091765,0.0184981069298423,-0.000838648007545455,248.529107505354,268.089071537398
22.97,-1.7716201265573,-1.16261720442767,1.00106630409015,0.0169491077535364,-0.0131469995461667,-0.799218488893835,1.48368868727552,0.664504827697023,-0.0364054069997897,-0.165082742480586,0.177344391388856,0.218292148154323,0.0184981069298423,-0.000838648007545455,249.043429409663,267.444859733563
22.98,-1.7564936556889,-1.16861249994497,1.00112393309319,0.0153238133792212,-0.0114095675116298,-0.79703224503227,1.4864342772474,0.664039503865125,-0.0330617656711923,-0.153408861055902,0.177163453075391,0.212907901482665,0.0225120064302575,-0.00077029961598953,249.582143772157,266.769263680898
22.99,-1.74134024842218,-1.17459794090455,1.0011843692748,0.0138192875695049,-0.00966989378593278,-0.794894865594995,1.48897150301146,0.663468301342776,-0.0297592480936665,-0.141799775779088,0.176969960970976,0.209257402784276,0.0225120064302575,-0.00077029961598953,250.134187782512,266.075254401292
23,-1.72616186165893,-1.18057294190955,1.00124734323191,0.0124402198547512,-0.0079285892335576,-0.792788691353991,1.49130822145444,0.662898730508626,-0.0264993268570395,-0.128998420074895,0.176796633193433,0.207358859257404,0.0250152965715464,-0.000696874551252155,250.688560106737,265.375759709246
23.01,-1.71096028547406,-1.18653675560017,1.00131257562609,0.0111926285457989,-0.00618615549663153,-0.790696018193685,1.49345942574445,0.662197777521126,-0.0232902065269298,-0.11626423876162,0.176612364278287,0.207197297349658,0.0250152965715464,-0.000696874551252155,251.23461059072,264.683518447033
23.02,-1.69573759480656,-1.1924889251956,1.00137980405343,0.0100771233942907,-0.00444304076501978,-0.788599429699236,1.49543263018716,0.661383986584892,-0.0201330866059518,-0.103281570164738,0.176450577832645,0.208726231523249,0.025643577756159,-0.000620451546467069,251.762151816106,264.01076627233
23.03,-1.68049575383783,-1.19842888638968,1.00144876475798,0.00909475238324574,-0.00269959246883605,-0.786482108055267,1.49724222083856,0.660417007183245,-0.0170309588270125,-0.0903589737883719,0.176279039222446,0.211869130032474,0.025643577756159,-0.000620451546467069,252.261675847901,263.369062846518
23.04,-1.66523693653159,-1.20435629598147,1.00151921077389,0.008242195991991,-0.000956132873715186,-0.78432812722599,1.49889458721718,0.659228564247094,-0.0139847259898821,-0.0781094564308958,0.176130878549798,0.216522033334815,0.024384899635787,-0.000543267859091566,252.724479624084,262.769058423
23.05,-1.64996326785899,-1.21027076426893,1.00159090025022,0.00751567605544926,0.00078710113582325,-0.78212272123066,1.50040256303168,0.657870422872893,-0.0109918865977762,-0.0659049860376022,0.175973718386303,0.222556097052493,0.024384899635787,-0.000543267859091566,253.142795605946,262.220309310347
23.06,-1.63467697191521,-1.21617201599394,1.00166360288896,0.00690870769376582,0.00252987020358444,-0.779852518567895,1.50177074054724,0.656203258946733,-0.00805268470692225,-0.0551300572096348,0.175839650536803,0.229820885574092,0.0215317557824359,-0.000467402244967626,253.509922591132,261.731142469072
23.07,-1.61938028161722,-1.22205978752945,1.00173709722537,0.00641357788606554,0.00427200650232756,-0.777505750344262,1.50300963027835,0.654356161422799,-0.00516023401295552,-0.0443812207350119,0.175697120433432,0.238147755099933,0.0215317557824359,-0.000467402244967626,253.820273730075,261.308484461788
23.08,-1.6040754081013,-1.2279338103827,1.00181116628773,0.00602176441679075,0.00601332040309551,-0.775072412561723,1.50412152618497,0.652143322004658,-0.00231371741251875,-0.035563687851343,0.175576698100421,0.247353527766914,0.0175869042503743,-0.000394563542926425,254.069494935851,260.957823602807
23.09,-1.58876461773783,-1.2337938753223,1.00188560308275,0.00572296747540698,0.00775368632009936,-0.772544402070252,1.50511408985527,0.649747177272473,0.000496208245501955,-0.026754071353094,0.175448448056639,0.257244413414291,0.0175869042503743,-0.000394563542926425,254.254446463745,260.683079086038
23.1,-1.57345004636956,-1.23963965848969,1.00196019937801,0.00550786040494719,0.00949294868626871,-0.76991559976037,1.50598704048348,0.646963323627817,0.00327152509271373,-0.0200911517831717,0.175341109836036,0.267619780179426,0.0131454123001732,-0.000326044829698323,254.373289850415,260.486645251014
23.11,-1.55813391563669,-1.24547092751584,1.00203475636155,0.00536505439703891,0.0112310150637276,-0.767181928374693,1.50674495024951,0.644000018482214,0.00602200247476206,-0.0134224627122169,0.175226916316523,0.278276282612586,0.0131454123001732,-0.000326044829698323,254.425420509774,260.36932446635
23.12,-1.54281823592906,-1.25128725136983,1.00210907138093,0.0052855392596953,0.0129677642922262,-0.76434135595826,1.50738494209974,0.640660493147321,0.00875044368076578,-0.00884865353640993,0.175132527046162,0.289011463617859,0.00878021692430933,-0.000262806483385361,254.411507944009,260.330432923987
23.13,-1.52750511689693,-1.2570883054696,1.00218295011848,0.00525822136727014,0.0147031407162604,-0.761393875766576,1.50790854613737,0.637152775743669,0.0114654518842506,-0.00426158647102007,0.175032653414328,0.299627757801247,0.00878021692430933,-0.000262806483385361,254.333395477545,260.367806640115
23.14,-1.51219641197294,-1.26287351673836,1.00225619511847,0.00527527146440256,0.016437066282457,-0.758341435113618,1.50831052060046,0.63330862612347,0.0141699636126271,-0.00150557727868712,0.174951602994857,0.309935694551614,0.00495401577578588,-0.000205596224523558,254.194086395192,260.477949543184
23.15,-1.49689407175974,-1.26864241719439,1.00232861666397,0.00532697921971782,0.0181695296223578,-0.75518784342147,1.50858965631129,0.629314881963865,0.0168704825597806,0.00126534236227289,0.174866702802511,0.319757474592114,0.00495401577578588,-0.000205596224523558,253.997622144665,260.656106974983
23.16,-1.48159978150881,-1.27439427582722,1.00240002495352,0.00540723789187825,0.0199005036822766,-0.751938636532087,1.50873879571557,0.625045368333463,0.0195693078463771,0.00260712434585504,0.174799599553305,0.328929589206523,0.00196957679524687,-0.000155020921957594,253.749016936079,260.896439448846
23.17,-1.46631530953064,-1.28012845219167,1.00247023834902,0.00550842115125858,0.0216300245948876,-0.748600923902207,1.5087544908126,0.620651758204814,0.0222705171902111,0.00396139548353317,0.174730280116935,0.337305721445219,0.00196957679524687,-0.000155020921957594,253.454119589456,261.192148934879
23.18,-1.45104217985456,-1.28584405902305,1.0025390792132,0.00562636253029265,0.0233581167236953,-0.745183202277886,1.50862827194181,0.616055679908158,0.0249751842340185,0.004349582461421,0.174677434222986,0.344758642738508,-4.13143807027534e-05,-0.000111533793250074,253.11950636527,261.535664656211
23.19,-1.4357819779714,-1.2915402763565,1.00260637947464,0.00575582181085487,0.0250848582405682,-0.741695156891349,1.50835507926718,0.611366985143791,0.027685057454653,0.00474596788826926,0.174623717010306,0.351182259179,-4.13143807027534e-05,-0.000111533793250074,252.752330423234,261.918801739398
23.2,-1.42053608753374,-1.29721607643218,1.00267197905511,0.00589451072515616,0.0268103157084996,-0.738147441019136,1.50792581190296,0.606553824888746,0.0303997353063433,0.00463196688027931,0.174584661638422,0.35649269833167,-0.00109872919445158,-7.53553201013018e-05,252.360185799475,262.332948156913
23.21,-1.40530592918489,-1.30287047162318,1.00273572934117,0.0060395255304456,0.028534595432977,-0.734551448565437,1.50733447865456,0.601684067088785,0.0331189705654887,0.00452183142733901,0.174545581293162,0.360629399314819,-0.00109872919445158,-7.53553201013018e-05,251.950950332808,262.769234754253
23.22,-1.3900927758217,-1.30850231917906,1.00279749289748,0.0061901826489001,0.0302577894858218,-0.730919077354216,1.50657202666992,0.596765630522786,0.0358409891253005,0.00429650511981711,0.174518828555157,0.363555359154005,-0.00133745819523032,-4.63787986628643e-05,251.532635050125,263.218713292012
23.23,-1.37489791397675,-1.31411048986822,1.00285714548202,0.00634559441768645,0.0319800137041476,-0.727262491577002,1.50563220134235,0.591829236917013,0.0385639911480028,0.00407168467802397,0.174492327526855,0.365257243941948,-0.00133745819523032,-4.63787986628643e-05,251.11322801625,263.672521571462
23.24,-1.35972253924612,-1.3196937568444,1.00291457606949,0.00650627387844204,0.0337013662518131,-0.72359388672018,1.50450660756914,0.586912228730372,0.0412851912541276,0.00403141072426581,0.174475444252029,0.365744819390473,-0.000963416535438427,-2.41137260967094e-05,250.700543618978,264.122042790661
23.25,-1.34456784156747,-1.32525088424862,1.00296968779176,0.00667285330372404,0.035421954318281,-0.719925260038106,1.5031893294676,0.582016274881523,0.0440017221045207,0.00398944254992271,0.174458594369669,0.365050138341524,-0.000963416535438427,-2.41137260967094e-05,250.302077768643,264.559053414307
23.26,-1.32943497231176,-1.3307805934905,1.00302239780525,0.0068465745078825,0.0371418650754374,-0.716268193821688,1.50167312105901,0.577196108690588,0.0467102673814218,0.00431947082716243,0.174448560218612,0.36322623384539,-0.000212110192349055,-7.70001522299099e-06,249.924869997503,264.975856021562
23.27,-1.31432506370938,-1.33628158083385,1.00307263728086,0.00702901233758439,0.0388611836390672,-0.712633650411899,1.49995290363271,0.57243400027581,0.0494073832556805,0.00464639886222031,0.174438027194406,0.360345505421526,-0.000212110192349055,-7.70001522299099e-06,249.575381219405,265.365401603076
23.28,-1.29923925236006,-1.34175254643252,1.00312035106375,0.00722167606328276,0.0405799749342322,-0.709031788218198,1.49802292703906,0.567790053336145,0.0520896917499834,0.00541986225983191,0.174431747907656,0.356497800788769,0.000685921302398348,4.00259334296879e-06,249.259380072903,265.721390022161
23.29,-1.28417864866749,-1.34719215660218,1.00316549674346,0.00742650910039782,0.0422982954624722,-0.705471795005847,1.49587932209553,0.563236885557668,0.0547536377031678,0.00618908143017053,0.174424345754002,0.351788176916709,0.000685921302398348,4.00259334296879e-06,248.981853057182,266.038361382799
23.3,-1.26914439807375,-1.35259911623651,1.00320804425814,0.00764488737260789,0.0440161835001286,-0.701961747872864,1.49351803130551,0.558829340090532,0.0573961514294205,0.00737904475683151,0.174419160463265,0.346334534235004,0.00153074212893012,1.2270350062691e-05,248.746924217488,266.31176075047
23.31,-1.25413761886471,-1.35797209502585,1.00324797415644,0.0078786209515249,0.0457336668843502,-0.698508494894379,1.4909366325671,0.554539066505281,0.0600139672469617,0.00856350977295247,0.174412333925237,0.3402649646914,0.00153074212893012,1.2270350062691e-05,248.557804078697,266.537995354837
23.32,-1.23915948186416,-1.36330982222331,1.003285277308,0.00812865129776463,0.0474507584070364,-0.695117566441062,1.48813281907105,0.550407398920175,0.0626045558569655,0.0100648024009342,0.174406378366322,0.333715126302289,0.00216969624920375,1.83511229465569e-05,248.416748487726,266.714462867198
23.33,-1.22421113485077,-1.36861099680698,1.00331995263355,0.00839627471353177,0.0491674614000681,-0.691793111079717,1.48510572071413,0.5464118303426,0.0651652369972318,0.0115591866349695,0.174398494888416,0.326825407177234,0.00216969624920375,1.83511229465569e-05,248.32504835094,266.839572787483
23.34,-1.20929378316582,-1.3738743845601,1.00335200698325,0.00868181950638123,0.0508837672565386,-0.688537861485957,1.48185472153742,0.542574908819872,0.0676941180814668,0.013216338007118,0.174390844860322,0.319738237564443,0.00250599373902166,2.33164333836178e-05,248.283029652045,266.912739699745
23.35,-1.19440861683714,-1.37909873055443,1.00338145274755,0.00898583750015122,0.0525996601945571,-0.68535312613369,1.47838048574317,0.538884442258388,0.070189265459646,0.0148652804181174,0.174381250458788,0.312595297085312,0.00250599373902166,2.33164333836178e-05,248.290081616032,266.934368675577
23.36,-1.17955687792447,-1.38428284161784,1.00340830784548,0.00930799320824941,0.054315114458136,-0.682238808936477,1.47468393502735,0.535342079618597,0.0726494099975996,0.0165026668630693,0.17437184522779,0.305534956274949,0.00250032634687958,2.79585556926405e-05,248.34469585904,266.905816619499
23.37,-1.16473980289696,-1.38942551609193,1.00343259365774,0.00964801974931287,0.0560300993119095,-0.679193454044715,1.47076714289013,0.531947935210579,0.0750733835293495,0.0181310797169473,0.17436071272758,0.298689735544441,0.00250032634687958,2.79585556926405e-05,248.44452694648,266.829343351017
23.38,-1.14995860840762,-1.39452564651284,1.0034543392412,0.0100049830916429,0.0577439003354464,-0.676214321225729,1.4666491327968,0.528683613084614,0.077459479787815,0.0195813317235575,0.174200334154181,0.292184054000247,0.00216657900708225,-0.000312047613520037,248.58646269264,266.708043103851
23.39,-1.13521450207488,-1.39958214033921,1.0034735768,0.0103778603155063,0.0594556506762181,-0.673297472920184,1.46231662225209,0.525561178066479,0.0798060208238318,0.0210224711533251,0.174038769364524,0.286132113525903,0.00216657900708225,-0.000312047613520037,248.766704686425,266.545760523916
23.4,-1.12050791558747,-1.40459456443676,1.00349039874464,0.0107652538030853,0.0611553559370001,-0.670437980188661,1.45802065646474,0.522545294849114,0.0820991286539431,0.0221479617111298,0.171669511195699,0.280636157659377,0.0015626753481958,-0.00540492051471496,248.98084811324,266.346983832459
23.41,-1.10583909298132,-1.40956265640339,1.00350491540623,0.0111654820683129,0.062830831087739,-0.667629988872464,1.45352139562938,0.519657408466411,0.0843209917166739,0.0232614285796756,0.169303275539444,0.275784879176156,0.0015626753481958,-0.00540492051471496,249.223910400796,266.116664110476
23.42,-1.09120821046897,-1.41448619854172,1.00351723939287,0.0115768177272808,0.0644693582030685,-0.664866847894987,1.44914138632988,0.516850617369256,0.0864567195928292,0.0239665542371105,0.164123398637648,0.271652153490876,0.000778077283082864,-0.0119302999892386,249.490639487483,265.86031389922
23.43,-1.07661519127772,-1.41936520712769,1.00352750491352,0.0119971435102493,0.0660554347566297,-0.662141289042295,1.44457606762872,0.514152416179909,0.0884827131513535,0.0246569537485884,0.158953606117642,0.268296146003881,0.000778077283082864,-0.0119302999892386,249.775402408757,265.583657648824
23.44,-1.062060301632,-1.42419938388127,1.00353581709445,0.0124246267171196,0.067578159213677,-0.65944550396676,1.44010739921129,0.511510579862658,0.0903888214137049,0.0249016864967244,0.151369159456161,0.265758607011327,-8.02967736667464e-05,-0.0175722511047324,250.072557010621,265.292785731903
23.45,-1.04754357229959,-1.42898865877331,1.00354229948744,0.0128570108372916,0.0690242372680863,-0.656771388989999,1.43547725124486,0.508954537862408,0.0921541278751955,0.025130433739745,0.14380158894942,0.264064687778667,-8.02967736667464e-05,-0.0175722511047324,250.376320912043,264.993779602149
23.46,-1.03306551862415,-1.43373251484726,1.00354703916625,0.013292597501687,0.0703869167002508,-0.654110599895566,1.4308680574897,0.506433030283978,0.0937743043962986,0.0249324064984357,0.13473628242746,0.263222850390341,-0.000903630521284286,-0.0211123360659464,250.681098206454,264.69282430576
23.47,-1.01862648482941,-1.43843061660951,1.00355013589131,0.0137292857997493,0.0716579487419147,-0.651454813020349,1.42612476562316,0.503973264543217,0.0952367975227351,0.0247186013429432,0.125691612772984,0.263225340251497,-0.000903630521284286,-0.0211123360659464,250.981395181827,264.395896286459
23.48,-1.00422724870128,-1.44308221143737,1.00355165775206,0.0141657095667067,0.072835232452672,-0.648795780939264,1.42131581158898,0.501530497267049,0.0965420934890287,0.0241453939133915,0.116180172145963,0.264048710297803,-0.00159642022333297,-0.0222553085293804,251.272055319471,264.10880134121
23.49,-0.989868496402612,-1.44768666498419,1.00355167955235,0.0146001619807022,0.0739161792705007,-0.646125569062822,1.41640093541504,0.499126203472656,0.0976878662996292,0.0235575652024246,0.106689084688354,0.265654852408051,-0.00159642022333297,-0.0222553085293804,251.548241054445,263.836960868532
23.5,-0.975551194608006,-1.45224304432514,1.00355025328215,0.0150317331344943,0.0749026557045367,-0.643436624162659,1.41134940695438,0.496726346726461,0.0986780531610921,0.022712263567893,0.0976136122887126,0.267992075661678,-0.00208877009316607,-0.0213206825361999,251.805566656209,263.585377666871
23.51,-0.961276291080568,-1.45675047274767,1.00354743226984,0.0154592619303351,0.0757969095752435,-0.640721958401919,1.40621840254601,0.494344314126964,0.0995191154022724,0.0218538949147853,0.0885548900222507,0.27099657227908,-0.00208877009316607,-0.0213206825361999,252.040141039591,263.358528464339
23.52,-0.947044835480498,-1.46120792111066,1.00354325675306,0.0158823359160181,0.0766035424735943,-0.637975231045385,1.40090699502019,0.491959234087952,0.100217263414044,0.0208575050955127,0.0805225628568285,0.274593937172417,-0.00234371689892057,-0.0189288776885979,252.24860348076,263.160273104253
23.53,-0.932857912896928,-1.46561436545655,1.00353776380137,0.0163003956940942,0.0773281468085427,-0.635190865479879,1.39553894911581,0.489575455623493,0.100784570471937,0.019849658285791,0.0725017173448739,0.27870093055299,-0.00234371689892057,-0.0189288776885979,252.428213805013,262.993847915715
23.54,-0.91871655582551,-1.46996876307113,1.00353098695213,0.0167134924479329,0.0779767534079187,-0.632364135926451,1.38997473802141,0.487185914629009,0.10122850046234,0.0188236881745521,0.0658280459689976,0.283227291207536,-0.00235867069774286,-0.0157582412800652,252.57680326292,262.861738015371
23.55,-0.90462186483278,-1.47427004026295,1.00352295314231,0.01712163658749,0.0785567134095759,-0.629491214710916,1.38437202931402,0.484786357540602,0.101563385051546,0.0177878155700521,0.0591605952617073,0.288077653151734,-0.00235867069774286,-0.0157582412800652,252.692894955767,262.765757804127
23.56,-0.890574780720022,-1.47851720591561,1.00351369432019,0.0175252519696964,0.0790743851317172,-0.626569251764526,1.37857998576127,0.482382536079783,0.101797009864876,0.016839567444969,0.0539145936743473,0.293153490334204,-0.00216136449768425,-0.0123951947532899,252.775587667119,262.706907798624
23.57,-0.876576325284326,-1.48270921649904,1.00350323365514,0.017924817816803,0.0795375350649332,-0.6235963578404,1.37276254449411,0.479963170280574,0.101943365852237,0.0158829387415235,0.0486706707185053,0.29835504632639,-0.00216136449768425,-0.0123951947532899,252.824687558381,262.68552198824
23.58,-0.862627304320122,-1.48684517495565,1.00349160589756,0.018321004704662,0.0799520651748082,-0.620571664723273,1.36677748022672,0.477544574643234,0.102009756513963,0.0150950602799981,0.0447456402989919,0.303583251054134,-0.00180177711880141,-0.00926609567579882,252.840546347692,262.701130182233
23.59,-0.848728602470795,-1.49092412282745,1.00347883614365,0.0187146151108305,0.0803251964044999,-0.617495255164551,1.36077532495696,0.475110770558351,0.102008264621739,0.0143003324350548,0.040820061552219,0.30874153037085,-0.00180177711880141,-0.00926609567579882,252.824185611379,262.752648127674
23.6,-0.834880875314716,-1.4949452781915,1.0034649650119,0.019106427596029,0.0806619142660069,-0.614368194772809,1.3546346000958,0.472685592371855,0.101945127167309,0.0137251889307408,0.0380059543040517,0.313737551473243,-0.00134206663620374,-0.00662655170236008,252.777111182988,262.838262878751
23.61,-0.821084845457317,-1.49890779808902,1.00345002375422,0.0194974036357579,0.0809683256393204,-0.611192421772636,1.34848094792976,0.470251001721428,0.101829854441061,0.0131447230822047,0.035190023642843,0.318484793963292,-0.00134206663620374,-0.00662655170236008,252.701414604766,262.955641600815
23.62,-0.807341024097221,-1.50281101983229,1.00343406038763,0.0198882977483853,0.0812483118304543,-0.607970746073554,1.34221903687482,0.467835000348701,0.101667310865717,0.0128033438610164,0.0332345475628916,0.322904005390996,-0.000846555144959797,-0.00458401279860076,252.599582907306,263.1018513337
23.63,-0.793649972935557,-1.50665422628792,1.00341711470882,0.0202800710996324,0.0815066296176321,-0.604706712377181,1.33594509059436,0.465420030610927,0.101464397528783,0.0124580813519021,0.0312768842607926,0.326924437417879,-0.000846555144959797,-0.00458401279860076,252.474567521888,263.273565765003
23.64,-0.780012077854383,-1.51043686634783,1.00339924228007,0.0206733439591528,0.0817460679761624,-0.601404566705282,1.32959026215779,0.463035020062242,0.10122457051952,0.0123428833580043,0.0299304853374945,0.330484923334229,-0.000373353845838525,-0.00313498330746215,252.329603878202,263.467023557437
23.65,-0.766427757841453,-1.51415834467759,1.00338048990447,0.0210689417703479,0.0819700431478106,-0.598069105705172,1.32322196082247,0.460665013152867,0.100953225499628,0.0122250316479162,0.0285819964843725,0.333534684152989,-0.000373353845838525,-0.00313498330746215,252.166556427736,263.676456552172
23.66,-0.752897400175872,-1.51781835893648,1.00336090114758,0.0214653723506354,0.0821803929226065,-0.594705615768906,1.31679479557238,0.458296366907602,0.100656966665542,0.0118829792229284,0.0276268857317956,0.336033929647781,-0.000821155082123734,-0.0022047192674668,251.985824148707,263.894163463367
23.67,-0.739421431276541,-1.52141661172176,1.00334047972279,0.0218609005349927,0.082379376178141,-0.591319720391511,1.31035114748937,0.455958051242306,0.100343110306425,0.0115384682341277,0.0266705969986744,0.337954335168065,-0.000821155082123734,-0.0022047192674668,251.792040379311,264.116614342408
23.68,-0.72600056193491,-1.52495348531514,1.00331922070485,0.0222462991586555,0.0825681104630646,-0.58791729790613,1.30386418474632,0.45347190619883,0.100020558476035,0.00926003604301589,0.025937291431324,0.339279315041456,-0.00470819933869456,-0.00168224574201451,251.589861046344,264.340209684105
23.69,-0.712635623238037,-1.52842952182135,1.00329709484149,0.0226103854592276,0.0827480127371782,-0.584504335625597,1.29735652938154,0.451028045742273,0.099697815367412,0.0069761568718562,0.0252061916593171,0.34000392154818,-0.00470819933869456,-0.00168224574201451,251.383939249239,264.561414678175
23.7,-0.699327639672147,-1.53184574486944,1.00327406193399,0.022936922182832,0.0829197774368911,-0.581086836094381,1.29081470906237,0.448296968154488,0.0993872078285754,0.00120595330522788,0.0245797023564364,0.340134611553703,-0.0116902768814066,-0.00144872466482499,251.178741049044,264.77672258943
23.71,-0.686077838881907,-1.53520349199835,1.00325007178603,0.0232061705093145,0.0830843195956344,-0.577670686446198,1.28424742222262,0.445612593712392,0.0990967353572111,-0.00457491329159787,0.0239610098575951,0.339688766216448,-0.0116902768814066,-0.00144872466482499,250.978606726662,264.982863993229
23.72,-0.672887426156733,-1.53850420303391,1.0032250564177,0.0233982369602935,0.0832421696190843,-0.574261563811391,1.27764990131423,0.442563537044682,0.0988425522346253,-0.0146541543911653,0.0233750230761198,0.338694000856506,-0.0202659534069647,-0.0013977902721946,250.787505949948,265.176688384682
23.73,-0.659757862374735,-1.54174973394382,1.00319894685541,0.0234889367688663,0.0833940160914626,-0.570864825933015,1.2710222421631,0.439555567700115,0.0986290852418851,-0.0247489046607788,0.0228033929505121,0.337187374209804,-0.0202659534069647,-0.0013977902721946,250.609170855061,265.355422903657
23.74,-0.646690385033571,-1.54494168741099,1.00317165828913,0.0234586287681796,0.0835403947272686,-0.567485425820305,1.2643647511064,0.436177036692534,0.0984744136406016,-0.0390931594023896,0.0222279829173673,0.335214329676883,-0.0287150319741731,-0.00144671837174575,250.446824575042,265.516497998338
23.75,-0.633686499736833,-1.54808211616398,1.00314310949816,0.0232834628067293,0.0836819399730493,-0.564127827942185,1.25767311008653,0.432823260514793,0.0983780681975928,-0.0534549211701443,0.0216730127512279,0.332827662980201,-0.0287150319741731,-0.00144671837174575,250.303358936795,265.657819680014
23.76,-0.620747355775901,-1.55117257098975,1.0031132159395,0.0229475063597757,0.0838192630553,-0.560795940564037,1.25095023830435,0.429154785143265,0.098356064213942,-0.071258861175264,0.0211006031598205,0.33008621187146,-0.0355390751171867,-0.00153963440175656,250.181073627706,265.777571210248
23.77,-0.607874345047706,-1.5542150202127,1.00308189929229,0.0224314590003424,0.0839530133539413,-0.557493060024363,1.2441902542471,0.4254849290739,0.0984042926911006,-0.0890782805704214,0.0205530514866076,0.327053659928663,-0.0355390751171867,-0.00153963440175656,250.081863499647,265.874458118619
23.78,-0.59506749877021,-1.55720927744202,1.00304911838647,0.021744466854915,0.0840838424803492,-0.55422182658545,1.2373979007372,0.422003241849683,0.0985101824143471,-0.104792836351326,0.0199830236239269,0.323796969626758,-0.0313287177820327,-0.00164488774008271,250.006976009944,265.947490230831
23.79,-0.58232682125421,-1.56015512643052,1.00301484777801,0.020897889041723,0.0842122518569601,-0.550984196826876,1.23056805337513,0.418494413979543,0.0986737133996003,-0.120515578538283,0.019433906031121,0.320385218360795,-0.0313287177820327,-0.00164488774008271,249.95712165733,265.99610772526
23.8,-0.569652160583229,-1.56305207893312,1.00297907352152,0.0199080383231117,0.0843387144575797,-0.547781426447089,1.22370593563825,0.415297511114296,0.0988764586598929,-0.132576250462032,0.0188588704914589,0.316888229495487,-0.0240415144645213,-0.00174661785372384,249.932577726554,266.020281996636
23.81,-0.557043248943793,-1.56589946662994,1.00294179985647,0.0187949852278571,0.0844635121371096,-0.544614070451416,1.21680727757792,0.412050914077706,0.0991178954454249,-0.144639163897835,0.0182988196659914,0.313375247629156,-0.0240415144645213,-0.00174661785372384,249.93309429321,266.020394186616
23.82,-0.544499753500185,-1.56869728351695,1.0029030684431,0.0175745426625572,0.0845831902074627,-0.541482060464513,1.20996982259938,0.409081101107876,0.099378524391977,-0.153183389541651,0.0168861663862991,0.309913529103888,-0.0170485648689271,-0.0037492084095997,249.958028602102,265.99733301652
23.83,-0.53202113352375,-1.57144537398252,1.00286294586784,0.0162660868215833,0.0846933009753991,-0.538384668367416,1.2030991193589,0.406042036458901,0.0996498807064282,-0.161728450436874,0.0154835057559602,0.306567200005047,-0.0170485648689271,-0.0037492084095997,250.00623780519,265.952324441218
23.84,-0.519606778503118,-1.57414442367903,1.0028215449359,0.0148827087271451,0.0847849349366987,-0.535320585482772,1.19642519837912,0.403201798711071,0.0999117353720168,-0.167379158379903,0.0120548461276421,0.303396007690194,-0.0112915517740996,-0.00846161169425324,250.076256355871,265.887041948713
23.85,-0.507255760556307,-1.57679506398762,1.00277901243715,0.0134403824183761,0.0848470613068216,-0.53228792332264,1.18972564170627,0.400275064746642,0.100145771857447,-0.173033873071745,0.00863373781330485,0.30045440163546,-0.0112915517740996,-0.00846161169425324,250.166146859559,265.803364579689
23.86,-0.494967423345613,-1.5793984872149,1.00273550507722,0.01194911105714,0.0848683747109601,-0.529284217196157,1.18328934993197,0.397465237141059,0.100334859971521,-0.176485709817205,0.00267994120625885,0.297790826057066,-0.00689550988723064,-0.0143519017195112,250.27379344171,265.703584329396
23.87,-0.48274074538583,-1.58195590404943,1.00269121575452,0.0104210637203605,0.0848349854149131,-0.52630653149342,1.17684023705466,0.394553616292331,0.100455888704675,-0.179946887071104,-0.00326610849430762,0.295446849590982,-0.00689550988723064,-0.0143519017195112,250.396687113397,265.590079760808
23.88,-0.470575188455179,-1.58446882111114,1.00264632301974,0.00886345655518068,0.0847358752156742,-0.52335144042554,1.17066134578484,0.391686124788419,0.100496694924307,-0.181821046273851,-0.0116685002694241,0.293456952290564,-0.00370880363652924,-0.0200774693933158,250.532265379485,265.465560538111
23.89,-0.458469853824441,-1.58693880437862,1.00260103847226,0.00728505097056043,0.0845575490176228,-0.520415183489798,1.16448741127931,0.388703230149522,0.100434260004428,-0.183710145998731,-0.0200613831112087,0.291847783094671,-0.00370880363652924,-0.0200774693933158,250.677688275991,265.332723848023
23.9,-0.446424435983093,-1.58936751235416,1.00255554750331,0.00569077410557731,0.084291430959691,-0.517493660080963,1.15854297982021,0.385704333443829,0.100261563113872,-0.184512274374142,-0.03036553375308,0.290638354290277,-0.001504138138985,-0.0245506081469635,250.830161465193,265.194479689694
23.91,-0.434438317736387,-1.59175667267553,1.00251006198162,0.00408660588157169,0.0839270292949267,-0.514582591394994,1.15262505451327,0.382577999561529,0.0999603098748185,-0.185333938446967,-0.0406583210485465,0.28983951492255,-0.001504138138985,-0.0245506081469635,250.986751133126,265.053647553137
23.92,-0.422511488336582,-1.59410798017264,1.00246476551338,0.00247569420420887,0.08345964684794,-0.511677548040223,1.14686386706964,0.379388073083498,0.0995277598128994,-0.185452510452033,-0.0520041707489349,0.289454446811423,-5.53814260736351e-05,-0.0270348074080965,251.144641156185,264.913118410447
23.93,-0.410643706946408,-1.59642318346633,1.00241985997713,0.000861869411145536,0.0828835322203325,-0.508774088933003,1.14115265786926,0.376060266508777,0.0989539009743136,-0.185593506494567,-0.0633379211714849,0.289478431202361,-5.53814260736351e-05,-0.0270348074080965,251.301021508686,264.775634608041
23.94,-0.398835265494128,-1.59870394802239,1.00237552245055,-0.000753046988906523,0.0821985008429899,-0.505867823000317,1.13551067641419,0.372632474665526,0.0982392352198298,-0.1853133468572,-0.0747278136051728,0.289899542036552,0.000835026735799135,-0.0271936199280499,251.453247909994,264.643859767294
23.95,-0.387086326176923,-1.60095196139148,1.00233193963365,-0.00236681740359986,0.08140430721788,-0.502954511897316,1.12994192723648,0.36905804834588,0.0973836617036444,-0.185056526880666,-0.0861065170424459,0.290698754949304,0.000835026735799135,-0.0271936199280499,251.59882339289,264.520269681185
23.96,-0.375397443126789,-1.60316883775797,1.00228927893538,-0.00397856939397761,0.0805051553858312,-0.500030152247471,1.12435644580896,0.365356806247655,0.0963902881949143,-0.184576804225751,-0.09657133558719,0.291850743942929,0.00132890689612234,-0.0250769825339698,251.735442441566,264.407116509978
23.97,-0.363769145232968,-1.60535617457236,1.00224770887581,-0.00558719700965583,0.0795061532397711,-0.497091043324469,1.11886516065324,0.361501993311616,0.095268306573381,-0.184119397896542,-0.10702728733489,0.293324341586962,0.00132890689612234,-0.0250769825339698,251.861074211606,264.306444352142
23.98,-0.352202172633764,-1.6075155453296,1.00220738472414,-0.00719247297919281,0.0784151606547607,-0.494133867795948,1.11328578552886,0.357501520634378,0.0940232552839826,-0.183571618502743,-0.115760044200329,0.295083362429313,0.00155329207016831,-0.0210525332823337,251.973884437547,264.219944925305
23.99,-0.340697335689174,-1.6096484690211,1.00216845477326,-0.0087940543151699,0.0772417474602443,-0.491155734983551,1.10781757074143,0.353342472670393,0.0926711675484579,-0.18304342381531,-0.124486896334076,0.297087381461607,0.00155329207016831,-0.0210525332823337,252.072418686242,264.14910044125
24,-0.329255465306565,-1.61175650836197,1.0021310605535,-0.0103921196102269,0.0759963002685043,-0.488154236590229,1.10221293776252,0.349025496288144,0.0912199659996627,-0.182507682554062,-0.130929727559097,0.299292524580585,0.00160436814380257,-0.0157003297012309,252.155405834513,264.094937860127
24.01,-0.317877539038816,-1.61384114093129,1.002095329249,-0.0119868017380274,0.0746914764259866,-0.485127479784646,1.09673126952799,0.344546930680309,0.0896891698958882,-0.18198744863545,-0.137369331023683,0.301652496285269,0.00160436814380257,-0.0157003297012309,252.222029978877,264.058289835193
24.02,-0.306564381518065,-1.61590395534256,1.00206138833719,-0.013578501177727,0.0733388949286158,-0.482074099006394,1.09109126102253,0.339903503568304,0.0880887634973889,-0.181506384699195,-0.141249679248596,0.304119292834095,0.00155227443467319,-0.00969345975003159,252.271631037926,264.03946576866
24.03,-0.295317015473254,-1.61794643515708,1.0020293447073,-0.0151676096824942,0.0719527228484798,-0.478993291561503,1.08558032602957,0.335097439317712,0.0864385100282632,-0.181035856242444,-0.145128483980325,0.306644384513392,0.00155227443467319,-0.00969345975003159,252.304043398394,264.038608567941
24.04,-0.284136175182409,-1.61997022820093,1.00199931258396,-0.0167546133388963,0.0705445626729601,-0.475884775266638,1.07991429670434,0.33012382523195,0.0847496580812955,-0.18062624758498,-0.14644886505905,0.309179319930608,0.00144592471647928,-0.00368591186353889,252.319221555581,264.0553121985
24.05,-0.273022817837719,-1.62197686915877,1.00197138091353,-0.0183400058837632,0.0691285663744547,-0.472748834217952,1.07437781443196,0.324988370837557,0.0830398128569726,-0.180221807289209,-0.147768124741509,0.311676955351669,0.00144592471647928,-0.00368591186353889,252.317613953879,264.089039871496
24.06,-0.261977526587045,-1.623968088237,1.00194565165561,-0.0199242642823974,0.0677152791812811,-0.469586222245839,1.06870986961191,0.319685956153425,0.0813203164908511,-0.179883909271758,-0.146760036745528,0.3140919287605,0.00131752766738849,0.00177589583038039,252.299751383222,264.138726304488
24.07,-0.251001107801065,-1.62594550528169,1.00192219860337,-0.0215078785641423,0.0663175653073352,-0.466398220165771,1.06316686499782,0.314224124942646,0.0796053250957568,-0.179545915001038,-0.145750175878933,0.316381828934047,0.00131752766738849,0.00177589583038039,252.266618913466,264.2032153314
24.08,-0.240093961146951,-1.62791094263783,1.00190111135845,-0.0230912576875682,0.0649441805887103,-0.463186494417182,1.05752949851901,0.308598339792135,0.0779050398138099,-0.1792706986064,-0.142805891693637,0.318507525767969,0.00118666741724504,0.00630861445019247,252.219248532807,264.280887171381
24.09,-0.22925669026267,-1.62986612353891,1.00188245021766,-0.02467482483436,0.0636058051129904,-0.459953161379401,1.05200828789432,0.302816886789778,0.0762298621924262,-0.178990663087974,-0.139858609584134,0.320434183560747,0.00118666741724504,0.00630861445019247,252.159053115211,264.370073133066
24.1,-0.218489507600091,-1.63181295864624,1.00186629026545,-0.0262588917060699,0.0623090188722132,-0.456700617409166,1.0464356788275,0.29687613695458,0.0745878940070106,-0.178765129903143,-0.135454896051618,0.322131440230975,0.00106385902188269,0.00971262696845845,252.087460862335,264.468742389462
24.11,-0.207792797330693,-1.6337532760757,1.0018526774804,-0.0278437849944758,0.0610618444850188,-0.453431602081705,1.04096735248141,0.2907844273627,0.0729861615183808,-0.178530923645081,-0.131046974136707,0.323574189399386,0.00106385902188269,0.00971262696845845,252.006099270545,264.574771131335
24.12,-0.197166619160281,-1.63568905294181,1.00184166340338,-0.0294297124816171,0.0598687629852125,-0.450149023144939,1.03548602914102,0.284539057378314,0.0714312485850306,-0.178341666058249,-0.125642787404645,0.324742596207108,0.000953545510299232,0.0120325941199309,251.915253377765,264.684410956124
24.13,-0.186611168628445,-1.63762220099097,1.00183326043616,-0.0310168978272335,0.0587352334833106,-0.446856007022433,1.03009511017194,0.278147998937677,0.0699287060565533,-0.178140870849278,-0.120233743617364,0.325622609368776,0.000953545510299232,0.0120325941199309,251.816871290774,264.795511336519
24.14,-0.176126473776325,-1.63955470133867,1.00182746579544,-0.0326054520684314,0.0576646660577339,-0.443555758881895,1.02470236906038,0.271609334890087,0.0684839264088674,-0.177975937008692,-0.114059469535937,0.326205907233672,0.0008564050035619,0.0138082525075055,251.713195750399,264.906169582949
24.15,-0.165712683427428,-1.64148847721232,1.00182424125618,-0.0341954976377188,0.0566612161946366,-0.440251578491288,1.01938480858469,0.2649304648714,0.0671006224257116,-0.17779718812466,-0.107880217228656,0.326490062871981,0.0008564050035619,0.0138082525075055,251.606508075143,265.014544209431
24.16,-0.155369820401807,-1.64342550059104,1.0018235351746,-0.0357870538302117,0.0557273352392432,-0.436946727346528,1.01407272899585,0.258109975333033,0.065782456935688,-0.177646533440524,-0.101142129492891,0.326478287113514,0.000770960114054554,0.0151001256883056,251.498996247161,265.11879525011
24.17,-0.145098013858849,-1.64536769272637,1.00182526657449,-0.0373801492799797,0.0548660140770084,-0.433644439150661,1.00881980276086,0.251154557515363,0.0645316297132046,-0.177480399680267,-0.0943994978058175,0.326179347059635,0.000770960114054554,0.0151001256883056,251.392800599506,265.217205693664
24.18,-0.134897269148169,-1.64731702212472,1.00182934562129,-0.0389747221439184,0.0540785129809763,-0.430347787113704,1.00358495250541,0.24406298026624,0.0633497338053569,-0.177336476917633,-0.0873571313273322,0.325607117880309,0.000694786419369345,0.0157884966182572,251.28990914559,265.30814166891
24.19,-0.124767676032104,-1.6492754169495,1.00183565951408,-0.0405707229156383,0.0533663752486556,-0.427059700378209,0.998393000978649,0.236841145092112,0.0622374417940398,-0.177176189494035,-0.0803112184668928,0.324780301092795,0.000694786419369345,0.0157884966182572,251.192182766065,265.390141270824
24.2,-0.114709211422841,-1.65124484680086,1.00184408993919,-0.0421680263765383,0.0527294995997813,-0.42378284235954,0.993236144587878,0.229487706510257,0.0611940720502793,-0.177034338738465,-0.0732642402338208,0.323721829272742,0.000625278854628521,0.0157843562748838,251.101286645062,265.46189807708
24.21,-0.104721908168986,-1.65322725399762,1.00185450202028,-0.0437665265698144,0.0521677739803211,-0.420519629580124,0.988106302131636,0.222007743429524,0.0602187965690477,-0.176876107495947,-0.0662151515371874,0.322458415031289,0.000625278854628521,0.0157843562748838,251.01869187365,265.522310091226
24.22,-0.0948057150677875,-1.65522460827617,1.00186675672894,-0.0453660565114416,0.0516797315917936,-0.417272136393018,0.983029538688905,0.214399562286072,0.0593087554537761,-0.176734515329447,-0.0594667545227812,0.321019867631333,0.000560169873604366,0.0150828137494573,250.945648812187,265.570490079155
24.23,-0.0849606053496208,-1.65723886619129,1.00188070455421,-0.0469664770998758,0.0512636001591116,-0.41404210814776,0.977964835224317,0.206667422756405,0.0584617297703249,-0.176577363305115,-0.0527178753569763,0.319438508086601,0.000560169873604366,0.0150828137494573,250.883164232306,265.605770854691
24.24,-0.0751865115792419,-1.65927199150993,1.00189619158367,-0.0485676009104039,0.0509167117387573,-0.41083090616698,0.972968583907576,0.198809132976586,0.057673065687348,-0.176436625913423,-0.0465375107858564,0.317748458790744,0.000497829814249588,0.0137635848851577,250.832017317363,265.627741331507
24.25,-0.0654833601222972,-1.66132594824283,1.00191305885409,-0.0501692765482751,0.0506358336656517,-0.407639507199613,0.967970836156544,0.190828162633294,0.0569393271284782,-0.176281840635465,-0.0403581873541251,0.315984969233852,0.000497829814249588,0.0137635848851577,250.792715308568,265.636209952048
24.26,-0.0558510876091633,-1.66340268481079,1.00193114191046,-0.0517713139194367,0.050417391343661,-0.404468497995658,0.963051531298135,0.182721761323536,0.0562546376389139,-0.176144264154472,-0.0349525086179985,0.314183735680692,0.000437378479124113,0.0119716056376349,250.765547498016,265.631261055102
24.27,-0.0462895980326742,-1.6655041612365,1.00195027558044,-0.0533735650867403,0.0502570492586054,-0.401318055333498,0.958118900496945,0.174492657170742,0.0556146890847582,-0.175994626393888,-0.0295490332750452,0.312380187206278,0.000437378479124113,0.0119716056376349,250.75022239007,265.612867504067
24.28,-0.0367988785594935,-1.66763229044757,1.00197028063762,-0.0549758500188025,0.0501509151421798,-0.398188005455689,0.95326224960965,0.166137573126726,0.0550145568933755,-0.175863373242665,-0.0249959678474878,0.310608887445664,0.000378661853052589,0.0100032849716086,250.744829141723,265.579787076759
24.29,-0.0273788679697125,-1.66978900282054,1.00199096535962,-0.0565780327249865,0.0500942661827915,-0.395077773941451,0.948382282609829,0.157658564253867,0.0544509706010144,-0.17572218051739,-0.0204458786865573,0.308902840337817,0.000378661853052589,0.0100032849716086,250.748825127337,265.532649253351
24.3,-0.018029645583747,-1.67197588228325,1.0020121203766,-0.0581772899912743,0.0500843976294628,-0.391986555133456,0.94354044539264,0.14910877465669,0.0539205101768332,-0.175009162100677,-0.0164896119329771,0.307293102220517,0.00150057301197081,0.00863198562594188,250.761702284914,265.472533662992
24.31,-0.0087512412252874,-1.6741944677082,1.00203352810305,-0.0597702449643737,0.0501180181903993,-0.388913199151047,0.938666872041646,0.140433696581633,0.0534202125845511,-0.174288019103252,-0.0125374766588046,0.305808073659804,0.00150057301197081,0.00863198562594188,250.782760919374,265.400691142607
24.32,0.000456288306146233,-1.6764455899803,1.00205497863917,-0.0613469053134324,0.0501941279091698,-0.385856405965266,0.933781470590774,0.13184011636258,0.0529484337170862,-0.171400269343501,-0.0088029524548799,0.30447322791027,0.00581056290603727,0.0081390068430536,250.811214742614,265.318606008628
24.33,0.00959295845443416,-1.67872986835809,1.00207626677607,-0.0628951257858194,0.050311472702037,-0.38281461564897,0.928857026720948,0.123122451626113,0.0525020636139073,-0.168506591299403,-0.00507566386480442,0.303310533122992,0.00581056290603727,0.0081390068430536,250.84616043456,265.227909700904
24.34,0.0186585536863623,-1.6810478582857,1.00209716463487,-0.0644033557963918,0.0504705585092505,-0.379786168156654,0.923874748915805,0.114522877272331,0.0520825652432261,-0.163099289700475,-0.00122138076677057,0.302338236050389,0.0108243558116967,0.00845569902885218,250.886601027151,265.130348103784
24.35,0.0276529135251689,-1.68339983807109,1.00211745475811,-0.0658575386775107,0.0506719729872133,-0.37676924134802,0.918846132053176,0.105804633238741,0.0516871391638269,-0.157688135594709,0.00262217349764441,0.30157054717645,0.0108243558116967,0.00845569902885218,250.93149136186,265.027768117527
24.36,0.0365755959079303,-1.68578639691601,1.0021368877591,-0.0672482618855275,0.0509172358755293,-0.373761948255605,0.913725114585386,0.0971666802356549,0.0513194749705451,-0.150238939864728,0.00683119634138184,0.301017526386336,0.0148975000578569,0.0093366790949972,250.979717299242,264.922034179345
24.37,0.0454261770795113,-1.68820785784617,1.00215522592136,-0.0685640746648407,0.0512081991785303,-0.370762338994061,0.908549675711827,0.08841959243238,0.0509777135621052,-0.142787079656543,0.0110266659436337,0.300685003135609,0.0148975000578569,0.0093366790949972,251.030178327335,264.815053215045
24.38,0.0542039994213854,-1.69066498771785,1.0021722057069,-0.0697994637891555,0.0515468286042327,-0.367768430446879,0.903260668342286,0.0796809704898675,0.0506658681606163,-0.134165620913467,0.0156976192325497,0.300574597048543,0.0172372787586011,0.0104813466321454,251.081748926606,264.70867348977
24.39,0.0629083836780876,-1.69315834379124,1.00218757475588,-0.0709477393815462,0.0519355527059787,-0.364778267903618,0.897907939846331,0.0708457773565702,0.0503835691017962,-0.125541338733454,0.020353438439656,0.300683839182179,0.0172372787586011,0.0104813466321454,251.13337049327,264.604724199466
24.4,0.0715389150996434,-1.69568781493979,1.00220112626765,-0.071995543192907,0.0523762621304228,-0.361789896772542,0.892432742956951,0.0622001648529432,0.0501381692801267,-0.114007636971252,0.0254759375939548,0.301006239566384,0.023075451385312,0.0116142104349534,251.184007404618,264.504914934847
24.41,0.0800952134674128,-1.69825290607616,1.00221267938087,-0.072926608078537,0.0528712474337105,-0.358801459084502,0.886883992345882,0.0534756076917761,0.0499250777725962,-0.102471602056796,0.0305795498863384,0.301531585797024,0.023075451385312,0.0116142104349534,251.232715834722,264.410859647648
24.42,0.0885770078057666,-1.700852976825,1.00222207280415,-0.0737239740750938,0.0534217596720143,-0.355811124701857,0.881215223506806,0.0450382344851884,0.0497553255198879,-0.0872274750124531,0.0360325111889167,0.302246173622251,0.0305301854664471,0.012484653255078,251.278615372507,264.324002122545
24.43,0.096984102672762,-1.70348690361466,1.00222917954663,-0.07436697642089,0.0540293067538629,-0.352817207664655,0.875462497752277,0.0365470605074002,0.0496204489299941,-0.0719811172663103,0.0414619514414524,0.3031332011893,0.0305301854664471,0.012484653255078,251.320932277573,264.245625159245
24.44,0.105316293468902,-1.70615381294149,1.00223387676004,-0.0748389409353338,0.0546940494821931,-0.349818074925776,0.869601819126701,0.0283661198084837,0.0495335905254934,-0.053090790204235,0.0470326226159789,0.304173190042499,0.03786554776915,0.0128791781499606,251.358997206783,264.176815857235
24.45,0.113573476733322,-1.70885232554478,1.0022360787783,-0.0751195529727388,0.0554161967121236,-0.346812264819679,0.863646453369827,0.0201647109452429,0.0494839912711755,-0.034197194953669,0.0525753527474358,0.305344401548445,0.03786554776915,0.0128791781499606,251.392254916929,264.11845423795
24.46,0.121755457907381,-1.71158155473819,1.00223570096951,-0.0751955424783839,0.056194557602661,-0.343798397982729,0.857601378399995,0.0122381516560977,0.0494835745075285,-0.0124160317007637,0.0579954439969082,0.306623435962774,0.0436804949269336,0.0126631240526391,251.420285183826,264.071218402484
24.47,0.129862154661185,-1.71434015381241,1.00223269546935,-0.0750507566294995,0.0570277448900875,-0.340775277128643,0.851451020675918,0.00433174638610481,0.0495221925182263,0.00937069445615555,0.0633842010696569,0.307985614183869,0.0436804949269336,0.0126631240526391,251.442779529669,264.035553205448
24.48,0.13789334420183,-1.7171273564622,1.0022270194129,-0.0746774354774987,0.0579131870836093,-0.337741825243442,0.845230898466185,-0.00337360392456207,0.0496069217186781,0.0328215567925758,0.0683762974791602,0.309405693449813,0.0470250704724408,0.0118075726338594,251.459583764071,264.011714129874
24.49,0.145848914069144,-1.71994203464432,1.00221866484638,-0.0740661649913162,0.0588478758731227,-0.334697146952093,0.838895612642147,-0.0110129825524927,0.0497312954525402,0.0562810125087803,0.0733352033431567,0.3108581869156,0.0470250704724408,0.0118075726338594,251.470643579041,263.999717746598
24.5,0.15372859316868,-1.72278358334993,1.00220763365251,-0.0732156151310567,0.0598280552000278,-0.331640511871159,0.832507796431441,-0.0185406450825223,0.0498953332110093,0.0799786007750037,0.0776585571271931,0.312318088026794,0.0474854148796054,0.0103906524044928,251.476065258697,263.999419514383
24.51,0.161532208646783,-1.72565116470841,1.00219396020574,-0.0721242377025167,0.0608493343683278,-0.328571364002656,0.825996241631516,-0.025954110021978,0.0500979930856136,0.103687656806315,0.0819486054327281,0.313761135525785,0.0474854148796054,0.0103906524044928,251.476038752886,264.010452800979
24.52,0.169258820133834,-1.72854612005347,1.00217763098439,-0.070817023098964,0.0619071723301743,-0.325489361119568,0.819442535268559,-0.0337688524104255,0.0503144714210297,0.121791521842753,0.0854389877065226,0.315165003789523,0.0361479906801328,0.00857542714951019,251.470931085696,264.032352986696
24.53,0.176907431637175,-1.73147011929597,1.00215865177245,-0.0693246062523517,0.0629964016269668,-0.322394350018654,0.812756956932829,-0.0414280109027667,0.0505651572291057,0.139907742302828,0.0889039504395182,0.316509157946249,0.0361479906801328,0.00857542714951019,251.46127039986,264.064572188928
24.54,0.184477204618465,-1.73442412505797,1.00213704596692,-0.0676720329292433,0.0641124487500869,-0.319286440082237,0.806028147552754,-0.0494523838405321,0.0508298172058444,0.152417254152268,0.0915239897341547,0.317774806596976,0.0248177473555068,0.00663881807619127,251.447637314668,264.106402672725
24.55,0.191967242349913,-1.7374094858786,1.00211285068133,-0.0658900087111427,0.0652500688372177,-0.316165908317866,0.799161596917898,-0.0572902582007509,0.051120803900092,0.164937755027161,0.0941264742774159,0.318945501777198,0.0248177473555068,0.00663881807619127,251.430796875663,264.15714762934
24.56,0.19937686863688,-1.74042643082177,1.00208614335543,-0.0639987745162751,0.0664052324456871,-0.313033305796309,0.792239049319836,-0.0653634715785336,0.0514246664047204,0.172933886708623,0.0959640770368246,0.320006744156435,0.015683228250385,0.0048767564353763,251.411454679974,264.215903729474
24.57,0.206705365410933,-1.74347552420304,1.00205701260071,-0.0620231506220789,0.0675732881177496,-0.3098893159381,0.785175319476337,-0.0732283720014527,0.0517450603439972,0.180938487352268,0.0977904773507992,0.320946675265154,0.015683228250385,0.0048767564353763,251.390485740946,264.28183213242
24.58,0.213952162164566,-1.74655630917358,1.00202559293947,-0.0599782106328757,0.0687510976684906,-0.306734864912134,0.778035707075278,-0.0811989689200476,0.0520732168732548,0.185582372742124,0.0990148195691344,0.321755586893535,0.00890581492890779,0.00348593966749642,251.368640026864,264.35388688302
24.59,0.221116657748641,-1.74966859203456,1.00199202886882,-0.0578824368232171,0.0699350311612374,-0.303570968237724,0.770753570522939,-0.0889464460850349,0.0524077420974055,0.190232006247949,0.100232719558049,0.322426521786112,0.00890581492890779,0.00348593966749642,251.346798657667,264.431113064524
24.6,0.228198801943273,-1.75281151482678,1.00195654202752,-0.0557464791640237,0.0711185052121141,-0.300398568221267,0.76348472496088,-0.0966924036099404,0.0527391701115271,0.192514004223114,0.100052590219738,0.322955078339761,0.00413972404542054,0.000223881260982705,251.325673546778,264.51236718166
24.61,0.235198627762912,-1.75598444611907,1.00191937169686,-0.0535834224457394,0.0722936178065536,-0.297218617205832,0.756075080823857,-0.104205937845338,0.053060270796254,0.19479721947418,0.0998688293328157,0.323339624724692,0.00413972404542054,0.000223881260982705,251.306012979537,264.59656711407
24.62,0.24211646679746,-1.75918622737754,1.00188080841646,-0.0514004998434439,0.0734513461006261,-0.294032082345438,0.74874559527279,-0.111635958381259,0.053361764252401,0.195490005580379,0.0977223079720161,0.323580919623809,0.000949887751708446,-0.00435971076745211,251.288442942499,264.682564563877
24.63,0.248952826101976,-1.76241589459693,1.00184116516472,-0.0492066112579186,0.0745807596609751,-0.290839877952039,0.741281196329799,-0.11882824848295,0.0536328669618369,0.196178455272246,0.0955734123330227,0.323682296336074,0.000949887751708446,-0.00435971076745211,251.273544463631,264.769255886866
24.64,0.255708097997713,-1.76567201197434,1.00180076691366,-0.0470064859403909,0.0756733201760534,-0.287643080868172,0.733894796272091,-0.125877121146754,0.0538666417316523,0.195857229291058,0.0915535682774642,0.323649002265798,-0.00106091397221816,-0.00872507227750585,251.261820596145,264.85558055167
24.65,0.262382871198891,-1.76895329787921,1.00175995916667,-0.0448059256131469,0.0767186577972975,-0.284442678016752,0.72638349153439,-0.132685658074612,0.0540522976843383,0.195526680269523,0.0875318660696346,0.323488466662212,-0.00106091397221816,-0.00872507227750585,251.25368889598,264.940531572431
24.66,0.268977413175462,-1.77225808197583,1.00171907772873,-0.0426078699025214,0.077710482155421,-0.281239836249281,0.718907562553609,-0.139308540885299,0.0541856973315112,0.194606719215402,0.0821270788839431,0.32320954804855,-0.00221907406588013,-0.0119478610330836,251.24949990628,265.023196408451
24.67,0.275492160518342,-1.77558480542263,1.00167847314042,-0.0404158844014936,0.0786411494429136,-0.278035610017017,0.711319908698636,-0.145690263295165,0.0542586473637898,0.193673917684959,0.0767208068241122,0.322822782309512,-0.00221907406588013,-0.0119478610330836,251.249506494842,265.10273287097
24.68,0.281927184216974,-1.77893161818904,1.00163847723506,-0.0382316497485463,0.0795073308359672,-0.274831172222785,0.703709580049523,-0.151857640502157,0.0542693772749305,0.192447115353692,0.0705803878993046,0.322339678226846,-0.0027796906452421,-0.0136557125357696,251.253891052455,265.178408464125
24.69,0.288282671934034,-1.78229674170435,1.00159942911388,-0.0360571470878482,0.0803049864041059,-0.271627568908379,0.696002524130287,-0.15778418509609,0.0542136601821447,0.191205724046128,0.0644389960656361,0.321772872607082,-0.0027796906452421,-0.0136557125357696,251.262742209015,265.249576734398
24.7,0.294558506758577,-1.78567820480722,1.00156164741619,-0.0338931824627485,0.0810336749444309,-0.268425871941914,0.688217532725971,-0.163477826961216,0.0540914991897708,0.189871228202294,0.0581976666445809,0.32113555268105,-0.00293641254754496,-0.013886842765773,251.276072126882,265.315697987111
24.71,0.300754629528604,-1.78907407378066,1.00152545028802,-0.0317406343686323,0.08169287281854,-0.265227017033455,0.680351269241123,-0.168931700959422,0.0539027180900071,0.188522030139088,0.0519560347558369,0.320441485205998,-0.00293641254754496,-0.013886842765773,251.293811236854,265.376330084456
24.72,0.306870789086723,-1.79248231106935,1.00149113724445,-0.0295997108631619,0.0822844725828379,-0.262031876756294,0.672365237016679,-0.174141564626031,0.053648636158141,0.187210344369702,0.0461271090463906,0.319704592505903,-0.00283325051039689,-0.0129271917861608,251.315809944107,265.431126689067
24.73,0.312906739738536,-1.79590089016836,1.00145899354052,-0.0274705414766626,0.08281079187411,-0.258841183109956,0.664312708256784,-0.179113185737769,0.0533342374981335,0.185885127416156,0.0402986982548962,0.318938833335976,-0.00283325051039689,-0.0129271917861608,251.3382091924,265.476039187108
24.74,0.318862169055594,-1.7993277527339,1.001429259853,-0.0253529372633504,0.0832752949645374,-0.255655539684985,0.656116187024329,-0.183835082356649,0.052965467656408,0.184676397231626,0.0352277689080896,0.318157935472469,-0.00257582701872033,-0.0111692374058536,251.359727786014,265.50987137031
24.75,0.324736732450075,-1.80276083307254,1.00140212782575,-0.0232465396316221,0.083682211326172,-0.252475410855298,0.647866468827568,-0.188320518404766,0.0525506450332873,0.183456159135415,0.0301582746088825,0.317375234396443,-0.00257582701872033,-0.0111692374058536,251.380577652434,265.533141448213
24.76,0.330530124299931,-1.80619808635827,1.00137774632652,-0.0211509088079905,0.0840358145827311,-0.249301097414544,0.63946553115533,-0.192554288699151,0.0520956518158594,0.182394439573289,0.0260230947966066,0.316603519580944,-0.00223903573406028,-0.00900291749891524,251.40087392791,265.546410855011
24.77,0.336241980903467,-1.80963744953801,1.00135621821104,-0.0190653896547771,0.0843413137707285,-0.246132768237108,0.631022835850652,-0.196553511899806,0.0516087864658023,0.181323551071569,0.0218898621794327,0.315854786040079,-0.00223903573406028,-0.00900291749891524,251.420725425528,265.550367530822
24.78,0.341872053022269,-1.81307691426699,1.00133761473752,-0.0169894002111225,0.0846031425252527,-0.242970422274465,0.622435555296873,-0.200301699563656,0.051095490585762,0.180427287744513,0.0187254570704744,0.315140176525911,-0.00187480599036424,-0.00675740371265024,251.440136053464,265.545708496707
24.79,0.3474200209899,-1.81651444871854,1.00132196556565,-0.0149221297171198,0.0848266989305001,-0.239813940852672,0.613815962688769,-0.203817288527965,0.0505632035231073,0.179524170318421,0.0155631107335082,0.314469716465647,-0.00187480599036424,-0.00675740371265024,251.459116115108,265.533242702858
24.8,0.35288572309931,-1.81994809340044,1.00130927836423,-0.0128629347007233,0.0850160979195412,-0.236663052019593,0.605068069399291,-0.207084129801275,0.050016668383446,0.178794210294751,0.013299487505068,0.313852328809483,-0.00151782629247679,-0.00467430870848202,251.477574044902,265.513761154693
24.81,0.358268925783375,-1.82337586423272,1.00129952443312,-0.0108109514040785,0.0851763449053273,-0.233517387067965,0.596295404604799,-0.210120273825139,0.0494620042595442,0.17805946260486,0.011037728737093,0.313295587496536,-0.00151782629247679,-0.00467430870848202,251.495434388168,265.488144749717
24.82,0.363569568277989,-1.82679585450381,1.00129266062206,-0.00876553368514706,0.0853109381579027,-0.230376456116844,0.587416124736743,-0.212910913878228,0.0489030690570718,0.177485201907583,0.00953974737453465,0.312805785635842,-0.00118976541897297,-0.00290338596101441,251.512532691404,265.457236092054
24.83,0.368787524151488,-1.83020613455571,1.00128861309164,-0.00672583726864363,0.0854241293192019,-0.227239698732522,0.578517947381213,-0.215472639844068,0.0483445137774324,0.17690785204178,0.00804325612418169,0.31238773436316,-0.00118976541897297,-0.00290338596101441,251.528728073625,265.421940294489
24.84,0.373922832458715,-1.83360484833256,1.00128729896305,-0.0046912545669934,0.0855186636397044,-0.224106473552815,0.569536592205445,-0.217792528866584,0.0477892217104149,0.176471920357534,0.00714619220660236,0.312044870141477,-0.000902600318003064,-0.00151271031528637,251.543810797286,265.3831094048
24.85,0.378975477191057,-1.83699012002492,1.00128861044088,-0.00266100921559054,0.085597874754326,-0.220976098299305,0.560540867851549,-0.219885107825171,0.0472404375409861,0.176034193589784,0.00625018071500362,0.311779116171818,-0.000902600318003064,-0.00151271031528637,251.557600700537,265.341627969537
24.86,0.383945585764067,-1.84036013829449,1.00129243424415,-0.000634559039400821,0.0856637460276655,-0.217847851978703,0.55148440097675,-0.221739546775676,0.0467000799973483,0.175715955686762,0.00578769350198734,0.311591018592466,-0.000661274333730764,-0.000506134702503656,251.569872959893,265.2983169549
24.87,0.388833242811805,-1.84371307586343,1.00129863773244,0.00138877511486447,0.0857186838730827,-0.214721003458602,0.542417094232279,-0.223368052108713,0.0461701625493569,0.175396833889205,0.00532584277971732,0.311479678033588,-0.000661274333730764,-0.000506134702503656,251.580437452916,265.254000036159
24.88,0.393638646534118,-1.84704715823848,1.00130708494082,0.00340945474500204,0.0857639894275503,-0.21159482239488,0.533308682942857,-0.22476186753714,0.0456517289190842,0.175174916752099,0.0051493042660499,0.311442907034096,-0.000465831876085522,0.000156974082390277,251.58908436038,265.209429909404
24.89,0.398361964240182,-1.85036059876408,1.00131762565446,0.00542804740684285,0.0858012400811119,-0.208468597818472,0.524192291608417,-0.225930864505874,0.0451457796526877,0.174952700387946,0.00497305583686641,0.311477230786467,-0.000465831876085522,0.000156974082390277,251.595643028361,265.165334988525
24.9,0.403003444885824,-1.85365165141981,1.00133010761193,0.00744492776353453,0.0858311856750174,-0.205341653159614,0.515050717167597,-0.226868196134039,0.0446526209320769,0.174806718628553,0.00496264784050778,0.311578059304332,-0.000313121083783689,0.000542926737477452,251.599945979767,265.122367697025
24.91,0.407563316670558,-1.85691856135293,1.00134436881691,0.00946054862526188,0.0858547347730526,-0.202213357232128,0.505903636106281,-0.227581545945403,0.0441724588132272,0.174660768286039,0.00495226934343276,0.311739749472226,-0.000313121083783689,0.000542926737477452,251.601868568671,265.081134001785
24.92,0.412041859669893,-1.86015960313348,1.00136024606776,0.0114751985373685,0.0858722364810507,-0.1990831391126,0.496743371969354,-0.22806573199118,0.0437050154207232,0.174572401559861,0.00502111247131889,0.311955785745488,-0.000198124755407592,0.000727730891367289,251.601307967815,265.042160982016
24.93,0.416439340863178,-1.86337304517609,1.00137757028123,0.0134892204755427,0.0858841142094858,-0.195950493907463,0.487579908633933,-0.228326494310509,0.043249898292585,0.17448421778082,0.00508980623413979,0.312218890560934,-0.000198124755407592,0.000727730891367289,251.598206644408,265.005913237912
24.94,0.420756054142904,-1.86655717584009,1.00139617189814,0.0155028225005435,0.085890462416374,-0.192814994329242,0.478411654337468,-0.228360039485055,0.0428063904190879,0.174437781109525,0.00518280815946278,0.312521207052616,-0.000114966143151403,0.000784903824879688,251.592541982282,264.972775785226
24.95,0.424992285307859,-1.86971027930194,1.00141587866614,0.0175162480468326,0.0858913972040675,-0.189676293094903,0.469242494908676,-0.228170457071905,0.0423736646337431,0.174391568042097,0.00527555023902906,0.312854441758152,-0.000114966143151403,0.000784903824879688,251.584337407243,264.943061916007
24.96,0.429148328184327,-1.87283065225605,1.00143651866332,0.0195296335800927,0.0858868839399092,-0.186534129404991,0.460073962758677,-0.227755067770559,0.0419506867497513,0.174374202783767,0.00536476527569618,0.31321004227491,-5.76328104662031e-05,0.000777349828466512,251.57365825392,264.917007162527
24.97,0.433224471058994,-1.87591658853521,1.0014579198396,0.0215431364892543,0.0858768839415222,-0.183388329094322,0.450906894745095,-0.227116616517141,0.0415363242137114,0.174357047226108,0.00545366387295052,0.313579355066304,-5.76328104662031e-05,0.000777349828466512,251.560614510023,264.894772795108
24.98,0.437220997587053,-1.87896638908481,1.00147991142837,0.0235568324309197,0.0858613299431668,-0.180238805538771,0.441743676129559,-0.226253287495065,0.0411293195658524,0.174358644777908,0.00553182679708057,0.313953790771374,-2.04624592185055e-05,0.000753050628202982,251.54535915513,264.876446893257
24.99,0.44113818644586,-1.88197835277123,1.00150232454354,0.0255708077376526,0.0858401453137868,-0.177085558009765,0.432584400211749,-0.225166775077927,0.0407283314885266,0.174360425655928,0.00560965894071748,0.314324980354519,-2.04624592185055e-05,0.000753050628202982,251.528085953283,264.862046942609
25,0.444976304599783,-1.88495078193952,1.00152499266457,0.0275850888622744,0.0858132951669063,-0.173928667596825,0.423430779940436,-0.223855912093262,0.0403319465807118,0.17437337817347,0.00568326956975367,0.314684920800441,1.56463838891556e-06,0.000743948654025199,251.509027505298,264.851524660655
25.01,0.448735613174595,-1.88788197723581,1.00154775268115,0.0295997062775876,0.0857807432942062,-0.170768293755639,0.414283682704695,-0.22232160890776,0.0399386829409568,0.174386502917801,0.00575656916837047,0.315026114820717,1.56463838891556e-06,0.000743948654025199,251.488450846666,264.844770041824
25.02,0.452416358954889,-1.89077024056196,1.00157044499034,0.0316146488307789,0.0857425229896147,-0.167604666538328,0.405143315604837,-0.220563172524992,0.0395470169689858,0.174405356586956,0.00583953414652797,0.315341690344609,1.26827078860446e-05,0.000767192440445903,251.466653487998,264.841617435876
25.03,0.456018781179803,-1.89361387223195,1.00159291452647,0.0336299056153535,0.0856986811841465,-0.164438081121829,0.396012118294235,-0.218580959619123,0.0391553715904246,0.17442440146838,0.0059222358967173,0.315625511947378,1.26827078860446e-05,0.000767192440445903,251.443958799295,264.841852294418
25.04,0.459543105259831,-1.89641117261684,1.00161501084258,0.0356454388591016,0.0856493310414313,-0.161268887970766,0.386888525706351,-0.216374616433307,0.0387621432007545,0.174445471406579,0.00603068906198715,0.315872268803215,1.630967446887e-05,0.000827859160801649,251.420709300216,264.845216805681
25.05,0.462989547014501,-1.8991604404563,1.00163658882241,0.0376612094249205,0.0855946159994891,-0.158097485167629,0.377776765758702,-0.21394413659915,0.0383656884060733,0.17446678587358,0.00613894911396851,0.316077549612941,1.630967446887e-05,0.000827859160801649,251.39726309002,264.851419641592
25.06,0.466358310810669,-1.90185997401999,1.00165750896095,0.0396771628590058,0.0855347230896789,-0.154924308147048,0.368673645739029,-0.211289406226666,0.0379643438211066,0.174487771426772,0.00628752563306329,0.316237895488578,1.50849703603547e-05,0.000922344386831126,251.373984449197,264.860140150838
25.07,0.469649589434906,-1.90450806983622,1.00167763760257,0.0416932432207229,0.0854698841897409,-0.151749819853301,0.359584982905556,-0.20841020686795,0.0375564179353772,0.174509085696545,0.00643599476705076,0.316350834030429,1.50849703603547e-05,0.000922344386831126,251.351241974488,264.87104068408
25.08,0.472863567369043,-1.90710302381832,1.00169684750509,0.0437093879941199,0.0854003430311776,-0.148574501466624,0.350506354049979,-0.205306594529249,0.0371402022362079,0.174528717666703,0.00663556230077943,0.316414895805007,1.09600245248992e-05,0.0010417739844261,251.329397121355,264.883768886851
25.09,0.476000415848059,-1.90964313002229,1.00171501756788,0.0457255339596724,0.085326398459445,-0.145398840699214,0.341444718445842,-0.201978252732685,0.0367139695731258,0.174548785177744,0.0068351158481235,0.316429607025305,1.09600245248992e-05,0.0010417739844261,251.308804259514,264.897971712864
25.1,0.479060285549406,-1.91212678472201,1.00173203845841,0.0477405318345593,0.0852483296928603,-0.142223324530658,0.332394899948842,-0.198448540930847,0.0362757876228251,0.174325214678434,0.00709193388122438,0.316395473253894,-0.000478003558812805,0.00117499316581181,251.289795588505,264.91329310329
25.11,0.482043309593463,-1.91455240609218,1.0017478084593,0.0497529914157025,0.085166483395,-0.139048425999372,0.32336440772692,-0.194694246938982,0.0358236851134535,0.174102170508628,0.00734917143550278,0.316313931602485,-0.000478003558812805,0.00117499316581181,251.272678226126,264.929383560682
25.12,0.484949553700322,-1.91691887170866,1.00176225605138,0.0517566978551125,0.0850811665800204,-0.135874599570419,0.314347710863765,-0.190847286156382,0.0353551183545098,0.172508564255931,0.00766591981771749,0.316187312026567,-0.00322360762188895,0.00131075513579991,251.257724274231,264.945901465114
25.13,0.487779051333577,-1.91922519479012,1.0017753240286,0.0537440693771037,0.0849927875439787,-0.132702266339414,0.305352163710773,-0.186777882488196,0.0348669799359268,0.170915438115762,0.00798510201039515,0.316018750056373,-0.00322360762188895,0.00131075513579991,251.245135189469,264.962486276505
25.14,0.490531823624622,-1.92147051641707,1.00178696976884,0.0557063455387802,0.0849017065628094,-0.129531813163776,0.296372435955808,-0.182673843330655,0.0343573194254468,0.167384257417642,0.00836274802899865,0.315812111209092,-0.00710456353902105,0.00143854980579317,251.235114218843,264.978843548693
25.15,0.493207851785965,-1.92365418292324,1.00179716850571,0.0576328326643415,0.0848083972338068,-0.126363577989602,0.287415291372793,-0.178352965083938,0.0338222046575591,0.163853459774436,0.00874561729291046,0.315571888449681,-0.00710456353902105,0.00143854980579317,251.227767329176,264.99464897113
25.16,0.495807139342674,-1.92577543783224,1.0018058977668,0.0595142918975258,0.0847132743366153,-0.123197852715523,0.278476101999301,-0.174015406458235,0.0332609254456826,0.158275965866499,0.00918220582810803,0.31530309846577,-0.0112020039484123,0.0015486551307592,251.223222138042,265.009678968793
25.17,0.498329648050875,-1.92783375980291,1.00181315375984,0.0613394437710471,0.0846168597775987,-0.120034869787302,0.269560627244778,-0.169470581252406,0.0326691624161189,0.152698803941638,0.00962692175879849,0.315011170751989,-0.0112020039484123,0.0015486551307592,251.221500177406,265.023681518071
25.18,0.500775380379022,-1.92982837951601,1.00181892721966,0.0631002015929385,0.084519605718517,-0.116874808373981,0.260665375714282,-0.164896332468059,0.0320473820317558,0.145328217285838,0.0101168450208521,0.314701825513612,-0.0147918685662345,0.00163256153293733,251.222649282391,265.036517479988
25.19,0.503144299737407,-1.93175875797723,1.00182322636395,0.0647866922809992,0.084422050799223,-0.113717783264146,0.251794737821537,-0.160128093972449,0.0313916188458541,0.137958016042673,0.0106174003100017,0.314380962033178,-0.0147918685662345,0.00163256153293733,251.226616854102,265.048029039003
25.2,0.505436415221088,-1.93362404231484,1.00182605034347,0.066393109307907,0.0843246554454199,-0.110563853538376,0.242946698250346,-0.155297093417023,0.0307029814545457,0.129298055807629,0.0111512389128342,0.314054529015053,-0.0173736234490934,0.00168359724662085,251.233370486952,265.058165353487
25.21,0.507651702725251,-1.93542357792764,1.00182741329636,0.0679123636746313,0.0842279359634838,-0.10741301462531,0.234123994160295,-0.150288264636421,0.0299786855925868,0.120638639001686,0.0116974688319102,0.313728419528301,-0.0173736234490934,0.00168359724662085,251.242793509014,265.066870963453
25.22,0.509790178560065,-1.93715639968844,1.00182731976014,0.0693415252315384,0.0841323269037169,-0.104265208347042,0.22532630290461,-0.145173008890572,0.0292198578172518,0.111325588185042,0.0122624424179941,0.313408345166425,-0.0186827256353526,0.00169756735136165,251.254777360563,265.074178715878
25.23,0.511851833411108,-1.93882169064058,1.00182578604378,0.0706770168386818,0.0840382830205548,-0.101120318761856,0.216554535161402,-0.139897822835209,0.0284254780014083,0.102013295376259,0.0128406501951047,0.313099743795892,-0.0186827256353526,0.00169756735136165,251.269152458353,265.08013213971
25.24,0.513836686271818,-1.9404183816167,1.0018228203781,0.0719188699948094,0.0839461804970708,-0.0979781823083609,0.207810133745578,-0.134471821234675,0.0275962785146567,0.0927026862305612,0.01342161057804,0.312807668678533,-0.0186810878447901,0.00167322812186868,251.285742869157,265.084836178631
25.25,0.51574473850214,-1.94194549338319,1.0018184392441,0.073067123038178,0.0838563797237351,-0.0948385877836615,0.199092143188117,-0.128904267818561,0.0267331148546353,0.0833930386511656,0.0140157232849143,0.312536713721924,-0.0186810878447901,0.00167322812186868,251.304339064602,265.088420984442
25.26,0.517576004459554,-1.94340188723702,1.00181265390326,0.0741244453176266,0.0837691731395633,-0.0917012853506464,0.190403694345697,-0.123148216409099,0.0258362269348033,0.0746689377853705,0.0145965287307692,0.31229092727149,-0.0175117730699732,0.00161246042201252,251.324710694335,265.091046681957
25.27,0.519330488274889,-1.94478645682019,1.00180548032572,0.0750940948172614,0.0836848050508718,-0.0885659906978097,0.181742069221533,-0.11726829529595,0.0249079845902965,0.0659459345208928,0.0151895967071777,0.312073757938615,-0.0175117730699732,0.00161246042201252,251.346622886542,265.092911067872
25.28,0.521008187375044,-1.94609809394905,1.00179693004676,0.0759802484634608,0.0836034700549825,-0.0854323919048433,0.173111850418109,-0.11118497565675,0.0239502409736015,0.0581418965235768,0.0157547337215398,0.311887982512504,-0.0156760284129462,0.00152016790294466,251.366321697181,265.090558974947
25.29,0.522609096524243,-1.94733568650544,1.00178698784646,0.0767880051052603,0.0835252921874622,-0.0823001576297972,0.164508783395345,-0.104993893241224,0.0229697264663184,0.0503394398962349,0.0163307590719893,0.31173567452433,-0.0156760284129462,0.00152016790294466,251.382239453138,265.082842955696
25.3,0.524133133092537,-1.9484989232424,1.00177565276203,0.0775148901064146,0.083450379041425,-0.0791689406771794,0.155938342024837,-0.098756695708936,0.0219714181999308,0.0419763786740122,0.0168680030114422,0.311618257284634,-0.0168012878410491,0.00140368302740508,251.3948269003,265.070740657888
25.31,0.525580204610497,-1.94958762744681,1.00176290439382,0.0781578692858463,0.0833788026756553,-0.0760383869625861,0.147394805983883,-0.0924276349850573,0.0209580880665306,0.0336153981492069,0.0174168431710879,0.311536463698565,-0.0168012878410491,0.00140368302740508,251.404516958922,265.055213909332
25.32,0.526950145089979,-1.95060248455882,1.00174874993328,0.0787057438945589,0.083310669767592,-0.0729081372786298,0.1388841406069,-0.0862550784794864,0.0199369240065724,0.0227542387472374,0.0179215685765079,0.311490388190605,-0.0218093034140447,0.00127030619877759,251.411722338386,265.03719639092
25.33,0.5282427681385,-1.95154451217225,1.00173319996532,0.0791448154003412,0.0832461033994894,-0.0697778369615865,0.130399431624977,-0.0800095982823567,0.0189055101328095,0.0118957526042059,0.0184413335701321,0.311479476022409,-0.0218093034140447,0.00127030619877759,251.416829800169,265.017578658286
25.34,0.529457858377437,-1.95241515882238,1.00171626898387,0.079457996425333,0.0831853057753278,-0.0666471369880817,0.121946968643129,-0.0740676041424479,0.0178750606394789,-0.00277216006562592,0.018916082209006,0.311502561300906,-0.0294418675707478,0.00112488749640952,251.420188633785,264.997187660849
25.35,0.530595174153548,-1.95321635953744,1.00169799126067,0.0796243898382984,0.0831285309027802,-0.0635157043295598,0.113518947031157,-0.0680776301808926,0.0168378539544909,-0.0174367651686148,0.0194111710469865,0.311557912437355,-0.0294418675707478,0.00112488749640952,251.422110136562,264.976778625265
25.36,0.531654487079047,-1.95394997716618,1.00167837986449,0.0796253661245344,0.0830761342690435,-0.0603832225948274,0.105122048867349,-0.0624526456749306,0.0158091411274779,-0.0362540084854597,0.019861746051279,0.311643245168642,-0.03776711836777,0.00096770307518452,251.422870197924,264.957031057725
25.37,0.532635542781577,-1.95461843260569,1.00165747521475,0.0794381405732965,0.0830285301152483,-0.0572494028455691,0.0967477017732921,-0.0568121172648821,0.0147772721311418,-0.0550675692489703,0.0203384784576904,0.311755823146672,-0.03776711836777,0.00096770307518452,251.422702569438,264.938535778862
25.38,0.533538154599834,-1.95522318950753,1.00163526996722,0.0790518645349515,0.082986226544359,-0.0541139837732768,0.0884034121628759,-0.0514070187825139,0.0137541425008013,-0.0763047497920641,0.020768548254861,0.311892413962202,-0.0426316165222353,0.000794198105054208,251.421812273927,264.921804126888
25.39,0.534362119793665,-1.95576613832871,1.00161178117768,0.0784532587713598,0.0829497337375608,-0.0509767440960875,0.0800799210599053,-0.0460249164832876,0.0127327825267466,-0.097538533824797,0.0212282224580734,0.312049455723083,-0.0426316165222353,0.000794198105054208,251.420370377092,264.907258225419
25.4,0.535107392587517,-1.95624628595345,1.00158692083147,0.0776613417621534,0.0829195973848223,-0.0478375011097834,0.0717865195740165,-0.0402820640926686,0.011701666555298,-0.114557826448956,0.021630619230906,0.312222879114559,-0.0341893978325167,0.000597119684404531,251.418546744368,264.89526210422
25.41,0.535773937132502,-1.95666242833986,1.00156060583736,0.0766993331454171,0.0828961585936109,-0.0446961283908194,0.0635137293379675,-0.0345988184050561,0.0106798021047327,-0.131574940342075,0.0220568296331,0.312408378381013,-0.0341893978325167,0.000597119684404531,251.416546089417,264.886156394547
25.42,0.536361679868155,-1.95701366928295,1.00153276341405,0.0755889929024166,0.0828797265952113,-0.0415525447422327,0.0552720592176126,-0.0285286040073441,0.0096563515860357,-0.143765523628719,0.0224078232729519,0.312601537355934,-0.0245195612243756,0.000372704584013942,251.414564695419,264.880210598224
25.43,0.536870562226963,-1.95729879906598,1.00150332242315,0.0743568952013708,0.0828703756505184,-0.0384067280185732,0.0470506804652638,-0.0225460355903134,0.00864700728343475,-0.155954998138081,0.0227759638915149,0.312797864717931,-0.0245195612243756,0.000372704584013942,251.412888728837,264.877725984985
25.44,0.537300484970454,-1.95751750046769,1.00147225914374,0.0730215521567036,0.0828679580231849,-0.0352587144586723,0.0388661683986031,-0.0162688049825427,0.00764479959090471,-0.16403638153083,0.0230065663989969,0.31299297124853,-0.0162891195820374,1.74738615649339e-05,251.411721370823,264.878854930872
25.45,0.537651370122444,-1.95766916682489,1.00143955330622,0.0716055722068208,0.0828720553362793,-0.032108599073275,0.0307012853319874,-0.0100988169330103,0.0066582221893792,-0.172117474019896,0.0232486116144178,0.31318256139725,-0.0162891195820374,1.74738615649339e-05,251.411376424197,264.88380619601
25.46,0.53792315539993,-1.9577540762299,1.00140524842836,0.0701231595143232,0.0828816226458778,-0.0289565584229135,0.0225904908706886,-0.0037412545086159,0.00568292874579209,-0.177043689737297,0.0231868561925669,0.313362583555495,-0.00996828065362446,-0.000713779208844055,251.412036331901,264.89259417482
25.47,0.538115818217334,-1.95777227198212,1.00136939611762,0.0685916577551615,0.0828952104380503,-0.0258028296943389,0.014498563531053,0.00249631487877082,0.00472202418452562,-0.181970444221467,0.0231321089854012,0.31352922949374,-0.00996828065362446,-0.000713779208844055,251.413980857052,264.905282460097
25.48,0.538229288572356,-1.95772452220347,1.00133210466155,0.0670213191671019,0.0829114743766906,-0.0226476690610625,0.00646415224224631,0.00882794117121415,0.00377251117647196,-0.184616246961243,0.0227329317768331,0.313679113614193,-0.00539786938805523,-0.00153053136191693,251.417358873701,264.921748742784
25.49,0.538263542235663,-1.95761141616129,1.0012934939397,0.0654246625388347,0.0829286534035312,-0.0194913848611023,-0.0015519547344732,0.0150319967815464,0.0028343657564274,-0.187263274611636,0.0223374845595771,0.313809231656936,-0.00539786938805523,-0.00153053136191693,251.422394737317,264.941907886253
25.5,0.538218471473116,-1.95743409158378,1.00125372942319,0.0638087159677997,0.0829455690060862,-0.0163342637275284,-0.00951751790498567,0.0212563817088626,0.00190517608349173,-0.188342250327074,0.0216536996087376,0.313917136456118,-0.00225521980427475,-0.00220951825572386,251.429195783543,264.965516632884
25.51,0.538094010261536,-1.95719355587826,1.00121298980872,0.062182065304319,0.0829607047878075,-0.013176629500384,-0.0174650474377243,0.027349320011907,0.000983409015846854,-0.189422903985021,0.0209713245227188,0.314000866282501,-0.00225521980427475,-0.00220951825572386,251.437921629968,264.992360215547
25.52,0.537889994630983,-1.95689121095028,1.00117148803163,0.0605492624288925,0.082973375575504,-0.0100187620194695,-0.0253761433766752,0.0334076877407092,6.68894438923897e-05,-0.18948349704058,0.020123988227726,0.314059090747431,-0.000210020595262978,-0.00259589411646721,251.448632033827,265.022101225778
25.53,0.537606290478427,-1.95652836768692,1.00112944989429,0.0589158750400302,0.0829826990017144,-0.0068609599330965,-0.0332692614586892,0.0393332532421154,-0.000846441534186,-0.189545934089979,0.0192765110653837,0.314091020909928,-0.000210020595262978,-0.00259589411646721,251.461418958959,265.054428252622
25.54,0.537242670217312,-1.95610660871155,1.00108712562747,0.0572846324727781,0.0829886642964316,-0.00370347060133573,-0.0411438584058709,0.0451850991761604,-0.00175863169709395,-0.188992680801239,0.0184233649457349,0.314096507122899,0.00102527093946451,-0.00260778071335883,251.476289480538,265.088942270455
25.55,0.536798919327191,-1.95562745626771,1.00104477623464,0.0556588823469702,0.0829912355453665,-0.000546541090892491,-0.0490005118550014,0.0509044068272392,-0.00267173943705249,-0.188441128430004,0.0175691350683778,0.314075943647864,0.00102527093946451,-0.00260778071335883,251.493267820536,265.125273406753
25.56,0.53627474939789,-1.95509261113379,1.00100267939588,0.0540400639064818,0.0829911169673624,0.002609629227156,-0.0568572369660625,0.0565232349773971,-0.00358767452532701,-0.187561672162335,0.0168742489336009,0.314030309397574,0.00168391148620656,-0.00223349908731352,251.51230447802,265.162994451984
25.57,0.535669866336684,-1.95450373696233,1.00096112016616,0.0524299534063573,0.0829891617610939,0.00576485873201535,-0.0646962811322723,0.0620107483204616,-0.00450826144786741,-0.186683476048262,0.0161778039478672,0.313961078379319,0.00168391148620656,-0.00223349908731352,251.533357276209,265.201714012281
25.58,0.534983931816144,-1.95386260748227,1.00092039442168,0.0508291163023634,0.0829867108324392,0.00891900333085861,-0.0725520884562715,0.0673803995211752,-0.0054352102717197,-0.185674265652941,0.0157858598865832,0.313870202987712,0.00194761195969301,-0.00152068955052535,251.556318285367,265.24100731391
25.59,0.534216583924442,-1.95317097651636,1.00088080118854,0.0492382634466881,0.0829854054785653,0.012071950704641,-0.0803909557684398,0.0726204538695589,-0.00637004673420578,-0.184665621419298,0.0153922237148357,0.313760038854988,0.00194761195969301,-0.00152068955052535,251.581081635542,265.2804930274
25.6,0.533367450608237,-1.95243065904001,1.0008426459146,0.0476574020644849,0.0829870584023136,0.0152236131424991,-0.0882595525932212,0.0777321500273747,-0.00731420942128035,-0.183654033835803,0.015409830345118,0.313633277484558,0.00195383317862354,-0.000559835460211885,251.60748201297,265.319774141595
25.61,0.532436121431207,-1.951643462508,1.00080623259123,0.0460865601177216,0.0829938934953374,0.0183739441871957,-0.0961126354373352,0.082716148888663,-0.00826893842161015,-0.182642137151999,0.0154258393696919,0.313492890898088,0.00195383317862354,-0.000559835460211885,251.635354379641,265.358503431096
25.62,0.531422208935314,-1.9508112215416,1.00077186817373,0.0445254187087504,0.0830079815445185,0.0215229092840207,-0.104003724291956,0.0875662044357931,-0.00923534372808897,-0.18170465628697,0.0159111120481194,0.313342025478357,0.00180381674874869,0.000535039750179176,251.664480544858,265.396330350501
25.63,0.530325277315171,-1.9499357719107,1.00073985084556,0.0429736035500916,0.0830318649517507,0.0246705196282101,-0.111881544467332,0.0922904449791104,-0.0102134714215204,-0.180765907518617,0.0163950079146713,0.313183956908417,0.00180381674874869,0.000535039750179176,251.692674844583,265.430897868817
25.64,0.529145022428564,-1.9490189526041,1.00071046300148,0.0414306312084695,0.0830669367400726,0.027816757339306,-0.119783169388187,0.0968785191945549,-0.0112002488176196,-0.179942755141552,0.0171972668853789,0.313021894520789,0.00157018476770005,0.00127808361249626,251.71630123014,265.458381233627
25.65,0.52788110820029,-1.94806260982841,1.00068393896413,0.0398959148256844,0.0831149115028059,0.0309616451774296,-0.12767451227722,0.101342455308354,-0.0121923933301574,-0.179117767822749,0.0179983353250267,0.312859043776947,0.00157018476770005,0.00127808361249626,251.735638736729,265.479099663461
25.66,0.526533382663307,-1.94706857646608,1.0006604831015,0.0383689080712481,0.0831758663356194,0.0341051645606108,-0.135560179713425,0.105670135188395,-0.0131866601093697,-0.178425045010438,0.0188246602395835,0.312698425084809,0.00130280448818348,0.00133940552868722,251.750935622787,265.49338700237
25.67,0.525101692456962,-1.94603869346901,1.0006402573191,0.0368489333338733,0.0832499071714247,0.0372473275554001,-0.143438898660753,0.109875053649026,-0.0141799798282669,-0.177730523526646,0.0196499318977689,0.312542920090191,0.00130280448818348,0.00133940552868722,251.762432875887,265.501610534555
25.68,0.523585989033079,-1.94497478085711,1.00062339129566,0.0353354427262567,0.0833362052238051,0.0403881399267155,-0.151292708743542,0.113944904481999,-0.0151694260012582,-0.177169031296579,0.0202984405767542,0.312395159858901,0.00103436542588857,0.000931013077606142,251.770362971115,265.50416440838
25.69,0.5219862451277,-1.94387866621722,1.00060997890205,0.03382774899888,0.0834337589568805,0.0435276296036509,-0.159142772076211,0.117893094305364,-0.0161521448396707,-0.176606175853257,0.0209460468077088,0.312257529939628,0.00103436542588857,0.000931013077606142,251.774937682452,265.501450987584
25.7,0.520302472125063,-1.94275215382749,1.00060008086259,0.0323253399386473,0.0835412355603337,0.0466658413238674,-0.166958329953411,0.121708117711957,-0.0171255092825209,-0.176167269081647,0.0213040725529587,0.312132123778411,0.000785081745619289,0.000260091457324812,251.776376260024,265.49390454126
25.71,0.518534717016654,-1.94159705437712,1.00059372810543,0.0308275692634435,0.0836570169648935,0.0498028348141254,-0.174772898255149,0.125402342972127,-0.0180869444859682,-0.175727646174431,0.0216613826643927,0.31202071927618,0.000785081745619289,0.000260091457324812,251.774870278852,265.481949131677
25.72,0.516683016861956,-1.94041515616911,1.0005909192045,0.0293339809869659,0.0837796102992517,0.0529386980915159,-0.182551331252942,0.128965622623806,-0.0190341359059973,-0.175397415497608,0.0216926096451567,0.311924781833629,0.000566124574796893,-0.000496238799762696,251.770627927928,265.466039347636
25.73,0.514747450942321,-1.9392082525548,1.00059162829567,0.0278439986660317,0.0839072009947923,0.0560735279438085,-0.190330929741606,0.132408772338534,-0.0199648615183718,-0.175067171398929,0.0217233368315469,0.311845425398665,0.000566124574796893,-0.000496238799762696,251.763827971612,265.446607488719
25.74,0.512728058516534,-1.93797811719818,1.00059579962328,0.0263572317967272,0.084038394275943,0.0592074512353632,-0.198078518638838,0.135723252834777,-0.0208771601683104,-0.174829352420013,0.0214487477555959,0.311783449105151,0.000382300262538487,-0.00120502392537058,251.754668984812,265.424109970158
25.75,0.510624921439646,-1.93672652752221,1.0006033577585,0.0248731874353376,0.0841714942230676,0.0623405979885101,-0.20582879703941,0.138918117441314,-0.0217692203346693,-0.174592164250351,0.0211738812828829,0.311739294673673,0.000382300262538487,-0.00120502392537058,251.743322187461,265.398973978048
25.76,0.508438068169555,-1.93545524462479,1.00061420119864,0.0233915423368812,0.0843053681388265,0.0654731231523368,-0.213554644432027,0.14198647585795,-0.0226394839181189,-0.174430093300472,0.0206508604560059,0.311713102408545,0.000234116312669451,-0.0017816512244178,251.729977439817,265.371641128394
25.77,0.506167565750293,-1.93416603229,1.00062821302407,0.0219118903245121,0.0844386388890416,0.0686051796013337,-0.221284139059621,0.144935612922988,-0.0234865833769319,-0.174269168604406,0.020127766118735,0.311704674492072,0.000234116312669451,-0.0017816512244178,251.714801720886,265.342520626835
25.78,0.5038134277031,-1.93286064127105,1.00064525496454,0.0204339723885767,0.0845705125450916,0.0717369359753407,-0.228998178255997,0.147760193522045,-0.0243094020633588,-0.174167034263945,0.0194307420021303,0.311713539021494,0.000119349296041712,-0.00218629085008152,251.697976798643,265.312024942662
25.79,0.501375699617649,-1.9315408241925,1.00066517715928,0.0189574655431642,0.0847000243480324,0.0748685539394,-0.236716378059881,0.150465855380315,-0.0251070269724443,-0.174066401987859,0.0187338107339841,0.31173892570383,0.000119349296041712,-0.00218629085008152,251.679667166548,265.280533452775
25.8,0.498854382477325,-1.9302083234696,1.00068781355365,0.0174821690655127,0.0848267253666623,0.0780002003638304,-0.244427894759391,0.153048646334601,-0.0258787972961793,-0.174009984611416,0.0179386419720392,0.311779829846328,3.42087633407593e-05,-0.00241528699093061,251.66004704133,265.248417732751
25.81,0.496249501942068,-1.92886488280783,1.00071298995797,0.0160078353553233,0.0849500708378878,0.0811320306952931,-0.252143786990023,0.15551274994088,-0.0266242457760561,-0.173955265795818,0.0171436855866185,0.311835003732301,3.42087633407593e-05,-0.00241528699093061,251.639279070864,265.216017094441
25.82,0.493561052887889,-1.92751223789996,1.00074052115672,0.0145343144238835,0.0850699139656571,0.084264195646666,-0.259860501813763,0.157855387197845,-0.0273431544429126,-0.173932311644113,0.0163167930932243,0.311903015460294,-2.58237967762955e-05,-0.00249023182820873,251.617530441692,265.183653315507
25.83,0.490789047841283,-1.92615212532398,1.00077021691943,0.0130614239414333,0.0851860777291003,0.0873968307410391,-0.267581652105766,0.160079512126694,-0.0280354765685456,-0.173911114838103,0.0154901856752892,0.311982256312839,-2.58237967762955e-05,-0.00249023182820873,251.594961815477,265.151617567727
25.84,0.487933483769245,-1.92478627523581,1.00080188083375,0.0115890564344887,0.0852986469518158,0.0905300587771863,-0.275309316555804,0.162183300140661,-0.0287014003998202,-0.173911455562188,0.0146824406520806,0.312070991740058,-6.54137380542335e-05,-0.00244699010560524,251.571733785794,265.120175920411
25.85,0.484994369428653,-1.92341641838175,1.00083531427205,0.0101170838159415,0.0854077263890565,0.0936639845511092,-0.283041444228199,0.164168704816952,-0.0293412604063717,-0.173913507970492,0.0138750131128424,0.312167382643713,-6.54137380542335e-05,-0.00244699010560524,251.548004315608,265.089565920054
25.86,0.481971712069689,-1.92204428018559,1.00087031670838,0.00864543291304761,0.0855135527246725,0.0967986947662335,-0.290783843150177,0.166034647195703,-0.0299555981081591,-0.17392900848895,0.013119704866123,0.312269527495176,-8.89926458878118e-05,-0.00232625318999832,251.523927614758,265.059995051813
25.87,0.478865526427572,-1.9206715864192,1.00090668788126,0.0071740189361938,0.0856164152711378,0.0999342565013113,-0.298530792988529,0.167782296449834,-0.0305450784334288,-0.173946107395448,0.0123647158665809,0.312375493820004,-8.89926458878118e-05,-0.00232625318999832,251.499657767975,265.031644597575
25.88,0.475675837033359,-1.91930005829,1.00094422921382,0.00570279527730284,0.0857166273168654,0.10307071613824,-0.306290022297352,0.169411131905544,-0.0311105347127552,-0.173970504087893,0.0116785621133794,0.312483351462861,-0.000100530265985028,-0.00216646560272593,251.475342415263,265.004663530296
25.89,0.472402673213699,-1.91793141712304,1.00098274454578,0.00423171026330681,0.085814571029501,0.106208100153552,-0.314054008631102,0.170921731108356,-0.0316529039025253,-0.173996352598801,0.0109927085861727,0.312591209709774,-0.000100530265985028,-0.00216646560272593,251.451130160542,264.979177128687
25.9,0.469046082241161,-1.91656738021697,1.00102203888663,0.00276073691370605,0.0859105742664498,0.109346414208461,-0.321830902105684,0.172313971216408,-0.032171570737855,-0.174025026861808,0.0103787983709507,0.312697220895783,-0.000103419156112231,-0.00199934036692076,251.422868279775,264.950783189512
25.91,0.465606121034106,-1.91520966422726,1.00106184967268,0.00128984764752369,0.0860050371156502,0.112485644249987,-0.329612920720394,0.173587990059461,-0.0326533822645027,-0.174054992758491,0.00976529532553188,0.312799485769575,-0.000103419156112231,-0.00199934036692076,251.373765400597,264.901815988046
25.92,0.462084225953112,-1.91385982732011,1.0011018891849,-0.000180988900952977,0.0860860920665202,0.11562574857313,-0.337105896307153,0.174743461238158,-0.0330820903262387,-0.174087360078138,0.00651364814483343,0.312895546204545,-0.000100547802601251,-0.00816006581430837,251.312319406454,264.841064213798
25.93,0.45848215198002,-1.91251938448763,1.0011418140759,-0.00165189305608702,0.0861392408280285,0.118766702242482,-0.344603191650958,0.175779651019462,-0.0334500975869213,-0.174126675666283,0.00326379228146851,0.312983041968976,-0.000100547802601251,-0.00816006581430837,251.247236573238,264.777519467722
25.94,0.454806496187937,-1.91118925148976,1.0011815447302,-0.00312307538033288,0.0861065718004121,0.12190863194383,-0.350666176345609,0.176694731490868,-0.0337055322073465,-0.174181654214462,-0.0128574485591474,0.313057275919278,-9.30765519921245e-05,-0.0382530896765734,251.186243072631,264.719129547578
25.95,0.451065356516702,-1.90987013266367,1.00122113933177,-0.00459517504483113,0.0859173299352095,0.1250518531932,-0.356722421612275,0.177485585361717,-0.0338618990733087,-0.174271228957857,-0.0289723180056492,0.313113057283057,-9.30765519921245e-05,-0.0382530896765734,251.135223357936,264.67188787467
25.96,0.447266089575954,-1.9085627562915,1.00126047491271,-0.00606903178678595,0.0855089066680088,0.128196938042967,-0.361202989439111,0.178150322437793,-0.0338203308437905,-0.174400809394478,-0.0590094810438312,0.313145995256195,-7.6913193644635e-05,-0.0708702484173397,251.099683531197,264.641357802381
25.97,0.443417797774716,-1.90726759565479,1.0012996114287,-0.00754594259196168,0.0848047626900302,0.131344713339942,-0.365639184175139,0.178684782812168,-0.0336485394365568,-0.174594901694103,-0.0890428474675348,0.31315117803409,-7.6913193644635e-05,-0.0708702484173397,251.083170593106,264.631029435084
25.98,0.439517853021106,-1.90598661662505,1.00133842709244,-0.00902733646895936,0.0838366509425335,0.134495445526093,-0.370788353254682,0.179090950070786,-0.0334185148379411,-0.174828878799005,-0.112028123401656,0.313130529113449,-4.11758316540292e-05,-0.0543523496677665,251.086561119685,264.641582870346
25.99,0.435563111503012,-1.90472186929893,1.00137691364534,-0.0105143937693374,0.0826433458543719,0.137649256524571,-0.375839092611946,0.179367475933238,-0.0330951994686835,-0.175112200723467,-0.135015124625503,0.313086552394284,-4.11758316540292e-05,-0.0543523496677665,251.090854056144,264.652902611017
26,0.43155123625698,-1.90347532389362,1.00141504172864,-0.0120081330387902,0.0812585105405379,0.140806165599719,-0.381604130927096,0.179517343167491,-0.0327243593857366,-0.175406285417088,-0.150524362346418,0.313021659682411,2.16862353317064e-05,-0.036845831862901,251.093961700953,264.662606616376
26.01,0.427479264782832,-1.90224905161918,1.00145275579785,-0.0135092960369845,0.0797232945698169,0.14396601911635,-0.387231348141581,0.179537680623474,-0.0322794394198519,-0.175733592781178,-0.166034258526831,0.312938951403295,2.16862353317064e-05,-0.036845831862901,251.096266238735,264.670944612841
26.02,0.423345987971736,-1.90104490244357,1.00149002199191,-0.0150184734898913,0.0780645055899021,0.147128699457965,-0.393370455755676,0.179432153943819,-0.0317874708486185,-0.176044821653107,-0.175591912152795,0.312840831127227,0.00010900297381948,-0.0229222638169154,251.097887107405,264.677940141858
26.03,0.419149673806794,-1.89986481065791,1.00152677661709,-0.0165360166873974,0.0763149068717828,0.150293936441001,-0.399346117573738,0.179196247889004,-0.0312390031289042,-0.176376431586354,-0.185149658363482,0.312730175126658,0.00010900297381948,-0.0229222638169154,251.099137763646,264.6838633858
26.04,0.414890157013513,-1.89871050062881,1.00156300951061,-0.0180621787301756,0.0744940269580698,0.153461555950787,-0.405633257375093,0.178834031167618,-0.0306488656507412,-0.176672612217208,-0.190373679471613,0.312609108842422,0.000212526101074634,-0.0127893424196424,251.100047574441,264.688725286341
26.05,0.410566876645778,-1.89758375959889,1.00159868261767,-0.0195970180180635,0.0726257281826612,0.156631261192015,-0.411742143319244,0.178339832710724,-0.0300170466891789,-0.176979827823795,-0.195597553522914,0.312480032013807,0.000212526101074634,-0.0127893424196424,251.100821193821,264.692751211447
26.06,0.406180479163078,-1.89648620578042,1.00163381467585,-0.0211405505136322,0.0707234730119624,0.159802870920134,-0.418001538818127,0.177717793430258,-0.0293517911809338,-0.177240376415833,-0.19783591767761,0.312344677072984,0.000322472907000231,-0.00581039470630649,251.101423903418,264.695940373877
26.07,0.401731326995593,-1.89541950086634,1.0016684005949,-0.0226926384664596,0.0688037077612583,0.162976110851304,-0.424075704780729,0.176961683838714,-0.0286568457395044,-0.177505530598579,-0.200074074542985,0.312204902559486,0.000322472907000231,-0.00581039470630649,251.101960275082,264.698456172829
26.08,0.397220654296296,-1.89438517991333,1.00170248132483,-0.0242531476094704,0.0668752376212581,0.166150819620003,-0.43018091991282,0.176075404426864,-0.0279371199543281,-0.177719806658761,-0.200361459798263,0.312062014052462,0.000429989474679294,-0.00125079656965361,251.102361543039,264.700293331336
26.09,0.392649499965039,-1.89338480565457,1.00173607815664,-0.0258218252425335,0.0649488161926573,0.169326769041079,-0.436099295699404,0.17505269843638,-0.0271970946812127,-0.17793449788467,-0.200648665838396,0.311917344314236,0.000429989474679294,-0.00125079656965361,251.102660656642,264.701561508742
26.1,0.388019504083177,-1.89241985047607,1.00176924369862,-0.0273984545866043,0.0630298269180545,0.172503829898615,-0.441964270087226,0.173896981158586,-0.0264399806439477,-0.178099439407391,-0.199745083442695,0.311771786834204,0.000528319669242295,0.00153232369074163,251.102779914866,264.702258764126
26.11,0.383332178907891,-1.89149180220767,1.00180201437644,-0.0289827301354174,0.0611248415762627,0.175681828037234,-0.447644270723505,0.17260236899796,-0.0256696929796309,-0.178262248409308,-0.198841386859191,0.311626203006087,0.000528319669242295,0.00153232369074163,251.102711208416,264.702457427454
26.12,0.378589432853982,-1.89060208704561,1.00183444423678,-0.0305744016827076,0.0592368114589233,0.178860669456772,-0.453213687827912,0.171171634335027,-0.024888511375178,-0.178380033434865,-0.1972869112165,0.311481117778656,0.000613112234764686,0.0030533312264394,251.102385528143,264.702164569642
26.13,0.373793096238605,-1.88975213748804,1.00186657379098,-0.0321731549610537,0.0573693364311664,0.182040232744002,-0.458602085713286,0.169599525575418,-0.0240994028938636,-0.178494302977541,-0.195732395304611,0.311336993912941,0.000613112234764686,0.0030533312264394,251.101778730754,264.701431036675
26.14,0.368945245660757,-1.88894334608751,1.00189845036821,-0.0337787395157192,0.0555236955418975,0.18522045674922,-0.463843110253256,0.167888099286179,-0.0233040723483377,-0.178570338463087,-0.19389825057716,0.311194046775562,0.000682232011683153,0.00370695150425605,251.100841027542,264.700275790204
26.15,0.364047915364297,-1.88817710507971,1.00193010971804,-0.0353908609945176,0.0537014456723554,0.188401266445292,-0.468908177667937,0.166032868530398,-0.0225045795119799,-0.178642273331996,-0.192064133549999,0.311052419667954,0.000682232011683153,0.00370695150425605,251.099549722282,264.698740218111
26.16,0.359103279359655,-1.88745478255694,1.00196158678142,-0.0370092892444081,0.0519027629207566,0.19158262824501,-0.473803928724393,0.164035172003454,-0.0217022361669212,-0.178683609462201,-0.190195073902325,0.310912083563445,0.000735335568706216,0.0037887581440428,251.097879105997,264.696855624914
26.17,0.354113494263602,-1.88677774167372,1.00199290639201,-0.0386337663602004,0.0501278569908844,0.194764504735497,-0.478529222923398,0.16189132022055,-0.0208983941506036,-0.178720783242133,-0.188326096989354,0.310772940657818,0.000735335568706216,0.0037887581440428,251.095818436039,264.694661677955
26.18,0.349080782917872,-1.88614733255248,1.00202408773874,-0.0402640935449161,0.0483762195377739,0.197946883333773,-0.483073820654616,0.159601984292443,-0.0200940887264228,-0.178734950415295,-0.186573920077913,0.310634782721818,0.0007733771021307,0.00351595761784687,251.093366864536,264.692200752515
26.19,0.344007367546811,-1.88556489730826,1.00205514108123,-0.0419000568277045,0.0466472245189995,0.201129754741116,-0.487453464458228,0.157164233610374,-0.0192901936233508,-0.178745215669721,-0.1848218659228,0.310497343901768,0.0007733771021307,0.00351595761784687,251.090530598758,264.689514922081
26.2,0.338895487653449,-1.88503177250422,1.00208606839742,-0.0435414930369382,0.0449399808259621,0.204313120633575,-0.491648355357631,0.154578155767359,-0.0184875616906367,-0.178739434246398,-0.18327137147502,0.310360297824602,0.00079813966090479,0.00304507796298725,251.087331747485,264.686655344324
26.21,0.333747392782404,-1.88454928479444,1.00211686344324,-0.0451882332827675,0.043253395267946,0.207496990663233,-0.495683533627159,0.151841495003908,-0.0176866349828846,-0.178730189571392,-0.181721027853498,0.31022327365098,0.00079813966090479,0.00304507796298725,251.083386938527,264.683241307866
26.22,0.328565319298666,-1.8841187592622,1.00214749704682,-0.0468401495209905,0.0415864061942433,0.210681374347974,-0.499534809542247,0.148953858613604,-0.0168847924377632,-0.178710842459651,-0.180409893690145,0.310085839769653,0.000811953799185154,0.0024862949714704,251.073375927372,264.6737156782
26.23,0.323351521043845,-1.88374150771084,1.00217789002383,-0.0484971148998729,0.0399377120790494,0.213866291465889,-0.503231189669694,0.145913540302118,-0.0160777974642052,-0.178688579704889,-0.17909901203097,0.30994752725948,0.000811953799185154,0.0024862949714704,251.057307604936,264.658090017773
26.24,0.318108221514255,-1.88341884117197,1.00220791038543,-0.0501590333804462,0.0383062234847535,0.217051753331649,-0.506747602407986,0.142719767345126,-0.0152624531938625,-0.178660992513314,-0.178033171599386,0.309807892032616,0.000817293611237738,0.00191395694164971,251.036263425799,264.637493184223
26.25,0.312837663798379,-1.88315205711951,1.00223738453127,-0.0518258144895614,0.0366906058657028,0.220237783015838,-0.51011345491611,0.139371259725681,-0.0144361268535944,-0.178631041708424,-0.176967628585856,0.309666495145562,0.000817293611237738,0.00191395694164971,251.011314350677,264.61303814183
26.26,0.307541811025305,-1.88294139523467,1.00226615602187,-0.0534860460531723,0.0350898194870537,0.223424387293902,-0.513304700228023,0.136108549003325,-0.0135977748698506,-0.176078712115709,-0.176134360349563,0.309523631292338,0.00587723251777355,0.00137500811105344,250.983529039744,264.585831366143
26.27,0.302222585603315,-1.88278683908525,1.00229405835167,-0.0551258070762875,0.0335025188695351,0.226611570222506,-0.516348498760125,0.132690952625329,-0.012748649343092,-0.173525075006666,-0.175304862489475,0.309379751286242,0.00587723251777355,0.00137500811105344,250.953941069824,264.556942388973
26.28,0.296881474769694,-1.88268673812808,1.0023209709966,-0.0567138699005131,0.0319276433691937,0.229799307728035,-0.519222890466636,0.129784006518178,-0.0118833928141924,-0.164042535217076,-0.174687644463079,0.309236381832466,0.0197935935922868,0.000897242786382212,250.923529969796,264.527388585989
26.29,0.291519808699459,-1.88263873799616,1.00234680187178,-0.058212096763002,0.0303637212490904,0.232987548114927,-0.521951136153101,0.126730459124326,-0.0110144433703222,-0.15456071895325,-0.174083718544128,0.309095445157939,0.0197935935922868,0.000897242786382212,250.893174458694,264.498092208774
26.3,0.286138761688521,-1.88264013280214,1.00237142303245,-0.0595794527089657,0.0288095137067438,0.236176200870706,-0.524514346976746,0.124412387937939,-0.0101210758633581,-0.135965934177446,-0.173670108944796,0.308959025337413,0.0381154149888164,0.000496145894992578,250.86367379033,264.469910536531
26.31,0.280739273840535,-1.88268723788508,1.00239475024042,-0.0607658077524815,0.0272633386387933,0.239365135804885,-0.52693142519881,0.121971723707188,-0.00923391128956693,-0.117373984555552,-0.173282292898465,0.30882969208366,0.0381154149888164,0.000496145894992578,250.835700631114,264.443587079786
26.32,0.275322371312822,-1.88277703702958,1.00241663074086,-0.0617299916470384,0.0257237084827602,0.242554179566297,-0.529187150555385,0.120303316608388,-0.00831597247744756,-0.089633927131752,-0.173060891976311,0.308709419294322,0.0565316129022989,0.000179911144085719,250.809833830521,264.419790555117
26.33,0.269888814726329,-1.88290544678905,1.00243695297246,-0.0624216972626593,0.0241887279506905,0.245743116427596,-0.531295916323123,0.118554860392854,-0.00741410347884405,-0.0618978687328288,-0.172877813227706,0.308600629097848,0.0565316129022989,0.000179911144085719,250.786547731932,264.399097599614
26.34,0.264439626710497,-1.88306972036512,1.00245556459202,-0.0628076792323525,0.0226566757395009,0.248931686945226,-0.533246477050189,0.117462112962061,-0.00648658764429874,-0.0267707003729528,-0.172834738354109,0.308504627874635,0.0714315443076509,-4.80891936758181e-05,250.766196000312,264.381976087659
26.35,0.258975578228472,-1.88326612802799,1.0024723466354,-0.0628473031717223,0.0211255133037347,0.252119592596159,-0.535048762224229,0.116349040105979,-0.00558322638608342,0.0083528196070223,-0.172840093553347,0.308423045769054,0.0714315443076509,-4.80891936758181e-05,250.749060886246,264.368825850367
26.36,0.253497793042977,-1.88349254861582,1.00248719546769,-0.0625206849769984,0.0195933703208424,0.255306492913678,-0.536695547144774,0.115674349786671,-0.00467412655222695,0.0479004939441368,-0.172956263888356,0.308356165366055,0.0803606225400228,-0.000188413487164143,250.735295147937,264.359914363548
26.37,0.248007194595618,-1.88374609592489,1.00250003748757,-0.0618035110974059,0.0180581854521764,0.258492015287104,-0.538192483390126,0.115051581057769,-0.00379448395169764,0.0874462567885639,-0.173126907693408,0.308304428150885,0.0803606225400228,-0.000188413487164143,250.724997251789,264.355442770402
26.38,0.242506355249978,-1.8840302653746,1.00251090276215,-0.0607441276285336,0.0165181303961069,0.261675761146124,-0.539537765921933,0.113489829063655,-0.00301035657159101,0.116254128946052,-0.173369749358301,0.308263848748004,0.0587120514401217,-0.000245398506131198,250.718188421788,264.355515633135
26.39,0.236998044017942,-1.88434920504702,1.00251987242461,-0.0594016096754904,0.0149716737837457,0.264857376539519,-0.540735077418412,0.112047945509758,-0.00224366650887984,0.145062288866893,-0.173652255070541,0.308229739794834,0.0587120514401217,-0.000245398506131198,250.714975894709,264.360284559643
26.4,0.23148466863575,-1.88470561896877,1.00252697440595,-0.0578226228567463,0.013417611127382,0.268036510156635,-0.541785479276914,0.10975960372674,-0.00153789117370518,0.163504456717459,-0.173961519797468,0.308198160388758,0.0378374747991049,-0.000229957161663378,250.715495398935,264.369865066595
26.41,0.225968850764843,-1.88510292903745,1.00253227239759,-0.0560641965395407,0.0118550545443943,0.271212852315389,-0.542688717526669,0.107637568219049,-0.000840171728203663,0.181947900840126,-0.174296168619014,0.308164645811023,0.0378374747991049,-0.000229957161663378,250.720169044871,264.38460512762
26.42,0.220452629108445,-1.88554234327499,1.00253584481829,-0.0541615001529681,0.0102833606498728,0.274386100878375,-0.54344777358775,0.104949920034139,-0.000171417933814045,0.192579257922274,-0.174621616838436,0.308126223068826,0.0221189470538894,-0.000160151584857316,250.729162505824,264.404514502687
26.43,0.214938211695725,-1.88602564034363,1.00253779691138,-0.0521575171219712,0.00870214988054274,0.277555986309477,-0.544059132331681,0.102456375718727,0.00049239403251391,0.203211963808455,-0.174961679300933,0.308079718852902,0.0221189470538894,-0.000160151584857316,250.74298043316,264.429901151855
26.44,0.209427317914128,-1.88655278924903,1.00253829884495,-0.0500768487889207,0.00711118764413056,0.280722251492264,-0.544526936601721,0.0996423812196814,0.00114136894429078,0.208380812237103,-0.175268526423756,0.308023401358201,0.0111323020115901,-5.60478666252575e-05,250.761727001248,264.460605393584
26.45,0.20392179023282,-1.88712417835787,1.00253754587593,-0.0479495638870748,0.00551044807280947,0.2838846674987,-0.544845546909806,0.0970366779028841,0.00178300264560455,0.213550537866125,-0.175582437190152,0.307955597338093,0.0111323020115901,-5.60478666252575e-05,250.785803865629,264.496747225782
26.46,0.198423107205325,-1.88773887359532,1.0025358112447,-0.0457920128221948,0.00389996751267185,0.287043024371533,-0.545019585243114,0.0942951330919387,0.00241158705645639,0.215090016910446,-0.175849821955119,0.307875885334638,0.00383773443679786,6.40981088181857e-05,250.81520176316,264.53799604562
26.47,0.192932832171567,-1.88839623608768,1.00253339364789,-0.0436241795892524,0.00227994341899913,0.290197140056218,-0.545042341171163,0.0917667441247219,0.00302667935924934,0.216629682779218,-0.176119233427726,0.307784058577504,0.00383773443679786,6.40981088181857e-05,250.850132757424,264.584248020152
26.48,0.187452272767404,-1.88909471084277,1.0025306622932,-0.0414563397418872,0.000650575217071192,0.293346858352678,-0.544918364144639,0.0892332914657899,0.00362416155846068,0.21588922692075,-0.176337233906965,0.307680931144191,-0.000739695363092274,0.000185753811160272,250.889483627622,264.634018476232
26.49,0.181982791603982,-1.88983294187566,1.00252798838516,-0.0393010509835773,-0.000987816160983753,0.296492052718051,-0.544640699576098,0.0869118152994454,0.00420562445733565,0.215148313125567,-0.176554084144961,0.307567530460784,-0.000739695363092274,0.000185753811160272,250.925646540447,264.679044707617
26.5,0.176525579231381,-1.89060896357087,1.00252573518572,-0.0371642712471281,-0.00263494665225462,0.299632627712676,-0.544213425016589,0.0846739258384508,0.00477401364315795,0.213086856999697,-0.17672056489132,0.307445656943122,-0.00338786880512077,0.000298879259744234,250.957852347429,264.718239550601
26.51,0.171081858315713,-1.89142093734655,1.00252421814749,-0.0350532779568919,-0.00429044320443478,0.302768519806539,-0.54362989633616,0.0826432375772124,0.00533168891194616,0.211024759441953,-0.176884060618158,0.30731738015433,-0.00338786880512077,0.000298879259744234,250.98637242357,264.751640117965
26.52,0.165652741371303,-1.89226663908064,1.00252372766499,-0.0329710357386379,-0.00595399167354568,0.30589970108657,-0.542893470190342,0.0807538521277964,0.00588097818520524,0.208306912374076,-0.177002085263723,0.307185336355019,-0.00470160806913796,0.000397199633226535,251.01144132922,264.779286781122
26.53,0.160239356728494,-1.8931439213716,1.00252451026633,-0.0309211623947719,-0.0076252154511044,0.309026177884959,-0.541998175767203,0.0790649609730722,0.00642360403849224,0.205588566872123,-0.177116225439219,0.307052354283704,-0.00470160806913796,0.000397199633226535,251.033314146987,264.801288943355
26.54,0.154842767025433,-1.8940504101364,1.00252678210489,-0.028904610578888,-0.00930380603649421,0.312147994535503,-0.540946538371732,0.0775528567540294,0.0069612901641924,0.202660971643402,-0.177191921906758,0.306921597928899,-0.00512030161997899,0.000477638181628267,251.052222984138,264.817782613269
26.55,0.149464039131874,-1.89498377230923,1.00253071956799,-0.026922539710092,-0.0109894139000833,0.315265230373443,-0.539733447848876,0.0762337226017291,0.00749543397439355,0.199733136257369,-0.177263467466987,0.306796311024268,-0.00512030161997899,0.000477638181628267,251.068400233574,264.828957292705
26.56,0.144104205235205,-1.89594155801388,1.00253646645977,-0.0249746081587865,-0.0126817578000712,0.318378002591722,-0.538360587460775,0.0751111901404297,0.00802725636182892,0.19688316579887,-0.177304410240239,0.306679855093257,-0.00496402329530388,0.000539560964886435,251.082063049525,264.835040205211
26.57,0.138764293750702,-1.89692133364362,1.00254413101807,-0.0230603948750961,-0.0143805324588263,0.321486462042159,-0.536823761179507,0.0741740182710044,0.00855789513469111,0.194033202531315,-0.177341345366213,0.306575542295739,-0.00496402329530388,0.000539560964886435,251.093416465772,264.836299119604
26.58,0.13344531936166,-1.89792062272662,1.00255378924947,-0.0211787826777219,-0.0160854953030324,0.324590794724921,-0.535123869070024,0.0734424318135378,0.00908816183836017,0.191433219555275,-0.177355409347717,0.306486607702245,-0.00446325239643261,0.000584022098889406,251.102654112087,264.833041152953
26.59,0.12814828767409,-1.89893694848613,1.00256548585897,-0.0193284040695578,-0.0177963928187121,0.32769121669246,-0.533257590302887,0.0728889637872887,0.00961891211309699,0.188833416685985,-0.177365855706305,0.306416109021096,-0.00446325239643261,0.000584022098889406,251.109951307586,264.8256025559
26.6,0.122874204111131,-1.89996783917361,1.00257923552801,-0.0175077360593776,-0.0195130253937902,0.330787974058689,-0.531225143302397,0.0725427553001714,0.0101506087906082,0.186573877869562,-0.177360462153934,0.306366862791611,-0.00378173904612038,0.000613115478733096,251.115473839078,264.814353918419
26.61,0.117624061735563,-1.9010108122312,1.00259502592269,-0.0157149162026837,-0.0212351921705459,0.333881337260487,-0.52902398615934,0.0723680407970431,0.0106837854586671,0.184314597592647,-0.17735197070659,0.306341395696176,-0.00378173904612038,0.000613115478733096,251.119367636366,264.799684390798
26.62,0.112398861590551,-1.90206341927264,1.00261281809534,-0.0139482735602631,-0.0229627360427859,0.336971599717544,-0.526653778183162,0.0723975002309265,0.0112185870404782,0.182428871326788,-0.1773336415787,0.306341866724437,-0.00303341965905149,0.000629459750123414,251.121770369475,264.782008305937
26.63,0.107199590576815,-1.90312319506406,1.00263255033307,-0.0122057653082868,-0.0246955054346541,0.34005907170654,-0.524112630369292,0.0725925535899832,0.0117551955830392,0.18054339478547,-0.177312781796538,0.306370058862068,-0.00303341965905149,0.000629459750123414,251.122801554894,264.761748488459
26.64,0.10202724786093,-1.90418772431004,1.00265413838552,-0.0104857458413615,-0.0264333823141548,0.343144077959584,-0.521399770101425,0.0729857776311113,0.0122934501399541,0.179026484996084,-0.177286925019124,0.306427302954206,-0.00229479455393667,0.000635816153883304,251.122573900999,264.73934165895
26.65,0.0968828177783271,-1.90525457205227,1.00267747938445,-0.00878620313105531,-0.0281762585095741,0.346226951424496,-0.518513825947232,0.0735394275007403,0.0128331697566526,0.177509750462953,-0.177259096691798,0.306514501107362,-0.00229479455393667,0.000635816153883304,251.121185716175,264.71522344325
26.66,0.0917672984692435,-1.90632135964452,1.00270245225703,-0.00710562601802053,-0.0299240499498885,0.349308030176857,-0.515453713950488,0.0742836506515422,0.0133738918473277,0.176332469957619,-0.177229955541053,0.306632062694009,-0.00161411252507678,0.000634825027154816,251.118730434723,264.689831518975
26.67,0.0866816733233914,-1.9073856882084,1.00272892128829,-0.00544216611248563,-0.0316766847685466,0.352387651355323,-0.5122184496968,0.0751838064247675,0.0139150780908033,0.175155250950984,-0.177199358300639,0.306779952324302,-0.00161411252507678,0.000634825027154816,251.115291896311,264.663593550207
26.68,0.0816269391875602,-1.90844521515235,1.00275673685086,-0.00379450745165425,-0.0334341069832308,0.355466147794125,-0.508806744887512,0.0762662799237121,0.0144559687292623,0.17427487894991,-0.177170070056349,0.306957644036622,-0.00101841808870997,0.00062884099587565,251.110951458357,264.636928025721
26.69,0.0766040787483282,-1.90949757855837,1.00278573841479,-0.00216103918285999,-0.0351962736112723,0.358543842422725,-0.50521788522408,0.0775007727109667,0.0149956869189123,0.173394440176247,-0.17713977714042,0.307164187565324,-0.00101841808870997,0.00062884099587565,251.105785924215,264.610235481749
26.7,0.0716140865780355,-1.91054046864896,1.00281575558522,-0.000540665657161472,-0.0369631507646829,0.361621045013763,-0.501450467887592,0.0789093089906718,0.0155331851249786,0.172762558755458,-0.177112497762345,0.307398183110855,-0.000519171931807057,0.000619845756108163,251.09987222493,264.583897522639
26.71,0.0666579439825059,-1.91157155809998,1.00284661051245,0.00106795590542517,-0.0387347172025917,0.364698047315406,-0.49750395022677,0.0804664185826707,0.0160672757781959,0.172130487465686,-0.177084591769461,0.307657860116762,-0.000519171931807057,0.000619845756108163,251.093287369307,264.558271195703
26.72,0.0617366418721168,-1.91258856519322,1.00287811915557,0.00266570085531778,-0.0405109554362957,0.36777512026387,-0.493376886489609,0.0821896881799246,0.016596639746285,0.171698500434867,-0.177060653827073,0.307941072126055,-0.000116850025203136,0.000609418643233357,251.086110998552,264.533686886615
26.73,0.0568511589281455,-1.91358919286357,1.00291009313096,0.00425364389942746,-0.0422918594801339,0.370852510074508,-0.489068827365012,0.08405843763198,0.0171198118928068,0.171266218975337,-0.177036392479482,0.30824538270347,-0.000116850025203136,0.000609418643233357,251.078426620096,264.510445431904
26.74,0.0520024808375619,-1.91457118202325,1.00294234109192,0.00583245657919871,-0.0440774231109299,0.373930436198121,-0.484578338204956,0.0860860864346253,0.0176352243086063,0.170988968572779,-0.177016472637582,0.308568077653726,0.000195287088854446,0.000598747649395153,251.07032239944,264.488815661913
26.75,0.0471915821213784,-1.91553226053055,1.00297467009538,0.00740296550838792,-0.0458676499779237,0.377009088535689,-0.479905004469039,0.0882563675821115,0.0181411701312263,0.170711345050527,-0.176996461515359,0.308906253022812,0.000195287088854446,0.000598747649395153,251.061893000725,264.469033713898
26.76,0.0424194416778821,-1.91647018642647,1.00300688698871,0.00896566442138039,-0.0476625406977192,0.380088626331026,-0.475047440872596,0.0905790098574872,0.0186358608205966,0.170549206863857,-0.176980741472463,0.309256840529753,0.000428176915246867,0.000588666449796754,251.053239040837,264.451300833199
26.77,0.0376870282468758,-1.91738270686595,1.0030387993868,0.010521163330098,-0.0494621038937416,0.38316917660006,-0.470005226986579,0.0930415912659398,0.0191173844419314,0.170386645171878,-0.176965098196481,0.309616692945232,0.000428176915246867,0.000588666449796754,251.044468935126,264.435784408644
26.78,0.0329953124850842,-1.91826759184705,1.0030702169748,0.0120698083251362,-0.0512663433703472,0.386250834057978,-0.464777051712123,0.0956507241477305,0.0195837634766182,0.170306460017541,-0.176953409108822,0.309982617776547,0.000594643947218012,0.000579705951407164,251.03569741999,264.422616447956
26.79,0.0283452557920386,-1.91912260239473,1.0031009521833,0.013612029324386,-0.0530752690371546,0.389333660773287,-0.459362463348854,0.0983971838840905,0.0200329171043358,0.170225828225889,-0.176941909511382,0.310351455880507,0.000594643947218012,0.000579705951407164,251.027047010198,264.411895859088
26.8,0.0237378193126905,-1.9199455158631,1.00313082134002,0.0151480552402803,-0.0548888850181183,0.392417687133727,-0.453760238893479,0.101285059955417,0.0204627121252816,0.170201000856896,-0.176933854692171,0.310720118236733,0.000707738668231195,0.000572151647807786,251.018645899832,264.403687869717
26.81,0.0191739557040398,-1.92073410222955,1.00315964511791,0.0166781727494249,-0.0567071997543756,0.395502912655282,-0.44796988228714,0.104307677207196,0.0208709336612243,0.170175727739827,-0.17692605619103,0.311085654238128,0.000707738668231195,0.000572151647807786,251.010628797796,264.398027153291
26.82,0.0146542685815576,-1.92148628761628,1.0031872705524,0.0182025230983156,-0.0585268417687013,0.398589366847607,-0.44207411352337,0.107467279760106,0.0212540238505676,0.17018650216532,-0.176171262582627,0.311445088814775,0.0007796485066505,0.00232294012220304,251.003123386987,264.394906622942
26.83,0.0101792746025958,-1.92220002694347,1.0032135559249,0.0197213092701473,-0.0603436929062054,0.401677075980441,-0.435989365158909,0.110759286076797,0.0216079216489265,0.170198455097418,-0.175416764554801,0.311795631620841,0.0007796485066505,0.00232294012220304,250.99622957154,264.394259309953
26.84,0.00574894568857195,-1.92287406282659,1.00323842089018,0.0212293981542334,-0.0621464688003964,0.404766208968184,-0.429995813368389,0.114072805405431,0.0219280293877205,0.169068471529034,-0.172157080504886,0.312134016013674,-0.00152370884516727,0.0081914576369987,250.990052610094,264.395997451261
26.85,0.00136302367212428,-1.92350736001207,1.00326181388598,0.0227205922823552,-0.0639213464380908,0.407857008878622,-0.423816280945577,0.117515693861469,0.0222062912439747,0.167945056263917,-0.168895986541636,0.312457071470012,-0.00152370884516727,0.0081914576369987,250.9845762465,264.399883704098
26.86,-0.00297856417992056,-1.92409912531131,1.00328368867722,0.0241858377583805,-0.0656554171604414,0.410949744370436,-0.41777255017816,0.120889659293951,0.0224417531755097,0.164786312772878,-0.162778964552968,0.312761878941396,-0.00563469299974108,0.0148764693493272,250.979907953192,264.405793171292
26.87,-0.00727613654574965,-1.92464890741711,1.00330403305806,0.0256141265824773,-0.0673328584069662,0.414044788159042,-0.411551547914326,0.124386830809742,0.0226244533994396,0.161640211525526,-0.156657407619257,0.313045643963097,-0.00563469299974108,0.0148764693493272,250.976006998163,264.413434764898
26.88,-0.0115295216800659,-1.92515601822559,1.00332280888604,0.0269951086747573,-0.0689431860400239,0.417142429904559,-0.405415346279702,0.127776187969939,0.0227577143953217,0.156144706388417,-0.148236559892882,0.313306378729111,-0.0103878262720778,0.020249907702492,250.972987284167,264.422675002663
26.89,-0.015738736977303,-1.92562014448358,1.00334000901661,0.0283161417020875,-0.0704735522832053,0.420243050016574,-0.399115799267282,0.131278158311798,0.022832267244586,0.150666648820098,-0.139807534866311,0.31354230667218,-0.0103878262720778,0.020249907702492,250.97083238122,264.433246981953
26.9,-0.0199032808930439,-1.92604049000231,1.00335559357707,0.0295676303447182,-0.0719177713161677,0.423346876414475,-0.392807762705958,0.134672988127165,0.0228537027016532,0.14298485752724,-0.130055012182829,0.313752663090452,-0.0148553414266715,0.0233292510231404,250.969650643104,264.445024497013
26.91,-0.0240227532938452,-1.92641660402224,1.00336954732295,0.030737798412461,-0.0732682771139934,0.426454188426291,-0.386353819883903,0.138165299902733,0.0228161440765798,0.135323185207492,-0.120290916735009,0.313936950080497,-0.0148553414266715,0.0233292510231404,250.969456434948,264.457799566937
26.92,-0.0280963779247544,-1.92674748493326,1.00338182795426,0.0318192966107861,-0.074523391294372,0.429565094772948,-0.379795611596288,0.141579583603947,0.0227250933073777,0.125942727723926,-0.110224323286808,0.314095588665133,-0.0183509276374509,0.0240094175050309,250.970336059311,264.471461525513
26.93,-0.0321233944115016,-1.92703240779085,1.00339241091695,0.032803047038785,-0.0756810937325753,0.432679709509637,-0.373110396278236,0.145072440199179,0.0225794535379856,0.116582875365148,-0.100143558594902,0.314229251594815,-0.0183509276374509,0.0240094175050309,250.972322688646,264.485870280226
26.94,-0.0361028743849511,-1.92727015315192,1.003401254637,0.0336848505113991,-0.0767434206869944,0.435798002973432,-0.366245876226418,0.148533464502228,0.0223831450098195,0.106198873411139,-0.0906008013418665,0.314339260546279,-0.0204493593510721,0.0227153940699376,250.975467466828,264.500933147698
26.95,-0.040033841616161,-1.92745969006025,1.00340832907521,0.0344594489418662,-0.0777129301703996,0.43891991259086,-0.359272881179179,0.152051677809894,0.0221395883710236,0.0958342047356709,-0.0810423826452107,0.314427113803228,-0.0204493593510721,0.0227153940699376,250.979807933872,264.516573067445
26.96,-0.0439153471700509,-1.92759962471073,1.00341359798044,0.0351261167431011,-0.0785941628393136,0.442045286582456,-0.35207526563412,0.155590295486781,0.0218506428908159,0.0852196642727979,-0.0725872882469784,0.314494644533072,-0.0209880757849775,0.0200949441444351,250.985353490197,264.532712552372
26.97,-0.0477463592389365,-1.92768866005562,1.00341703146567,0.0356838284627799,-0.0793927708271457,0.445173916797269,-0.344786020085073,0.159163783380858,0.0215228639285728,0.0746220440313523,-0.0641162408397005,0.314543763006028,-0.0209880757849775,0.0200949441444351,250.992135305184,264.549324802089
26.98,-0.0515260133908874,-1.9277253023105,1.00341860359293,0.0361351421367738,-0.0801145769046332,0.448305568308087,-0.33725590797124,0.162806338366764,0.0211562770302456,0.0645123538598155,-0.0570352238584124,0.314576452571971,-0.020039300080511,0.0168040287401883,251.000120891689,264.56634095791
26.99,-0.0552533540321428,-1.9277080707576,1.00341829070494,0.0364830475647387,-0.08076682429161,0.451439941413929,-0.329648572118476,0.166462028954808,0.0207588027277248,0.0544166388009623,-0.0499390726778849,0.314594684482371,-0.020039300080511,0.0168040287401883,251.009328698787,264.583767624204
27,-0.058927665469787,-1.92763545727088,1.00341608186782,0.0367327998385133,-0.0813556071123449,0.454576764353951,-0.321807405664457,0.170224598733095,0.0203292077421287,0.0454197310490478,-0.044288392239003,0.314600335529044,-0.0178581391888927,0.0133871180202834,251.019688972385,264.601536656392
27.01,-0.0625481524409713,-1.92750589873649,1.0034119653595,0.0368906976978471,-0.0818885128364983,0.457715703617546,-0.313900728972891,0.173980458089871,0.0198751790996089,0.0364338154963019,-0.0386242913622107,0.314595210953896,-0.0178581391888927,0.0133871180202834,251.03120427074,264.619670620515
27.02,-0.0661142717208348,-1.92731795513398,1.00340594908198,0.0369638550590059,-0.0823711926426791,0.460856491839263,-0.305782978505794,0.177865707615429,0.019394870005017,0.0289725859953938,-0.0342969083926373,0.314580945323661,-0.0148170138614262,0.0102305413602028,251.043774811536,264.638095367277
27.03,-0.0696254236002952,-1.92707008311069,1.00339803798295,0.0369608612377774,-0.082810693355563,0.463998809569666,-0.297608854228761,0.181727253509463,0.0188946128570243,0.0215196669773562,-0.0299584236086648,0.314559074567789,-0.0148170138614262,0.0102305413602028,251.05738585959,264.656834292297
27.04,-0.0730812289324511,-1.9267609801371,1.00338826137144,0.0368897492397463,-0.0832118031238244,0.467142422971883,-0.289254863578998,0.185723822063832,0.0183724841937762,0.0158080578910426,-0.0267508206520703,0.314530952078991,-0.011337224667858,0.00756235768010611,251.071915646559,264.675803459815
27.05,-0.076481278898672,-1.92638921279231,1.00337664422281,0.0367602526017888,-0.0835805040751754,0.470287058286094,-0.280851406585619,0.189683110430311,0.0178329206881765,0.0101025644771146,-0.0235347240108822,0.314497829545037,-0.011337224667858,0.00756235768010611,251.087331560429,264.695016052478
27.06,-0.0798253292900202,-1.92595366641794,1.00336323831332,0.036580417896247,-0.0839205479113906,0.473432530523247,-0.272301795579176,0.193767143560873,0.0172742661930596,0.00615221852072727,-0.0212033362569026,0.314460797112955,-0.00782690833859614,0.00547685005822967,251.103497574934,264.714378113016
27.07,-0.0831131307788041,-1.92545308733952,1.00334809037705,0.0363600153467318,-0.0842366319264525,0.476578626632437,-0.263707856455877,0.197803898056693,0.0166990553983001,0.00220633808476292,-0.0188660547854039,0.314420852404069,-0.00782690833859614,0.00547685005822967,251.120363182203,264.733886263714
27.08,-0.0863445353036759,-1.92488657758821,1.00333127407443,0.0361063406658562,-0.0845314800007497,0.479725213943838,-0.254999712331268,0.201942128730142,0.0161060502946151,-0.000142567688311908,-0.0171692644681891,0.314378861189601,-0.0046320865157086,0.00396868110212708,251.137785091365,264.753439439951
27.09,-0.0895194081888064,-1.92425310834236,1.00331285785507,0.0358282637485454,-0.0848085100321085,0.482872141807529,-0.246251087088252,0.206026465172231,0.0154962673328626,-0.00248814783695827,-0.0154689254865505,0.314335608468611,-0.0046320865157086,0.00396868110212708,251.155695780486,264.773015799507
27.1,-0.0926376581521821,-1.92355200588726,1.00329293502827,0.0355317759964766,-0.0850695437645142,0.486019325177909,-0.237415809788487,0.210180154887451,0.0148689020266665,-0.00352017147198079,-0.0141943514238167,0.314291772694381,-0.00200457081159819,0.00296771542676784,251.173950967095,264.792512199165
27.11,-0.095699218085061,-1.922782485837,1.00327159390307,0.0352241668787534,-0.0853168714076332,0.489166668796102,-0.228543039887194,0.214276245640451,0.0142240327086686,-0.00454958827328556,-0.0129181440779131,0.314247960591688,-0.00200457081159819,0.00296771542676784,251.192468443164,264.811890136861
27.12,-0.0987040198660354,-1.92194408762034,1.00324894370803,0.034909811883672,-0.0855515988000197,0.492314126183582,-0.219605534834635,0.218405311111381,0.013561245095178,-0.00462016316417852,-0.0118969962056271,0.314204689505781,-8.76290127414592e-05,0.00236967538437912,251.21110861619,264.831050265382
27.13,-0.101652022703963,-1.92103626746793,1.00322508907479,0.0345940354049026,-0.0857751170533761,0.495461646104304,-0.210633018454573,0.222475334203481,0.0128802680544168,-0.00468853990167132,-0.0108756061941534,0.314162410232124,-8.76290127414592e-05,0.00236967538437912,251.229778705622,264.849941929962
27.14,-0.104543157296911,-1.92005875232739,1.00320015028246,0.0342795224409001,-0.0859880187545718,0.49860921023425,-0.201611874682722,0.226542086428722,0.0121810349440852,-0.00417102676535532,-0.00998681916792986,0.314121494836447,0.00108211009992502,0.00206040354311163,251.248348918793,264.8684751243
27.15,-0.107377378528445,-1.91901121612825,1.00317424342277,0.033969537755801,-0.086191046840058,0.50175679888997,-0.192557949571408,0.23054989012412,0.0114633854906046,-0.00365152221101712,-0.00909863906755627,0.314082251532182,0.00108211009992502,0.00206040354311163,251.266721649671,264.886593104841
27.16,-0.110154601926373,-1.91789353820726,1.00314749434133,0.0336652049872055,-0.0863844689368409,0.504904412054255,-0.183466250463625,0.234521969433747,0.010727582255162,-0.00289160066744348,-0.00826577014000656,0.314044917257654,0.00155980250248619,0.00193308889237278,251.284781297535,264.904219542572
27.17,-0.112874759787082,-1.91670557380548,1.00312002496139,0.0333678843784988,-0.0865686146515422,0.508052050039723,-0.174343912255179,0.238436026353885,0.00997384404196965,-0.00212978274984236,-0.00743386157177857,0.314009667507097,0.00155980250248619,0.00193308889237278,251.302432147194,264.921298054692
27.18,-0.115537748011985,-1.91544731516558,1.00309196119635,0.0330774186459963,-0.0867435822563331,0.5111997228149,-0.165190371493552,0.242288297110787,0.00920275828560559,-0.00141149145289352,-0.00661758658847954,0.313976613539235,0.00146888179144292,0.00189879712309431,251.319576221523,264.937768626437
27.19,-0.118143469816738,-1.91411875507757,1.00306342507186,0.0327936043316972,-0.0869094835836853,0.514347441042123,-0.156008330831157,0.246083692152256,0.00841500360067877,-0.000691353225122558,-0.00580222253907525,0.313945809100509,0.00146888179144292,0.00189879712309431,251.33612641406,264.953581017307
27.2,-0.120691804493778,-1.91271995954781,1.00303453761174,0.0325153735465176,-0.0870663626168321,0.517495218187162,-0.146798510113185,0.249799036142772,0.00761147601863341,-0.000216830262928593,-0.00499084889920032,0.313917251809135,0.00097346452129288,0.0018912630000183,251.352004622735,264.968692356953
27.21,-0.123182629202019,-1.91125101357231,1.00300541574524,0.0322414105174449,-0.087214259342588,0.520643067844816,-0.137562350556529,0.253458402222712,0.00679325632265832,0.000259493499321039,-0.00418005294975633,0.313890888163412,0.00097346452129288,0.0018912630000183,251.367138100776,264.983062880727
27.22,-0.125615814450493,-1.90971202191529,1.00297617159787,0.0319701357538145,-0.0873532380371204,0.523791002271257,-0.128299786320337,0.257027499457966,0.00596149884928735,0.000376605244526919,-0.00337990881914336,0.313866618086266,0.00025087633765796,0.00186725064694465,251.381469593056,264.996666089033
27.23,-0.127991220758197,-1.90810311975462,1.00294691280504,0.0316996081994976,-0.0874833626201842,0.526939032748676,-0.119013051433833,0.26054096357219,0.00511755446703592,0.00049545228515048,-0.00257985139328437,0.313844299321123,0.00025087633765796,0.00186725064694465,251.394944789035,265.009475179082
27.24,-0.13030871976457,-1.90642442237881,1.00291773973928,0.0314281110454264,-0.0876047570186697,0.530087167199734,-0.109700186160142,0.263961259991189,0.00426274618543513,0.000224661531098337,-0.00180680644971096,0.313823753817988,-0.00053230658189418,0.001803902974647,251.407527029013,265.021478048828
27.25,-0.132568167843105,-1.90467608005897,1.00288874778977,0.031153535191308,-0.0877175607445024,0.533235411288897,-0.100365289490212,0.267325575209305,0.00339854370627536,-4.4487439174284e-05,-0.00103331632684991,0.313804772344152,-0.00053230658189418,0.001803902974647,251.419182524954,265.03266149318
27.26,-0.134769447407942,-1.90285819854073,1.00286002388557,0.0308743356231387,-0.0878219694907823,0.536383766827251,-0.0910041622775675,0.270599702528064,0.00252632275769298,-0.000664914019642699,-0.000306123287886848,0.31378712148395,-0.00123838593718394,0.00169442008252618,251.429893924774,265.043025123905
27.27,-0.136912423289267,-1.90097091719885,1.00283164948141,0.0305886130529719,-0.0879182154613244,0.539532232195206,-0.0816230712870016,0.273816812143365,0.00164753672694132,-0.00128382010726242,0.000421992086626973,0.313770548911749,-0.00123838593718394,0.00169442008252618,251.439648121537,265.052568435563
27.28,-0.138996996315548,-1.89901432056261,1.00280369740189,0.0302952133322637,-0.0880065596781594,0.542680802424351,-0.0722157679873935,0.276950745993542,0.00076349579626384,-0.0021668271196081,0.00108631497464781,0.313754790142107,-0.00176968575749718,0.00154318231669874,251.448445006113,265.06129983329
27.29,-0.141023050213233,-1.89698852095626,1.00277623459398,0.0299927149346721,-0.0880873201897726,0.545829468260798,-0.0627904579082247,0.280026053069456,-0.000124466616504947,-0.00304845763789383,0.00175191537064919,0.31373957445965,-0.00176968575749718,0.00154318231669874,251.456290712092,265.06922957692
27.3,-0.142990508854657,-1.89489357766732,1.00274931993417,0.0296804745018886,-0.0881608063329728,0.54897821817178,-0.0533393515302257,0.283027276996704,-0.00101520218367849,-0.00408022700564211,0.00234078157065043,0.313724630982994,-0.00207264357800509,0.00136113365077205,251.463199803589,265.076372096147
27.31,-0.144899281736322,-1.89272956914469,1.00272300616393,0.0293576950948422,-0.0882274011006055,0.552127035912874,-0.0438720556238618,0.285967880363561,-0.00190756741059442,-0.0051107793815806,0.00293112199425754,0.313709694833181,-0.00207264357800509,0.00136113365077205,251.469195065446,265.08274597745
27.32,-0.146749317094516,-1.89049653160813,1.00269733895592,0.0290242697854923,-0.0882874409911277,0.555275904266926,-0.0343798837859381,0.288843774476367,-0.00280063432386592,-0.00617169737916531,0.00343748249685496,0.313694512391938,-0.0021356683643016,0.00116192943015578,251.474302901107,265.088369327588
27.33,-0.148540552971696,-1.88819451068061,1.00267235776519,0.0286800578049262,-0.0883413471098891,0.558424801331252,-0.0248731831993739,0.291656889319989,-0.00369348887610987,-0.00723156570037661,0.00394534806844282,0.313678847031898,-0.0021356683643016,0.00116192943015578,251.478559462064,265.093266570521
27.34,-0.150272960266066,-1.88582352603689,1.00264809618494,0.0283254356200568,-0.0883894624115378,0.561573705543295,-0.0153430137415697,0.29441349488012,-0.00458544027144238,-0.00821373202615882,0.00436762624785642,0.313662483590389,-0.00198220637833412,0.00095907786172583,251.482000085336,265.09745771074
27.35,-0.151946504461624,-1.88338359734242,1.00262458168731,0.0279608540152361,-0.0884322192664055,0.564722591088757,-0.0057998153585911,0.297105213378724,-0.00547581676696617,-0.00919501655616484,0.00479129121938237,0.313645232930811,-0.00198220637833412,0.00095907786172583,251.484670695852,265.100970789051
27.36,-0.153561175093025,-1.88087473663751,1.00260183712104,0.0275870635408178,-0.088469949625329,0.567871433670951,0.00376505274393011,0.299746450305888,-0.00636414646931182,-0.010014778988397,0.00513257019994561,0.313626935649294,-0.00166078217534675,0.000764094291652136,251.48661273418,265.103826534256
27.37,-0.155116960868689,-1.87829694801622,1.0025798794763,0.0272049730781179,-0.088503073998613,0.571020205493592,0.0133416050798155,0.30232092689405,-0.00724998904127604,-0.0108338217638799,0.00547500257178605,0.313607464870534,-0.00166078217534675,0.000764094291652136,251.487878298092,265.10605482896
27.38,-0.156613864527313,-1.87565024536126,1.00255872227243,0.0268155667940261,-0.0885319004197474,0.574168881247687,0.022937767123494,0.304848270703918,-0.00813305055506482,-0.011438726604738,0.00574183426882579,0.313586729124114,-0.00123382698334363,0.000585548973730036,251.48851228647,265.107676517214
27.39,-0.158051891757558,-1.87293462886832,1.00253837357465,0.0264200400710092,-0.0885568200133385,0.577317433083827,0.0325444105428446,0.307307348023717,-0.00901309058225658,-0.0120430630777337,0.00600951435743965,0.313564673036351,-0.00123382698334363,0.000585548973730036,251.488569587272,265.108722054873
27.4,-0.159431052616233,-1.87015012281,1.00251883897039,0.0260194632653504,-0.0885781087263551,0.580465836378538,0.0421684800688406,0.30971991439424,-0.00988994284242811,-0.0124134243602138,0.00621063600647577,0.313541279244067,-0.000766917344358922,0.000428816286226462,251.488096183084,265.109212256321
27.41,-0.160751362679721,-1.86729673453202,1.00250011910951,0.0256151381021623,-0.0885961168385528,0.583614065019213,0.0518019522238482,0.312063148137981,-0.0107635196964543,-0.0127833539175328,0.00641227505699981,0.313516566937487,-0.000766917344358922,0.000428816286226462,251.487146754177,265.109177369519
27.42,-0.162012833827587,-1.86437450525748,1.00248221295749,0.0252080871611647,-0.0886110842796628,0.58676209663299,0.0614506661591944,0.314358092295467,-0.0116337334157312,-0.0129292789996868,0.00655742860638435,0.31349059266356,-0.000319690313221374,0.000296312210867429,251.485766325735,265.108638368473
27.43,-0.163215484665971,-1.8613834584775,1.00246511513756,0.0247995547579116,-0.0886233146210658,0.589909908395513,0.0711078087026673,0.316583091334215,-0.0125005937434086,-0.0130748918892234,0.0067027839744703,0.313463446943808,-0.000319690313221374,0.000296312210867429,251.484006878529,265.107624929954
27.44,-0.164359324427783,-1.85832365635865,1.00244881917018,0.0243904099972385,-0.0886330112177536,0.5930574815306,0.0807781050655839,0.318756207772544,-0.0133640501956027,-0.0130300114132616,0.00680175090665869,0.313435253871251,6.07465321603918e-05,0.000188021103676976,251.481910816606,265.106158567086
27.45,-0.165444368977325,-1.85519514460935,1.00243331487322,0.0239817105471821,-0.0886404296731183,0.59620479774595,0.0904559418783228,0.320859182513693,-0.0142241549684107,-0.0129849199838022,0.00690065209738182,0.313406166224454,6.07465321603918e-05,0.000188021103676976,251.479525512428,265.104268341989
27.46,-0.166470621834723,-1.85199800763499,1.00241859134367,0.0235741030065842,-0.0886457386187908,0.599351842922299,0.100145008089529,0.322905587358272,-0.0150808642176943,-0.0127982468258896,0.00696254920813241,0.313376363866885,0.000343558338217441,0.000102147354074965,251.476889484841,265.101976735923
27.47,-0.167438091983098,-1.84873231619086,1.00240463462654,0.0231683739493415,-0.0886491478472015,0.602498604189921,0.109840795598125,0.324881993713209,-0.015934226444435,-0.0126114456498984,0.00702418227869001,0.313346047889982,0.000343558338217441,0.000102147354074965,251.474044202402,265.099312358745
27.48,-0.168346775683033,-1.84539817576482,1.00239143026077,0.0227649172571792,-0.088650794633848,0.605645072812298,0.119546089865738,0.326796784261339,-0.0167841850111618,-0.0123387521526145,0.00705701564593542,0.31331543795249,0.000515150308459327,3.5770400010443e-05,251.471023435114,265.096299014066
27.49,-0.169196672752067,-1.84199568190728,1.0023789613647,0.0223642113953278,-0.0886508473745456,0.608791241853617,0.129257341232936,0.328641960268986,-0.0176307532806946,-0.0120659962772506,0.0070894651398408,0.313284766018941,0.000515150308459327,3.5770400010443e-05,251.467862048415,265.092965107053
27.5,-0.169987772052329,-1.83852495809619,1.00236721064507,0.0219664029564625,-0.0886494161404774,0.611937108321854,0.138976591941222,0.330420769435681,-0.0184738527615557,-0.0117618960534246,0.00709990930484372,0.313254272892757,0.000577764325565915,-1.45758369888703e-05,251.464588579974,265.089335947423
27.51,-0.170720063736564,-1.83498612186931,1.00235615897565,0.0215716688348388,-0.0886466336015988,0.615082671339978,0.148701079478465,0.332130482387769,-0.0193134473401631,-0.011457783627647,0.00710992639643166,0.313224202084919,0.000577764325565915,-1.45758369888703e-05,251.461231127175,265.085439955974
27.52,-0.171393530256552,-1.83137931033386,1.00234578684495,0.0211799422971244,-0.0886425870204592,0.618227933649102,0.158432268435057,0.333769874964501,-0.0201494366068018,-0.01116939061935,0.00710328083712257,0.313194795889742,0.000546330747294613,-5.24410430751863e-05,251.45781285821,265.08130389862
27.53,-0.172008153088725,-1.82770465840306,1.00233607343485,0.0207911400794982,-0.0886373794820916,0.621372900181265,0.168168009663674,0.335340724089442,-0.0209817365735669,-0.0108810225447748,0.00709623098388596,0.313166289842298,0.000546330747294613,-5.24410430751863e-05,251.454355381024,265.076956307705
27.54,-0.17256391000961,-1.82396231189023,1.00232699754871,0.0204050352296562,-0.0886310797175165,0.624517579039564,0.177909344916558,0.336838412078362,-0.0218102320955147,-0.01064369602863,0.00707650247796815,0.313138908729169,0.000444301967246788,-8.11273218316354e-05,251.450876655686,265.072425100382
27.55,-0.173060775853395,-1.82015241750839,1.00231853713866,0.0200213491402396,-0.0886237672708817,0.627661980372608,0.187654577725219,0.338268060825267,-0.0226348050194678,-0.0104064212974985,0.00705644188468306,0.313112861993078,0.000444301967246788,-8.11273218316354e-05,251.447392412941,265.067738828675
27.56,-0.173498725794291,-1.81627512493986,1.00231066980253,0.0196397568284224,-0.0886154962819622,0.630806116950438,0.197404460884451,0.33962294259937,-0.0234553377416114,-0.0102417463364556,0.0070265054245319,0.31308834006866,0.000299185016365367,-0.000103482011191752,251.44391581127,265.062926015437
27.57,-0.173877730603841,-1.8123305869644,1.002303372669,0.0192598602637664,-0.0886063283270904,0.633950003254109,0.207157612603959,0.340910181337599,-0.0242716986189056,-0.0100771425454792,0.0069963391832936,0.313065510981088,0.000299185016365367,-0.000103482011191752,251.440457540399,265.058014925792
27.58,-0.174197764887056,-1.80831895290329,1.00229662257628,0.0188812983636592,-0.0885963064434091,0.637093655758565,0.216914604544669,0.342122231075623,-0.0250837824176404,-0.00999298518780306,0.00695813827487859,0.31304451735702,0.000138393008432941,-0.00012179598529806,251.4370265527,265.053033947682
27.59,-0.174458798048865,-1.80424037644832,1.00229039535888,0.0185036292887384,-0.088585479120409,0.640237092159249,0.22667425878709,0.343266892595613,-0.0258910416139965,-0.00990891383992831,0.00691982100603598,0.313025469039188,0.000138393008432941,-0.00012179598529806,251.432541807577,265.046871867799
27.6,-0.174660705209695,-1.80009514065512,1.00228464973784,0.0181247369776182,-0.0885738791782477,0.643380331241143,0.23643699414316,0.344299203427398,-0.026688599086448,-0.0102951524838975,0.00687481640421525,0.313008405555301,-0.000802491950815287,-0.000137812552991289,251.42166405267,265.033958307202
27.61,-0.174803334652275,-1.79588356728176,1.00227929893559,0.0177420352086805,-0.0885615322003886,0.646523392002388,0.246201685485812,0.345263997357996,-0.0274710214035357,-0.010681435433216,0.0068303590299207,0.312993338225862,-0.000802491950815287,-0.000137812552991289,251.40525034639,265.015207688228
27.62,-0.17488601751197,-1.79160666300445,1.00227422598784,0.0173440280169665,-0.088548436559641,0.649666293769499,0.255968430929282,0.345916230029071,-0.0282298982938511,-0.0136224019963662,0.0067815731897204,0.312980286062634,-0.00591583225978411,-0.0001529417063755,251.384494105775,264.991887750639
27.63,-0.174907925593959,-1.78726563873728,1.00226928491477,0.0169166676914984,-0.0885345207171294,0.652809056176809,0.265735799552803,0.346498735002867,-0.0289584744269649,-0.0165628928273992,0.00673691201057645,0.312969259138388,-0.00591583225978411,-0.0001529417063755,251.360569954448,264.965247416563
27.64,-0.174867857421522,-1.7828621776056,1.00226429973106,0.0164399241423125,-0.0885196599433114,0.655951698882586,0.275503684534744,0.346582292163937,-0.0296434851250175,-0.0239551881781068,0.00669203486371747,0.312960264069259,-0.014831651402444,-0.000169623680064496,251.33451083413,264.936387778465
27.65,-0.174764316693071,-1.77839833241044,1.00225908149407,0.0158893216301906,-0.0885036035832507,0.659094241657249,0.285270223877535,0.346587982653416,-0.0302797897854844,-0.0313459079150835,0.0066575095014493,0.312953300509627,-0.014831651402444,-0.000169623680064496,251.307364122709,264.906425257554
27.66,-0.174595780659337,-1.77387616008374,1.00225340869926,0.0152409266870989,-0.0884860342970544,0.662236703572097,0.295035456981135,0.345998978676071,-0.0308484630527138,-0.0440575011037501,0.00662649641420094,0.312948347478036,-0.0254963739060398,-0.00019344640024883,251.279973133815,264.876262649983
27.67,-0.174360347157378,-1.76929818632687,1.00224705566175,0.0144654915829204,-0.0884664859156395,0.665379102960059,0.304796929451081,0.345314918758356,-0.0313500918565392,-0.0567662963770907,0.00661327437926672,0.312945378686087,-0.0254963739060398,-0.00019344640024883,251.2532220113,264.846845192133
27.68,-0.174056546719232,-1.76466634504813,1.00223978321878,0.0135426960335708,-0.0884444363616331,0.668521456144272,0.314555429965289,0.344090376903714,-0.0317657288131434,-0.0739952394487951,0.00660343423301104,0.312944328328625,-0.0345650565221654,-0.000233808947839458,251.227747928728,264.818859046486
27.69,-0.173682544306815,-1.75998301476853,1.00223135375359,0.0124477027573305,-0.0884192457275384,0.67166377704228,0.324307666611277,0.342743645097638,-0.0321016445369924,-0.0912207440909372,0.00661770328133707,0.312945124835914,-0.0345650565221654,-0.000233808947839458,251.204227027448,264.793030199302
27.7,-0.173238408791386,-1.75524813366022,1.0022215984654,0.0111897063278202,-0.0883902776082822,0.674806075775482,0.334056455453947,0.341452662204335,-0.0323694413431389,-0.10640948416251,0.00662540094215271,0.312947601163957,-0.0304856087909395,-0.000302482944111161,251.183057662087,264.769792531411
27.71,-0.172724226878649,-1.75046161127808,1.00221037131333,0.00977993176206255,-0.0883569858558112,0.677948358028028,0.343798004675973,0.340006972928704,-0.032569061472512,-0.121595768714086,0.00665435797201878,0.312951567987768,-0.0304856087909395,-0.000302482944111161,251.164543657438,264.749478792329
27.72,-0.172140647173466,-1.74562344261274,1.00219759436716,0.00823415965668083,-0.0883144890443246,0.681090664357155,0.353427372426634,0.3387267977092,-0.0327159832462354,-0.133281157911241,0.0076386019508052,0.312957005758964,-0.023468013044252,0.00188605750222017,251.148970473447,264.732399726013
27.73,-0.171488526665425,-1.7407335372398,1.00218322960038,0.00657169866654322,-0.088257074726578,0.68423302076326,0.363048039870264,0.337264410312214,-0.0328085815841832,-0.144963131513987,0.00863909915669987,0.312963963888516,-0.023468013044252,0.00188605750222017,251.136460959421,264.718694309215
27.74,-0.170769142022127,-1.7357928064118,1.00216732713297,0.00480783160347276,-0.0881706486580706,0.687375465880511,0.372321566142136,0.335931971783294,-0.0328543736886182,-0.153264250918097,0.0126725704542878,0.312972978184552,-0.0166970863079954,0.00894294367486836,251.127183628852,264.708549342979
27.75,-0.169984182130293,-1.73080222087605,1.00214999755191,0.00296132343794946,-0.0880381997715008,0.690517984220548,0.3815815614187,0.334397302749377,-0.0328509896583228,-0.161556224937316,0.0167174332595916,0.31298480667698,-0.0166970863079954,0.00894294367486836,251.121029579078,264.701864155279
27.76,-0.169135081597363,-1.725763417053,1.00213136551342,0.00104499606029902,-0.0878411522581224,0.693660454326183,0.390371524610048,0.33291995361128,-0.0327951868874916,-0.16704636727789,0.0248204318201858,0.313000390221884,-0.0111016180574809,0.0184071048853194,251.118063468068,264.698726018421
27.77,-0.168223782836499,-1.72067820873963,1.00211162143178,-0.000925391606693574,-0.0875569658941482,0.69680266069371,0.399136177754328,0.331227077807502,-0.032687209678953,-0.172519076009361,0.0329310717044701,0.313020893607672,-0.0111016180574809,0.0184071048853194,251.118030834875,264.69889307141
27.78,-0.167251584384011,-1.71554868747122,1.00209092573941,-0.00293973868742622,-0.0871667375358235,0.699944242073792,0.407403648433027,0.329518192866685,-0.032514803530069,-0.175837938361511,0.045196937632952,0.313047301319455,-0.00682348162731189,0.0281070460969916,251.120904419012,264.702365944134
27.79,-0.16622030568278,-1.71037718742719,1.00206949895616,-0.00498565776547871,-0.086647479262848,0.703084720820163,0.415625585013265,0.327585815921788,-0.0322818078557124,-0.179130597204293,0.0574679722925524,0.313080759292322,-0.00682348162731189,0.0281070460969916,251.126358318975,264.708831078262
27.8,-0.16513091716674,-1.70516599657168,1.00204751528311,-0.00705547142244666,-0.0859834122929928,0.706223503138172,0.423400978489935,0.325575064330525,-0.0319721926669267,-0.180851598246003,0.0732189043469575,0.313121962868747,-0.00373013083440323,0.0362339302851778,251.134292244555,264.718205422085
27.81,-0.163984856493797,-1.69991765260793,1.00202519729519,-0.00913983066824151,-0.0851553289925558,0.709359883534252,0.431102426275667,0.323336804709479,-0.0315917190942582,-0.182538904722174,0.0889735836213622,0.313171707445426,-0.00373013083440323,0.0362339302851778,251.144371131768,264.73014610939
27.82,-0.162781371047147,-1.69463332941311,1.00200264415092,-0.0112330910369094,-0.0841682784381651,0.712493274655904,0.438840105165865,0.320970714016926,-0.0311478060066985,-0.183136683321513,0.10359373539641,0.313229275753099,-0.00161046547369877,0.0335731274013123,251.156511984881,264.744554459001
27.83,-0.161519779873152,-1.68931414587857,1.00197997461112,-0.013328596073894,-0.0830284814586175,0.715623128045011,0.446470910691778,0.318374762569479,-0.0306394511621731,-0.183703105373024,0.118216513763841,0.313293806133941,-0.00161046547369877,0.0335731274013123,251.170682630399,264.761356723697
27.84,-0.160198739049292,-1.68396099907626,1.00195728405515,-0.0154224954915635,-0.0817492398459334,0.718749041341106,0.454309452708998,0.315613429143666,-0.0300827615470255,-0.183562473645415,0.129880832761801,0.313364091495776,-0.000250017043703496,0.0266527477697088,251.186782046189,264.780374278131
27.85,-0.158816793396157,-1.67857460361431,1.00193467443975,-0.0175103753854118,-0.0803468395650767,0.72187073205802,0.462011315128032,0.312621677998646,-0.0294758054847323,-0.183396725708402,0.141546780944079,0.313438796715816,-0.000250017043703496,0.0266527477697088,251.204895135967,264.801591107596
27.86,-0.157372654837773,-1.67315605480538,1.00191227249231,-0.0195898359057595,-0.0788352111523099,0.724987988456382,0.469908718812206,0.309437783279809,-0.0288333247296471,-0.182813432034575,0.150121314084064,0.313516957702474,0.000542482720299936,0.0194274561477617,251.224876116899,264.824721154342
27.87,-0.155864877540807,-1.6677062516692,1.0018902054802,-0.0216582020348357,-0.0772313927574057,0.72810073989622,0.477645492457089,0.306024540356558,-0.0281561558984951,-0.182211567972415,0.158696624327657,0.313597587713208,0.000542482720299936,0.0194274561477617,251.246798394519,264.84968665736
27.88,-0.154292421493812,-1.6622266020516,1.00186864161815,-0.0237141640966507,-0.0755474086710141,0.731208923430515,0.485509081355695,0.302401403560445,-0.0274555380221125,-0.181401804003212,0.164608338694193,0.313680301220449,0.000926939971125559,0.0132066279188719,251.270457489171,264.876106008899
27.89,-0.152654092809563,-1.65671834247985,1.00184774606051,-0.0257563242449368,-0.0737979554887334,0.734312612007685,0.493193955782587,0.298551190895439,-0.0267346781179654,-0.180579131351051,0.170520148452661,0.313764772154133,0.000926939971125559,0.0132066279188719,251.295854183423,264.903808480444
27.9,-0.150949125730412,-1.65118318116158,1.00182772573709,-0.0277841467763845,-0.071992538008532,0.737411847248624,0.50092741550004,0.294480418729042,-0.0260016282184727,-0.179693323261454,0.174330520589319,0.313851280750779,0.0010315785719691,0.00830229584815111,251.322722039655,264.932348507278
27.91,-0.149176621721436,-1.64562269019362,1.00180878155267,-0.0297971256200425,-0.0701427654893716,0.74050679072932,0.508469057302871,0.290185619884714,-0.0252606181541896,-0.178799095918756,0.178140494577933,0.313940197066886,0.0010315785719691,0.00830229584815111,251.350966658703,264.961472999192
27.92,-0.147336057087413,-1.64003882615929,1.00179114872961,-0.0317952424459424,-0.0682557400042143,0.743597554247745,0.515988567589217,0.285664927980609,-0.0245172552154484,-0.177935778168927,0.180383801476095,0.314032396522245,0.000955872888181554,0.00464878349649464,251.380265950091,264.990710142721
27.93,-0.145426800716087,-1.63443344396833,1.00177504768513,-0.0337785777931938,-0.0663401293071149,0.746684350144756,0.523307059612597,0.280923682271175,-0.0237739837749031,-0.177067416365716,0.182626372327248,0.314128805794305,0.000955872888181554,0.00464878349649464,251.407223296384,265.016393178133
27.94,-0.143448524938457,-1.62880869061359,1.00176069526851,-0.0357474324342177,-0.0644009995777868,0.749767336372805,0.530545297191346,0.275955058961666,-0.0230311498998098,-0.176285652385549,0.183754540227629,0.314230693224485,0.00077467603531525,0.00205210127158273,251.430247577106,265.036771819336
27.95,-0.141400820165332,-1.6231666411408,1.00174826218813,-0.0377022410974669,-0.0624445276108567,0.752846751668513,0.53757619082597,0.270769501693677,-0.0222890180330885,-0.175501277300165,0.184881801544493,0.314339356597468,0.00077467603531525,0.00205210127158273,251.449638400647,265.052105962292
27.96,-0.139283509144009,-1.61750958024192,1.00173790091014,-0.0396434772110141,-0.0604741586324759,0.755922784339859,0.544481512645799,0.265357713707918,-0.0215473070187766,-0.174831314420937,0.185253998404331,0.314456308072548,0.000542030431376744,0.00029391542761834,251.465627913602,265.062618530169
27.97,-0.137096352321791,-1.61183974363536,1.00172972252182,-0.0415717596109339,-0.05849408698969,0.758995685362006,0.551175176201551,0.259732580849825,-0.0208062020073294,-0.174160381066736,0.185625354798791,0.31458302117424,0.000542030431376744,0.00029391542761834,251.478484205612,265.06860327361
27.98,-0.134839280302367,-1.60615950956981,1.00172381773063,-0.0434876303445748,-0.0565065206507895,0.762065663163907,0.557709208655341,0.25388406912342,-0.0200652483716521,-0.173612236414958,0.185515142771188,0.314721036571855,0.000295380420377333,-0.000826855431019831,251.488424853997,265.070334033161
27.99,-0.132512177255786,-1.60047122485094,1.00172024098024,-0.0453917728902486,-0.0545141424899425,0.765132972332408,0.564028624942292,0.247825668443111,-0.0193245106565057,-0.173064148893716,0.185404274724139,0.314871783002015,0.000295380420377333,-0.000826855431019831,251.495687419468,265.068136256924
28,-0.13011504687353,-1.59477732716746,1.00171902551589,-0.047284727941563,-0.0525182498753778,0.768197833645238,0.570163574129808,0.241547749552759,-0.018583553605221,-0.172634457546463,0.185012491139316,0.315036630565155,5.91574712246587e-05,-0.00148039549398327,251.50047276864,265.062325630398
28.01,-0.127647858819353,-1.58908023563759,1.00172017327405,-0.049167164260685,-0.0505204146502103,0.771260499219358,0.576081807142459,0.235063215053191,-0.017842380054754,-0.172205397166632,0.184620275203737,0.315216772035086,5.91574712246587e-05,-0.00148039549398327,251.502990989908,265.053252530782
28.02,-0.125110662591255,-1.58338242215588,1.00172366545721,-0.0510395776845078,-0.0485212882450789,0.774321195224534,0.581797961256705,0.228363525821942,-0.0171006969438323,-0.1718827068907,0.18408896343974,0.315413243901729,-0.000152177126071725,-0.00180390391194805,251.503426311974,265.041261981085
28.03,-0.122503483072783,-1.57768634913771,1.00172945671416,-0.052902573852859,-0.0465216555336451,0.777380166032917,0.587295790452046,0.22146030132772,-0.0163585396164775,-0.171560900446107,0.183557435568729,0.315626855882668,-0.000152177126071725,-0.00180390391194805,251.501965591446,265.02671907573
28.04,-0.119826394784,-1.57199450476675,1.00173748247636,-0.0547565800752437,-0.0445217291633312,0.780437636218191,0.59257939566144,0.214346439528553,-0.0156158363918685,-0.171329612533732,0.182982738455691,0.315858195004268,-0.000331523632607893,-0.00190426717873172,251.498778150116,265.009983752478
28.05,-0.117079454558631,-1.56630937388584,1.00174765614648,-0.0566021135087758,-0.0425217603850463,0.78349383709922,0.597643298685316,0.207031946200042,-0.0148727487461097,-0.17109924643098,0.182408010528817,0.3161075929861,-0.000331523632607893,-0.00190426717873172,251.49403245942,264.991423581195
28.06,-0.114262839866086,-1.56063335486936,1.00175988179551,-0.058438139201331,-0.0405216822104537,0.786548984947406,0.60248488172046,0.199540745115883,-0.0141297354000847,-0.170634792808785,0.181851092679811,0.316375037162975,0.000138859476680026,-0.00186235807653513,251.487881742413,264.971394302067
28.07,-0.111376737379734,-1.55496882537287,1.00177404778401,-0.0602633853766934,-0.0385214154208146,0.789603296000122,0.607105535757421,0.191851899205654,-0.0133874145780448,-0.170171215275117,0.18129385479175,0.31666023542215,0.000138859476680026,-0.00186235807653513,251.48046569647,264.95023664812
28.08,-0.108421949678487,-1.54931755987331,1.00179007840416,-0.0620675654459564,-0.0365207527181481,0.792656978502055,0.611498941956286,0.1841865373163,-0.0126474512008597,-0.16741847689247,0.180788368915136,0.316962082166834,0.00472462071754063,-0.00173751058162155,251.471903360568,264.928264161336
28.09,-0.105399440646154,-1.54368117230455,1.00180790010173,-0.0638381024534762,-0.0345195007300297,0.795710252567829,0.615670774115462,0.176328560677006,-0.0119126819694254,-0.164666857756543,0.180279342582865,0.317279089278238,0.00472462071754063,-0.00173751058162155,251.462223461089,264.905683371365
28.1,-0.102310080144692,-1.53806112280967,1.00182742213167,-0.0655622254341225,-0.0325190735695299,0.798763442918046,0.619652476870334,0.168554380050056,-0.0111840126157368,-0.159073505263037,0.179480800962684,0.317609453460931,0.0104202125704818,-0.00240092823879635,251.451549925523,264.882781624993
28.11,-0.0991549299303185,-1.53245863047098,1.00184856224258,-0.0672243329158925,-0.0305212526548696,0.801816915503805,0.623412359763524,0.160597553619403,-0.0104668883033643,-0.153482391236342,0.178674741003174,0.317950997030907,0.0104202125704818,-0.00240092823879635,251.439907273425,264.85972160425
28.12,-0.0959344800360331,-1.52687491928875,1.00187119170076,-0.0688137041088885,-0.0285313811171542,0.804871286192124,0.627076806343981,0.152694221407941,-0.00976232862245378,-0.145500199599899,0.176728028197125,0.318301521323358,0.0152188598455181,-0.00504370460856498,251.427439776389,264.836769222066
28.13,-0.0926493327495929,-1.52131091086273,1.00189518897198,-0.0703172657098358,-0.0265560003644568,0.807927276436562,0.6305204450701,0.144623315558886,-0.00907897276070795,-0.137523144097849,0.174770568034246,0.318658532857842,0.0152188598455181,-0.00504370460856498,251.414226845482,264.814105589063
28.14,-0.0892996170053353,-1.51576783834834,1.00192039387991,-0.0717286121193466,-0.0246024756185135,0.810985687155712,0.633918627042864,0.136532787369651,-0.00841794143278985,-0.128102753033731,0.171241407379816,0.319019864784644,0.0181259476062311,-0.00868851548807481,251.400414746587,264.79197045686
28.15,-0.0858854826524011,-1.51024663631862,1.00194665040805,-0.0730399430427465,-0.0226797693962799,0.814047447991824,0.637099579051971,0.128293677991992,-0.00778842905411066,-0.118691144810155,0.167699639396323,0.319383160255748,0.0181259476062311,-0.00868851548807481,251.386121738119,264.770569015176
28.16,-0.0824067943472629,-1.5047486531605,1.00197377827689,-0.0742496061147203,-0.0207956309948054,0.817113415365337,0.640248376237484,0.119955780819708,-0.00719189661350016,-0.10887866186101,0.162511870855828,0.31974647205176,0.0189507473624147,-0.0125053628846246,251.371473256545,264.750115867491
28.17,-0.0788633572648025,-1.49927498143121,1.00200159846766,-0.0753555941010322,-0.0189594496333234,0.820184564323109,0.643186679296606,0.111490291303163,-0.00663622707151628,-0.0990785614148099,0.157311060517303,0.320107728088426,0.0189507473624147,-0.0125053628846246,251.356599601088,264.730835599668
28.18,-0.0752549048843911,-1.49382710506425,1.00202992362612,-0.0763602924688654,-0.0171780236688855,0.823261674178145,0.646077251233091,0.102863011086449,-0.00612319383462255,-0.0897611437976258,0.150678972329422,0.320465155865648,0.0180099922339479,-0.0158213120230683,251.341588128688,264.712917971407
28.19,-0.0715810562370087,-1.48840631458252,1.00205856577808,-0.0772666039292523,-0.0154595523507041,0.826345609203641,0.648767184982131,0.0941291875966005,-0.00565837481794814,-0.0804590819495901,0.14403455146478,0.320816870071481,0.0180099922339479,-0.0158213120230683,251.32655713808,264.696593325746
28.2,-0.0678415418645635,-1.4830142028441,1.00208734299546,-0.0780797061674862,-0.0138089353970198,0.829436959961468,0.65137402070835,0.0851960136267553,-0.00524362512306692,-0.0722484925550511,0.136377944670213,0.321161088011061,0.0158525631852855,-0.0181602123994615,251.311549422831,264.682022525556
28.21,-0.0640359531592754,-1.47765223795113,1.00211607209989,-0.0788058862084546,-0.0122320398560235,0.832536355049471,0.653792648081958,0.0761758766342653,-0.00488184454549735,-0.0640552416288363,0.128710446325357,0.321495897913471,0.0158525631852855,-0.0181602123994615,251.296657240509,264.669421055821
28.22,-0.0601641145074164,-1.47232207391903,1.00214458704121,-0.0794517909307138,-0.0107313498393861,0.83564412241073,0.656082675015948,0.0669445146890123,-0.00457471219530752,-0.0572716215537622,0.120560595411804,0.321819308857536,0.013059243783783,-0.0192639627017474,251.281884220521,264.658911649169
28.23,-0.0562257140167108,-1.46702530598985,1.00217272099939,-0.0800254759184624,-0.0093097817537582,0.83876057713462,0.65819860915145,0.0576433370302488,-0.0043224424145309,-0.0505061683556,0.11240163219679,0.322129194702241,0.013059243783783,-0.0192639627017474,251.267294574824,264.650670693048
28.24,-0.0522207245258118,-1.46176359566091,1.00220033116032,-0.0805339226482842,-0.00796730349965183,0.841885754578069,0.660139368282078,0.0481399757042753,-0.00412632358557177,-0.0452205297051892,0.104310403370996,0.32242325111747,0.0101254279697412,-0.0190854472501304,251.252867805541,264.644770237001
28.25,-0.0481490059157981,-1.45653860327909,1.00222727516858,-0.0809855732748476,-0.00670376713327112,0.845019629824159,0.661920791217974,0.0385810946546719,-0.00398414111629918,-0.0399527397689753,0.096211879980304,0.322699072961883,0.0101254279697412,-0.0190854472501304,251.238648481237,264.641324564426
28.26,-0.0440106933113465,-1.45135194644557,1.00225343732427,-0.0813869136153285,-0.00551687586488781,0.848161956367081,0.663486856110869,0.0288433144922547,-0.00389661691891927,-0.0360548498234162,0.0886748062359323,0.322954083750778,0.00741058134269034,-0.0177563910894855,251.224612065297,264.640342634891
28.27,-0.0398058439040571,-1.44620528745292,1.00227870390921,-0.081745764775088,-0.00440372987359033,0.851312388923744,0.664907955333004,0.0190614736509479,-0.00385960516073111,-0.0321734852668044,0.0811321067771626,0.323185692528541,0.00741058134269034,-0.0177563910894855,251.210798204904,264.641859591983
28.28,-0.0355347367627782,-1.44110015522408,1.00230298709878,-0.0820676076370419,-0.00336027388293675,0.854470441515914,0.666085116188748,0.00913165755977938,-0.00387313144939502,-0.0294430581030213,0.074532708385244,0.323391236263973,0.00513193407933633,-0.0155381457998496,251.197198104802,264.645812634595
28.29,-0.0311976114229215,-1.43603815572185,1.00232620246079,-0.0823590282222863,-0.00238147648071398,0.857635503394725,0.667130424951713,-0.000833294190867955,-0.00393180371357179,-0.0267270622030327,0.0679291108405268,0.323568167464167,0.00513193407933633,-0.0155381457998496,251.183862214026,264.652149880423
28.3,-0.0267948519369262,-1.43102069339918,1.00234828857811,-0.0826242752952315,-0.00146217290154297,0.860806911923569,0.667917526941026,-0.0109131653411438,-0.00403490946009021,-0.0248959304580985,0.0625076854164663,0.323714023630294,0.00338283028416952,-0.0127647654515931,251.170812268966,264.660734562785
28.31,-0.0223268379197481,-1.42604926830317,1.00236918846278,-0.0828684306506502,-0.000595992480950781,0.863983868064492,0.66858400899684,-0.0210213263533442,-0.00417656488524788,-0.0230766522446437,0.0570832138568906,0.323826609739473,0.00338283028416952,-0.0127647654515931,251.158121308701,264.671430038271
28.32,-0.0177940103490218,-1.42112513503668,1.00238886442201,-0.0830945021225629,0.000222656416720187,0.867165604868565,0.668992652262784,-0.0312132416536868,-0.00435540960285554,-0.0218764830404063,0.0529295561423278,0.323903990110759,0.00216190279601642,-0.00978716101160509,251.145848454453,264.684031179134
28.33,-0.0131968330838177,-1.41624964946392,1.00240728376454,-0.0833060640731253,0.00100065178319703,0.870351221877778,0.669289687122619,-0.0414281833187182,-0.00456575085190468,-0.0206854081090486,0.0487737340709185,0.323944643384969,0.00216190279601642,-0.00978716101160509,251.134093901681,264.698328197509
28.34,-0.00853575655922856,-1.41142390206334,1.00242442942397,-0.0835050233983984,0.00174338887156402,0.873539920520596,0.669342228216056,-0.0517001324763577,-0.00480580660434034,-0.0198798020546885,0.0458402724222051,0.323947463341093,0.0014044836753263,-0.0069253734568876,251.122952209844,264.714060916177
28.35,-0.00381127188922829,-1.40664907887145,1.00244028228792,-0.0836936239189983,0.0024574945425158,0.87673078456085,0.669289883652072,-0.0619909659610781,-0.00506844514402684,-0.0190806468886232,0.0429053394716788,0.323911845375213,0.0014044836753263,-0.0069253734568876,251.108587589337,264.726823055765
28.36,0.000976391754153408,-1.40192586798615,1.0024548044784,-0.0838728989688883,0.00314497099966563,0.879923276120426,0.669083589328321,-0.0723177939099791,-0.0053496450431121,-0.0184834681472016,0.0404329165077824,0.323837678201766,0.00101148274045205,-0.00584156458219259,251.090633660659,264.735807417585
28.37,0.00582699914656024,-1.39725498338076,1.00246792968716,-0.0840440632785424,0.00380828986134892,0.883116816987667,0.668777518700338,-0.0826603226932961,-0.00564484780807955,-0.0178917828927223,0.0379595043415806,0.323725455229186,0.00101148274045205,-0.00584156458219259,251.069873938437,264.741398769754
28.38,0.0107408247034821,-1.39263639431844,1.00247957234045,-0.0842075648311031,0.0044421352697246,0.886311490680029,0.668504794841602,-0.093023986286303,-0.00595454053632392,-0.0173756486898939,0.0343144586910448,0.323576212021273,0.000873373929120162,-0.00857741722819006,251.047127291804,264.744021384922
28.39,0.0157182429789852,-1.38806994481581,1.00248962906015,-0.0843639621235062,0.00504002898374087,0.889507492971541,0.668137971928767,-0.103401145357106,-0.00628237305227578,-0.0168676416114946,0.0306686391365804,0.323391556756632,0.000873373929120162,-0.00857741722819006,251.02323024071,264.744144453505
28.4,0.0207599851208431,-1.38355495630369,1.00249798146021,-0.0845134283331369,0.00559019254221994,0.892705489173563,0.667972532193891,-0.113790266413441,-0.00663161572962653,-0.0163626321160909,0.024408365705044,0.32317358037934,0.000888905542685113,-0.0146856000461809,250.998932929841,264.742195357218
28.41,0.0258669860210611,-1.3790904798531,1.00250450269615,-0.0846562202311751,0.00607824673000763,0.895906390975211,0.667722192333421,-0.12419144204761,-0.00701456185523862,-0.0158715496356136,0.0181475033415771,0.322924794746642,0.000888905542685113,-0.0146856000461809,250.975022992307,264.738708914838
28.42,0.031040276009199,-1.37467539253005,1.00250905326195,-0.0847924899595416,0.00648861517470774,0.899111243987915,0.667779797565849,-0.134599895921099,-0.00743405639975334,-0.0153536291961509,0.00842356120072756,0.322648021433633,0.000977556057083772,-0.0227787088761447,250.952104063595,264.734117651466
28.43,0.0362811603413683,-1.37030819987808,1.00251149147148,-0.0849224665488578,0.00680227550067707,0.902321419233269,0.667767478184487,-0.145019497151686,-0.0079102036744817,-0.0148572646697195,-0.00130076493360061,0.322346251470955,0.000977556057083772,-0.0227787088761447,250.930826320861,264.729000579148
28.44,0.0415907918840458,-1.3659875641922,1.00251167152824,-0.0850464468049879,0.00700299149287293,0.905538087047826,0.668098090701652,-0.155444733361126,-0.00844347824583613,-0.0143324454302265,-0.0146372023446021,0.322022526737191,0.00108498916351753,-0.0312227994131583,250.911597807893,264.723795962577
28.45,0.0469706264419945,-1.36171173334836,1.00250944919866,-0.0851648017030844,0.00707093238726772,0.908762756774693,0.668380541936915,-0.165880559784479,-0.00905897820097588,-0.0138370715997353,-0.0279739085080511,0.321679759700244,0.00108498916351753,-0.0312227994131583,250.894874635226,264.719098056276
28.46,0.0524217887590356,-1.35747935602478,1.00250469255727,-0.0852780465779032,0.00699206361892216,0.911996476477563,0.668976513473519,-0.176322044611827,-0.00975519706993034,-0.0133255546924866,-0.0444336414819041,0.321320626874351,0.00118251072022086,-0.0385257711648646,250.880855667296,264.715341972846
28.47,0.0579456918411042,-1.35328868186699,1.00249727432615,-0.0853867612509576,0.00674924238927722,0.915240586620502,0.669552569776,-0.186773786862588,-0.0105574266931515,-0.0128502175349989,-0.0608937785969018,0.320947393345883,0.00118251072022086,-0.0385257711648646,250.869780103003,264.71309551256
28.48,0.0635433308007329,-1.34913848806831,1.00248709830179,-0.0854916741451782,0.00633276300722512,0.918495815850197,0.670365643750667,-0.197231780517004,-0.0114641727755182,-0.0123732998689422,-0.0795131225191156,0.320561838603492,0.0012623472940688,-0.0435753733096869,250.861658319402,264.71277121006
28.49,0.0692159395237162,-1.34502721659194,1.00247407697468,-0.0855935556188413,0.00573077018607622,0.921763093471952,0.671192125682423,-0.207699848200368,-0.0124954981620597,-0.0119371055649683,-0.0981333523824539,0.320165124721657,0.0012623472940688,-0.0435753733096869,250.856523598404,264.714862009565
28.5,0.0749625640954413,-1.34095511209039,1.00245829517412,-0.0856863870527517,0.00495762511254912,0.925041109313826,0.671691515029966,-0.218027447061623,-0.0136561794996436,-0.00997575892164207,-0.113545021897019,0.319758102241095,0.00439659655604862,-0.0360654687763806,250.854169916205,264.719651419056
28.51,0.0807820141117913,-1.33692247965297,1.00243988244445,-0.0857624747143888,0.00403084031774066,0.928328273773036,0.67223801763712,-0.22836244041522,-0.0149203380597321,-0.00804778623508557,-0.128960289838106,0.319341113131087,0.00439659655604862,-0.0360654687763806,250.854206267089,264.727210809053
28.52,0.0866728015404407,-1.33292928457711,1.0024190069838,-0.0858094779837852,0.00296835985661049,0.931622942515799,0.672396985791185,-0.238422146220698,-0.0162862158437161,-0.00322130593723043,-0.140353409362514,0.318914235014314,0.0102685553004078,-0.0266489418693001,250.856448792669,264.737757011481
28.53,0.092633005390672,-1.32897556765683,1.00239589323151,-0.0858119804896549,0.00179205085219354,0.934923099013026,0.672630463366055,-0.248482908789263,-0.017723818200894,0.00158114906569447,-0.151754492749147,0.318477331354198,0.0102685553004078,-0.0266489418693001,250.860503300023,264.751193620906
28.54,0.0986611785001648,-1.32506075701934,1.00237074267196,-0.0857550001760035,0.00051772449635134,0.938227213367575,0.672549756945998,-0.258208207828989,-0.0192232832143094,0.00982741921051808,-0.15958253810306,0.318030024816298,0.0172152345109696,-0.018275728716766,250.866283808638,264.767629479867
28.55,0.104755379828832,-1.3211843005341,1.00234381164655,-0.0856199542266732,-0.000835343688393896,0.941533408761959,0.67256398808629,-0.267922949764482,-0.020761828705896,0.0180582960737604,-0.167423368628251,0.317572001145719,0.0172152345109696,-0.018275728716766,250.873515306533,264.786865663846
28.56,0.110914432888455,-1.31734516679599,1.00231531569546,-0.0853924137296496,-0.00225483618098751,0.944840369328362,0.672364242579821,-0.277303853757293,-0.0223246415836815,0.0295718629654173,-0.172439519347497,0.317102739770271,0.0238216772069224,-0.0116428927121469,250.882200990615,264.808881239622
28.57,0.117136681299663,-1.31354229439091,1.00228551831544,-0.0850545427485867,-0.00372570545644181,0.948146497439332,0.672273898031095,-0.286656777579965,-0.0238968939369886,0.0410772076537585,-0.177472817405683,0.316621992843437,0.0238216772069224,-0.0116428927121469,250.892187747001,264.833397593649
28.58,0.123421315150493,-1.30977434397598,1.0022546419167,-0.0845950248534409,-0.00523904680612124,0.951450693148943,0.672062842280562,-0.2957254115371,-0.0254632482336609,0.0551426726646673,-0.180414142605152,0.316129367111424,0.0289652132006339,-0.00671387998168201,250.903532755827,264.86026862919
28.59,0.129767108689668,-1.30603992450828,1.00222294761111,-0.0839998922682618,-0.00678392740676664,0.95475165006592,0.671971006999494,-0.304743373716045,-0.0270143571378345,0.0692054551971811,-0.183375830857033,0.315624874328496,0.0289652132006339,-0.00671387998168201,250.916176995802,264.889160085344
28.6,0.13617364179238,-1.30233752508574,1.0021906628335,-0.0832626640586016,-0.00835430960244099,0.958048464875269,0.671835145541218,-0.313557701021431,-0.0285383495221512,0.0847306306767679,-0.18486402721718,0.31510847997476,0.031897621306028,-0.00322421086420339,250.930194759062,264.91982044485
28.61,0.14264017588485,-1.29866559077952,1.00215804383707,-0.0823753351921409,-0.009942705692016,0.961340099688367,0.671824907063996,-0.322294813830965,-0.0300284964897537,0.100257044264642,-0.186374220297004,0.314580615281448,0.031897621306028,-0.00322421086420339,250.945590842236,264.951887804309
28.62,0.149167536763503,-1.29502314784817,1.00212526640649,-0.0813483124484561,-0.01154528713117,0.964625832108501,0.671829472405855,-0.331161712150528,-0.0314896130178769,0.113476762492982,-0.186894883057503,0.314041070217744,0.0272731672760463,-0.000866892663617275,250.962470878845,264.985078056257
28.63,0.155756554853307,-1.29140934706253,1.00209251451521,-0.0801942756614574,-0.0131571417194117,0.967904881506455,0.67196288837165,-0.339924448359994,-0.0329134375553109,0.126699527416794,-0.18743391971338,0.313489935823132,0.0272731672760463,-0.000866892663617275,250.981055372586,265.019212037617
28.64,0.162408255287684,-1.28782309741878,1.00205997234149,-0.0789275089034458,-0.0147759495723712,0.971176712831927,0.672154127362276,-0.348875769429676,-0.0343085937328302,0.136744378867592,-0.187343493553647,0.312927804788306,0.0209053314456757,0.000639148559101786,251.001410417817,265.053939494816
28.65,0.169123776953475,-1.28426346625658,1.00202782408087,-0.0775654581973865,-0.0163986436768835,0.974440781385524,0.672475894147141,-0.357700871408678,-0.0356701919000559,0.146792904587951,-0.187266698358968,0.312355572687487,0.0209053314456757,0.000639148559101786,251.023771510009,265.089091664266
28.66,0.17590396714356,-1.28072906248071,1.00199628215881,-0.0761214269107733,-0.0180239321830303,0.977696729054113,0.672886247274835,-0.366675176298122,-0.0370060616235693,0.153876304045472,-0.186820361417748,0.311775017512779,0.0149666670255279,0.00152759444976178,251.048130735314,265.124257531103
28.67,0.18274980849829,-1.27721863821732,1.00196555498033,-0.0746116785789103,-0.0196500470790175,0.980944219169412,0.673428073173563,-0.375507142568129,-0.0383151827351872,0.160963375497763,-0.18638332183874,0.311188222049658,0.0149666670255279,0.00152759444976178,251.074645148314,265.15922548546
28.68,0.189661871107408,-1.27373049948427,1.00193588589985,-0.073047083898814,-0.0212763841993662,0.98418305619932,0.674079936856471,-0.384423466141558,-0.0396037373417312,0.165623719344893,-0.185758369789569,0.310598155047895,0.0101082537929919,0.00198321238183372,251.103215997203,265.19355202307
28.69,0.196640849263692,-1.27026306688522,1.00190751153828,-0.0714409420427639,-0.022902065751072,0.987413085824461,0.674863904998045,-0.393186739261827,-0.0408732279726793,0.170287426040935,-0.185139235649095,0.310008037446155,0.0101082537929919,0.00198321238183372,251.133880531814,265.226983972361
28.7,0.203687039072824,-1.26681439571804,1.0018806996294,-0.0698015223456468,-0.0245269313642329,0.990634261676794,0.675772423683569,-0.401970651963979,-0.0421283355243732,0.173102230576796,-0.184454221009336,0.309421803693377,0.00640776575901338,0.00214734831570698,251.166445268151,265.259082086059
28.71,0.210800838906336,-1.26338262672954,1.00185570847341,-0.0681389487085455,-0.0261506905890307,0.993846590164774,0.676813582389551,-0.410595218781947,-0.0433716087214311,0.175919969439679,-0.183772435250515,0.308843529099266,0.00640776575901338,0.00214734831570698,251.200667107591,265.28941915887
28.72,0.217982308432788,-1.25996562640708,1.00183280963868,-0.0664591865183796,-0.0277734528957216,0.997050161575838,0.677988734201718,-0.419186795946328,-0.0446040719259794,0.177401778689907,-0.183102475683834,0.308277724863444,0.00373447426839885,0.00212545944103464,251.232098766734,265.313239542586
28.73,0.225231583722668,-1.25656132122005,1.00181222940036,-0.0647695454293191,-0.0293952945259269,1.00024512362087,0.679297088349388,-0.427616122235981,-0.0458246225762292,0.178885963870032,-0.182433989893798,0.307728879986937,0.00373447426839885,0.00212545944103464,251.260097328687,265.329832967675
28.74,0.232548529859316,-1.25316744439893,1.00179416967622,-0.0630741184310349,-0.0310164734651206,1.0034316896985,0.68074527913291,-0.435970813605442,-0.0470323160748034,0.179452233067545,-0.181822935016833,0.307201683913416,0.00189751930948914,0.00199408900422035,251.284902794533,265.33948472025
28.75,0.239933066889208,-1.24978176970921,1.00177878530853,-0.0613779249570669,-0.0326372752433526,1.00661013016494,0.682327315818271,-0.444162794057132,-0.0482264821884472,0.180020466556169,-0.181212214896835,0.306700653684689,0.00189751930948914,0.00199408900422035,251.306774763489,265.342573512738
28.76,0.247384909160827,-1.24640194335405,1.00176620537945,-0.0596836128338789,-0.0342580242904566,1.00978076665477,0.684052562640472,-0.452249624548527,-0.0494061861066549,0.179994132864737,-0.18068212942493,0.306230242670625,0.000706923509071129,0.00180657924640738,251.32590606736,265.339478243409
28.77,0.254903808400996,-1.24302563754085,1.0017565174699,-0.0579944329630427,-0.0358791074594124,1.01294397261985,0.68591238573034,-0.460174995993813,-0.0505709465021688,0.179969457197118,-0.18015168643784,0.305794561875017,0.000706923509071129,0.00180657924640738,251.342494574449,265.330649335514
28.78,0.26248980043383,-1.23965071842092,1.00174975316623,-0.0563173198428588,-0.0375008556874399,1.01610016101893,0.687916984120926,-0.468087964984134,-0.051722218146587,0.178399981141555,-0.179709173028458,0.305397096199993,-0.00238061139193826,0.00159910896892635,251.356702876531,265.316560783019
28.79,0.27014304607263,-1.23627512859708,1.00174590253812,-0.0546607604756379,-0.0391236439542422,1.01924979491788,0.690056613682384,-0.475842276515116,-0.052862905921154,0.176832060230976,-0.179264307682592,0.305040770651812,-0.00238061139193826,0.00159910896892635,251.368734517529,265.297781584286
28.8,0.277863891974967,-1.23289694291793,1.00174491146937,-0.0530355510151775,-0.0407477255467052,1.02239336782364,0.692341207909112,-0.483670364575877,-0.0539962067031575,0.172863454905895,-0.178903527744008,0.304727831476214,-0.00717848359760664,0.00139469297602676,251.378719141522,265.274845848748
28.81,0.285652897311717,-1.2295143629422,1.00174668464396,-0.0514548940071454,-0.0423733725201106,1.02553141816393,0.694761014357225,-0.491345869486034,-0.055129264066686,0.168896661837093,-0.178537233961627,0.304459802640733,-0.00717848359760664,0.00139469297602676,251.386865118038,265.248402590779
28.82,0.293510527377135,-1.22612554856271,1.0017511068404,-0.0499306079784844,-0.0440007031868988,1.02866450494291,0.697325138764768,-0.499125132290384,-0.0562655232481469,0.162303739423933,-0.178244860603897,0.304237674628459,-0.0124296105510138,0.00120620352682363,251.393267053021,265.219003140625
28.83,0.301437500770273,-1.2227288087672,1.00175802444226,-0.048477141666594,-0.0456298422353235,1.031793221353,0.700024508393017,-0.506762557222604,-0.057415265276289,0.155713142751476,-0.177943500795682,0.304061647842837,-0.0124296105510138,0.00120620352682363,251.39811682244,265.187312989503
28.84,0.309434259497039,-1.21932230022534,1.00176728330575,-0.0471050504170726,-0.0472607569504984,1.03491816961005,0.702867170426535,-0.514490094000057,-0.0585815744127397,0.146778290256441,-0.177703539285495,0.303931515965732,-0.0171211162288408,0.00103909327308026,251.401479020963,265.153866316977
28.85,0.317501497948382,-1.21590432671819,1.00177869599135,-0.0458272373844774,-0.0488934206729659,1.03803997158904,0.705845041676648,-0.52209147197604,-0.0597758998887636,0.137846299875003,-0.177451488058119,0.303846297911145,-0.0171211162288408,0.00103909327308026,251.403514509038,265.119292633645
28.86,0.325639543060194,-1.21247298723233,1.00179208838389,-0.0446513667103838,-0.0505276639584229,1.04115924555669,0.708965100847626,-0.529739407436473,-0.0610010507271249,0.127213276393269,-0.177248671935637,0.303804709545685,-0.0205296645545889,0.000893876191841329,251.404266582738,265.084084068452
28.87,0.333848939536703,-1.20902650669627,1.00180726017133,-0.0435868075477606,-0.0521633329063256,1.04427661285471,0.712220309857739,-0.537281142814074,-0.0622672758962937,0.11658344915286,-0.177031512216295,0.303804772944736,-0.0205296645545889,0.000893876191841329,251.403856336267,265.048794227295
28.88,0.34212985646405,-1.20556290349578,1.00182403127344,-0.0426374246391122,-0.0538001553128533,1.04739267831072,0.715616695293541,-0.544810234558323,-0.0635773839634545,0.105097389682203,-0.176853394450585,0.303844283814199,-0.0222497649063691,0.000768227376693842,251.402316795882,265.013857607542
28.89,0.35048262286983,-1.20208028806624,1.00184220380463,-0.0418079437052502,-0.0554378904716951,1.05050803291825,0.719148169662442,-0.552256067125071,-0.0649384192393769,0.0936145294538636,-0.176659796104132,0.303920471139664,-0.0222497649063691,0.000768227376693842,251.39972838403,264.979727219469
28.9,0.358907250531417,-1.19857660184772,1.00186159989084,-0.0410982160043082,-0.0570762071130452,1.05362323891712,0.722819976033725,-0.559627651145164,-0.0663532295722072,0.0821676879990693,-0.176497714124175,0.304030388870366,-0.022183744680578,0.000658623233427729,251.396125907955,264.946772256772
28.91,0.367403841588221,-1.19504983851971,1.00188203250815,-0.0405080619730845,-0.0587148241223274,1.05673882909718,0.726626815096709,-0.566940263302272,-0.0678246072020887,0.070723710821478,-0.176320197026759,0.304170678599859,-0.022183744680578,0.000658623233427729,251.39155694822,264.915336220138
28.92,0.375971802540234,-1.19149874152595,1.00190338442296,-0.0400336599778175,-0.0603445913786869,1.05985494113602,0.730355150726325,-0.57412514165931,-0.0693478731089727,0.0601266085064327,-0.174211216009814,0.304337645612236,-0.0204959865885862,0.00513302328478459,251.386040330126,264.885690184301
28.93,0.384610452832295,-1.18792226567139,1.00192555172798,-0.0396702750190371,-0.0619544725358609,1.06297159651219,0.734218200632251,-0.581274322499382,-0.070913913606551,0.0495358897111438,-0.172088345154711,0.304527403814348,-0.0204959865885862,0.00513302328478459,251.37949628541,264.857949604737
28.94,0.393318961922822,-1.18431946666574,1.00194844233796,-0.0394111319774727,-0.0635322389703141,1.06608873035172,0.737923152861264,-0.588257737050338,-0.0725126593318941,0.0404271914116674,-0.167340584702569,0.304736076910562,-0.017542929058256,0.0112328323063803,251.371977174734,264.832306356844
28.95,0.402096304362126,-1.18068966528792,1.0019719885464,-0.0392478840593018,-0.0650630999805234,1.06920611764143,0.741758830754493,-0.59522661411651,-0.0741301048804587,0.0313297719547535,-0.162581343219116,0.304959807861575,-0.017542929058256,0.0112328323063803,251.363391702818,264.808736909177
28.96,0.410941699301509,-1.17703187703264,1.00199609517323,-0.0391718316508598,-0.0665362298972112,1.072323634838,0.745462848391204,-0.602011446610228,-0.0757541293442182,0.0241164243181413,-0.15549496083834,0.305194874630362,-0.0137922589502461,0.0166448735824779,251.353853455951,264.787363368169
28.97,0.419854128457306,-1.17334535028436,1.00202069345903,-0.0391723154496705,-0.0679385469641741,1.07544099833348,0.749288756889527,-0.608799942487011,-0.0773707990660149,0.0169186916352981,-0.148399843045045,0.305437734836949,-0.0137922589502461,0.0166448735824779,251.343334733099,264.768095951489
28.98,0.428833025554817,-1.16962890326628,1.00204567282574,-0.0392398541720828,-0.0692630213614847,1.07855809818077,0.753063742245315,-0.615406630347522,-0.0789695060568363,0.0117572050188328,-0.139804236247688,0.305684986630694,-0.0097427933855899,0.0201330582771303,251.332009060645,264.750994010141
28.99,0.437877591871561,-1.16588150828262,1.0020709465133,-0.0393628881196767,-0.0705011938284151,1.08167469700297,0.75694747718924,-0.622031655555769,-0.0805383979867082,0.00661407787083166,-0.131202617242044,0.305933516131733,-0.0097427933855899,0.0201330582771303,251.319934478092,264.735943447304
29,0.446987539992556,-1.16210177833159,1.00209638696063,-0.0395322321427117,-0.0716504731353948,1.08479072820986,0.760873278743382,-0.628495363247192,-0.0820706798896287,0.00342829438384691,-0.122069126312209,0.306180344442149,-0.00585462005907652,0.0213642154005303,251.307326518744,264.722948857134
29.01,0.456162384431993,-1.15828838958485,1.00212188606268,-0.0397367395867682,-0.0727078005931552,1.08790604718626,0.764891845697244,-0.634988310868944,-0.0835571741875526,0.000261742543258568,-0.112932089563491,0.306422852268726,-0.00585462005907652,0.0213642154005303,251.294319861937,264.711893758868
29.02,0.465402111953889,-1.1544398287789,1.00214730334123,-0.0399683982425233,-0.0736745007896711,1.0910206365046,0.769030703070899,-0.641354259056128,-0.0849954648724532,-0.0012119037791429,-0.104116570707177,0.306658586235796,-0.0024965818376065,0.0206060742981006,251.281148257366,264.702737114866
29.03,0.47470656009092,-1.15055456657621,1.00217251310789,-0.040217531519651,-0.0745522728690294,1.09413445197097,0.77324523079732,-0.647756672559153,-0.0863792988141143,-0.00266710059029503,-0.0952995629010462,0.306885498640366,-0.0024965818376065,0.0206060742981006,251.268000474724,264.69537131569
29.04,0.484075946119967,-1.14663107312421,1.00219736903376,-0.0404778937379471,-0.0753452535409074,1.09724751777009,0.777630949270466,-0.654074638203774,-0.0877099803453305,-0.0028178337911927,-0.087414579144205,0.307101767833907,8.51688479272771e-05,0.0184249636404985,251.25510475364,264.689719189865
29.05,0.49351039067852,-1.14266774698856,1.00222173531966,-0.0407419858086519,-0.076058550465515,1.10035987405724,0.782075687473638,-0.660433022987213,-0.0889843160974003,-0.00295208766772067,-0.0795296598580639,0.3073059990765,8.51688479272771e-05,0.0184249636404985,251.242676944846,264.685686842052
29.06,0.50301028136437,-1.13866314305121,1.00224546839445,-0.0410056111316549,-0.0766978755252342,1.10347157238364,0.786713358858144,-0.666751953111406,-0.0902061980430518,-0.0022276761813333,-0.0729157293966201,0.307497081527813,0.00177722582992112,0.015454417716008,251.230919075849,264.683170377469
29.07,0.51257595851912,-1.13461571552638,1.00226843175253,-0.041263776961393,-0.0772702356148676,1.10658270966938,0.791394987536714,-0.673112631670142,-0.091375383860561,-0.00148941952758607,-0.0663028723471813,0.307674323226445,0.00177722582992112,0.015454417716008,251.22004691396,264.682090021085
29.08,0.522207917584853,-1.13052417654056,1.00229049339242,-0.0415143264944764,-0.077781824109798,1.10969334897164,0.796266633089614,-0.679476111053423,-0.0924972548624377,-0.000333413365054816,-0.0610607007681891,0.307837343713659,0.00259015021119617,0.0122526514036009,251.210220301211,264.682324418272
29.09,0.531906648762297,-1.12638713153823,1.0023115258945,-0.041754749609147,-0.0782402151235328,1.11280361449807,0.801169426650814,-0.685880831924907,-0.093574088643505,0.000833604872567206,-0.0558200790557688,0.307986141831764,0.00259015021119617,0.0122526514036009,251.201630720165,264.683805665643
29.1,0.541672698459944,-1.12220348777664,1.00233141652208,-0.0419846821329362,-0.0786512635291304,1.11591356731102,0.80624187038134,-0.692323876060047,-0.0946118865776744,0.00203299618577562,-0.0518713373408856,0.30812101388393,0.00263541953740358,0.00923591065435799,251.194385614218,264.686403959902
29.11,0.551506640287366,-1.11797205660289,1.002350055609,-0.0422037869188446,-0.0790221144422835,1.11902333419553,0.811335134735333,-0.698806637297393,-0.0956147649148089,0.00324071856500192,-0.0479241516128563,0.308242568009315,0.00263541953740358,0.00923591065435799,251.188633585043,264.690060176525
29.12,0.561409024184914,-1.11369194707828,1.00236735527695,-0.0424130818761937,-0.0793577670563052,1.12213296557529,0.816567724528884,-0.705354004769672,-0.0965887124018817,0.00418571211647421,-0.0450783724003187,0.30835165880413,0.00209368973025185,0.00666431275736327,251.18442552979,264.694644446991
29.13,0.571380449344525,-1.10936219296503,1.00238323001654,-0.0426138978454207,-0.0796643117984919,1.1252425743327,0.821813181729142,-0.711939295114849,-0.0975389018024602,0.0051367321672028,-0.0422337877379988,0.308449366465402,0.00209368973025185,0.00666431275736327,251.181855826119,264.700103794331
29.14,0.581421432817592,-1.1049820884827,1.00239761985838,-0.0428081421486972,-0.0799456476920125,1.12835219721548,0.827164114846475,-0.718605270274754,-0.0984708641605824,0.00563751673370682,-0.0402483188135709,0.308536943419858,0.00118004270816907,0.00465823810168315,251.180920281761,264.706315485324
29.15,0.591532552785238,-1.10055087679811,1.00241046706579,-0.0429982116086688,-0.0802065176871094,1.13146192553565,0.832522009545753,-0.725307702933361,-0.0993900841151413,0.00614250916798446,-0.038263443372516,0.308615774291303,0.00118004270816907,0.00465823810168315,251.181655219612,264.713231078597
29.16,0.601714268315867,-1.09606800639057,1.00242174015269,-0.0431864044620449,-0.0804496904899321,1.13457178414009,0.837952812710296,-0.732097115337863,-0.100301336323186,0.00611826443491363,-0.0368903091449178,0.308687333756329,0.000111220162407253,0.00322906490801461,251.184007338315,264.720740502993
29.17,0.611967102340923,-1.09153289781277,1.00243141004188,-0.043375576607359,-0.0806785297491067,1.13768184243341,0.843386283129522,-0.738922253084082,-0.101209798349002,0.00609691287023116,-0.0355170624011922,0.308753138990502,0.000111220162407253,0.00322906490801461,251.18795763303,264.728799221241
29.18,0.622291441698642,-1.08694511693316,1.0024394722277,-0.0435679754692647,-0.0808947914938314,1.14079211819726,0.848864470389085,-0.745832385016586,-0.102119313000118,0.00556322623411156,-0.0345350237584072,0.308814719146324,-0.000921349740364258,0.00231382869122553,251.193412784095,264.737313423563
29.19,0.632687732309741,-1.0823042206108,1.00244592488797,-0.0437663797029941,-0.0811006074574225,1.14390266339336,0.854342185939336,-0.752778441446446,-0.10303429738644,0.00503157545631202,-0.0335521854252341,0.308873567936553,-0.000921349740364258,0.00231382869122553,251.200306079806,264.746242507318
29.2,0.643156284294504,-1.07760985579089,1.00245078745983,-0.0439726446052094,-0.0812969234161486,1.14701349461769,0.859842361568519,-0.759801427896346,-0.103957594414891,0.00407835570692074,-0.0327848849921794,0.308931124395826,-0.00177038205363923,0.00180772026834367,251.208514935226,264.755510611469
29.21,0.65369745657811,-1.0728616736031,1.00245408228087,-0.0441890583711332,-0.0814848886166936,1.1501246529822,0.865339668222009,-0.766861478313251,-0.104892581269133,0.0031266867877912,-0.0320162152707217,0.308988730554977,-0.00177038205363923,0.00180772026834367,251.217935598962,264.765081405695
29.22,0.664311486248485,-1.06805937076767,1.00245584871302,-0.0444168660650446,-0.0816648727569042,1.15323615909643,0.870843444444722,-0.773986816165073,-0.10584112247385,0.00189110916943601,-0.0313386930894793,0.309047621831721,-0.00234254955898196,0.00159116425901293,251.228427366184,264.774896972392
29.23,0.674998645595839,-1.0632026554471,1.0024561290795,-0.0446576025846305,-0.0818373293090627,1.15634804973552,0.876342361844555,-0.781151155961155,-0.106805440351554,0.000656868411013758,-0.030659414728278,0.309108893099402,-0.00234254955898196,0.00159116425901293,251.239861484007,264.784925615995
29.24,0.68575910858159,-1.05829125027693,1.00245497816737,-0.0449118109245147,-0.0820022777767961,1.15946035291117,0.881837481308247,-0.788367996952984,-0.107786510636574,-0.00070433480587268,-0.0299959189210059,0.309173496226103,-0.00259971909560208,0.00155001060078691,251.252089693896,264.795125979246
29.25,0.696593069545361,-1.05332489138475,1.00245245357953,-0.0451801635898749,-0.0821597511542118,1.1625731060255,0.887325919414976,-0.795626333764981,-0.108785429682237,-0.00206424387590826,-0.029330491611035,0.30924221666068,-0.00259971909560208,0.00155001060078691,251.264970312317,264.805471187137
29.26,0.707500653301503,-1.04830331159791,1.00244862096389,-0.0454625226052009,-0.0823096100123059,1.16568634558888,0.892804943604419,-0.802925322874382,-0.109802420220584,-0.00339955750927118,-0.0286466361440803,0.309315675657364,-0.00255305159134609,0.00158857368458761,251.278356848551,264.815934033056
29.27,0.718481990840014,-1.0432262553659,1.00244354842155,-0.0457587262578515,-0.0824516989189899,1.16880011232769,0.898275483221949,-0.810268566906565,-0.110837595353323,-0.00473353476812943,-0.0279608807355587,0.309394318362411,-0.00255305159134609,0.00158857368458761,251.292105813197,264.82649233571
29.28,0.729537173736043,-1.03809345748921,1.00243730816001,-0.0460680647001298,-0.0825858625521493,1.17191445011212,0.903734348975139,-0.817643087980988,-0.111890587895348,-0.00591595123141656,-0.0272529592238152,0.309478418954824,-0.00225203991133056,0.00163611669294795,251.306080185695,264.837129933459
29.29,0.740666287600165,-1.03290466010137,1.00242997427999,-0.0463896769377024,-0.0827119296441811,1.17502940331954,0.90918287719165,-0.825064597694865,-0.11296074705554,-0.00709697029450148,-0.0265433447204358,0.309568079998472,-0.00225203991133056,0.00163611669294795,251.320144190651,264.847828822806
29.3,0.751869406646888,-1.02765959776956,1.00242162174629,-0.0467224471319244,-0.0828298207563063,1.17814502022432,0.914619547235178,-0.832511386806434,-0.114047291057836,-0.00803641551213485,-0.0258271075219064,0.309663239587338,-0.0017708094268709,0.00164797530429706,251.334176191974,264.858580418004
29.31,0.763146589500606,-1.02235800750446,1.00241232002797,-0.0470650185666228,-0.0829394586417185,1.18126134705129,0.920043969679969,-0.840007619026468,-0.11514708163542,-0.00897440975425616,-0.0251095245786565,0.30976365635981,-0.0017708094268709,0.00164797530429706,251.34439354656,264.865534100072
29.32,0.774498031522433,-1.01699968015667,1.00240210232757,-0.0474174945990365,-0.0830408828585677,1.18437843186295,0.92545727120928,-0.847557205978032,-0.116256988848164,-0.00994192909543805,-0.0244097984141628,0.309868917851004,-0.0018328985665823,0.00160315707456118,251.350320480688,264.868290695739
29.33,0.785923934608783,-1.01158441694261,1.00239097021206,-0.0477800094635996,-0.0831341517092851,1.18749631879121,0.930856298021124,-0.855158129509497,-0.117374392274613,-0.0109079784311056,-0.0237087285126338,0.309978491174119,-0.0018328985665823,0.00160315707456118,251.35249854167,264.867506085859
29.34,0.797424779720917,-1.00611213039663,1.00237888274977,-0.0481557602790682,-0.0832194161505218,1.19061505061678,0.936244952941547,-0.862879882176334,-0.118499690464569,-0.0125910964862083,-0.0230507775263311,0.310091713504963,-0.00327251561725871,0.00149835186431215,251.351468933752,264.863824463608
29.35,0.809001120389311,-1.00058276462483,1.00236577250909,-0.0485486632423945,-0.0832968511957812,1.19373466514982,0.941617116323255,-0.870654666409775,-0.119634839133316,-0.0142727645701262,-0.0223905151500996,0.310207830076089,-0.00327251561725871,0.00149835186431215,251.347795118519,264.857900862878
29.36,0.820653680755325,-0.994996330383491,1.00235154322584,-0.0489643990034531,-0.0833666728359698,1.19685519500936,0.946979106738697,-0.878605246130994,-0.120783232728603,-0.0172233331670038,-0.021794137111424,0.310326004639271,-0.00581796000739703,0.00134197942458931,251.341994284618,264.850328592877
29.37,0.832383317350944,-0.989352888264435,1.00233607704888,-0.0494099193375118,-0.0834291267684292,1.19997666718622,0.952322281149409,-0.886611662560637,-0.121951155568175,-0.0201724628919302,-0.0211936959853188,0.310445342772842,-0.00581796000739703,0.00134197942458931,251.334629696645,264.841735446678
29.38,0.844190899807998,-0.983652504405947,1.00231924380316,-0.0498920444757753,-0.0834844434854088,1.20309909984796,0.957654750034143,-0.894821983982356,-0.123143790322694,-0.0246436818029938,-0.0206712473528713,0.310564921898829,-0.00887113119648249,0.00114817140560941,251.326179405231,264.832646011561
29.39,0.856077467165713,-0.977895304408138,1.00230089705,-0.0504191191926414,-0.083532891586933,1.20622250537515,0.962966077274786,-0.903093179032929,-0.124370522973327,-0.029113496182309,-0.0201426156905684,0.310683797399588,-0.00887113119648249,0.00114817140560941,251.317179086281,264.82363133384
29.4,0.868043675139376,-0.972082061052328,1.00228095405658,-0.0509976729259995,-0.0835680453380643,1.20934654610513,0.968101451618275,-0.9115691074418,-0.125630313321068,-0.0350476650271072,-0.0182238250006295,0.310801120191651,-0.0118117723676927,0.00437852929283335,251.308042133257,264.815120735176
29.41,0.880090301740344,-0.966213766624738,1.00225933541804,-0.0516356453326342,-0.0835820557892488,1.21247079111964,0.973214030740203,-0.920113249979506,-0.126926238963742,-0.0409774017301021,-0.0162968891092063,0.310916115027156,-0.0118117723676927,0.00437852929283335,251.299189660858,264.807532324674
29.42,0.89221756238329,-0.960292302697271,1.00223605098186,-0.0523379706314836,-0.0835579086133073,1.21559430259986,0.977887304014137,-0.928839603228111,-0.128243116632241,-0.0480427814472227,-0.0106353615030237,0.311028296341652,-0.0141043766777558,0.0130821352048081,251.290953175163,264.801164620954
29.43,0.904425685292652,-0.954320030789841,1.00221114006985,-0.0531105766829346,-0.0834748386201176,1.21871589877534,0.982534493631371,-0.937643508403712,-0.129573184145447,-0.0550957995106492,-0.00496422457262103,0.311137459777491,-0.0141043766777558,0.0130821352048081,251.28357770903,264.79619073525
29.44,0.91671460525423,-0.948299381312902,1.0021846560419,-0.0539557720405036,-0.083311013226529,1.22183427254025,0.986617413617869,-0.946589154763393,-0.13088838247318,-0.062743979184963,0.0055059548431929,0.311243795218498,-0.0153315045287456,0.0242722533758079,251.27733468253,264.792764282953
29.45,0.929084180780513,-0.94223340112716,1.00215669312227,-0.0548762851240747,-0.0830398046387654,1.22494778866968,0.990664423236064,-0.955623595380885,-0.132177863924827,-0.070369661699655,0.0159866057331918,0.311347994406412,-0.0153315045287456,0.0242722533758079,251.272360698138,264.790849755001
29.46,0.941534206077104,-0.936124597933617,1.00212731631432,-0.0558712104873747,-0.0826398005561937,1.22805500379263,0.994143508838153,-0.964748952479622,-0.133405970066498,-0.0779237670752535,0.031170460814888,0.311451157212391,-0.0152420423925537,0.0352401932288715,251.268891080522,264.790459483885
29.47,0.954064334141244,-0.92997611101981,1.00209663207184,-0.0569394113436936,-0.0820849102321535,1.23115413580114,0.997567725313655,-0.973975678387264,-0.134562985193641,-0.0854454409929785,0.0463649139692981,0.31155502303899,-0.0152420423925537,0.0352401932288715,251.267013443032,264.791405024157
29.48,0.966674339154616,-0.923790169813265,1.00206470690802,-0.0580767130223177,-0.0813583910555394,1.23424383567014,1.00051556875866,-0.98324139747668,-0.135614665757448,-0.0922095296013924,0.0652270112645187,0.311661630591688,-0.013795193241715,0.0437902564590622,251.266937105797,264.793578728483
29.49,0.979363815918256,-0.91756954469231,1.00203164328176,-0.059278077325635,-0.0804398763948219,1.23732248001986,1.00338000529948,-0.992621440268623,-0.136551750662714,-0.0989333516391358,0.0840988485599663,0.31177364367145,-0.013795193241715,0.0437902564590622,251.267276651905,264.795173295148
29.5,0.992133003397671,-0.911314019170848,1.00199743164618,-0.0605337865534727,-0.079337787160575,1.24039009460996,1.00635709247944,-1.00193676081908,-0.137379518013708,-0.103672216569199,0.101046364345959,0.311893066006482,-0.00989347841016113,0.0392714984778744,251.26074856363,264.788178372893
29.51,1.00498202644718,-0.905023300218324,1.00196202256342,-0.0618322570721509,-0.0780625426282231,1.24344686102753,1.00921254136136,-1.01138012991036,-0.138080372432706,-0.108374269010049,0.117998922513537,0.312022076683525,-0.00989347841016113,0.0392714984778744,251.248950218674,264.773892058725
29.52,1.01790983885408,-0.898696053348923,1.00192538265537,-0.0631465082023814,-0.0766315946401097,1.24649346633144,1.01236466221687,-1.02040173698819,-0.138657809866364,-0.107223671145096,0.131038369740122,0.312162133032806,0.00177549591880966,0.030119726191161,251.233982095046,264.754184399012
29.53,1.03091497348814,-0.892330506781145,1.00188748065679,-0.064443907436278,-0.0750664730281248,1.24953097161972,1.01536004788183,-1.02956378484699,-0.139079444587208,-0.106045179745997,0.144074069102866,0.312314278985449,0.00177549591880966,0.030119726191161,251.217768855701,264.730805303042
29.54,1.0439949143535,-0.885925219235067,1.00184829826255,-0.0656828846685886,-0.0733844192157777,1.25256030993387,1.01860892559029,-1.03799698878943,-0.139318464750462,-0.0957304559878763,0.153294137068153,0.312479092081384,0.0200545766885853,0.0212253774099375,251.201979783169,264.70531776024
29.55,1.05714636558476,-0.87947817303806,1.00180785778605,-0.0668129287786656,-0.0716067326022687,1.25558284828703,1.02167394718601,-1.04657323742861,-0.139339936381988,-0.0853977754155396,0.162498079520062,0.312656379256864,0.0200545766885853,0.0212253774099375,251.1881093741,264.679180262495
29.56,1.0703659569535,-0.872988269151765,1.00176613839674,-0.0677870386828493,-0.0697480310561236,1.25859967756238,1.02489429699492,-1.05429449888913,-0.139082824992364,-0.0646829980493538,0.168545723207508,0.312846112995176,0.0408681889024444,0.0139043601536499,251.177352222866,264.653617041345
29.57,1.08364931951232,-0.866453811262178,1.00172317281302,-0.0685479897810648,-0.0678263533570965,1.26161230178475,1.02791143024343,-1.06214358634504,-0.138526455803646,-0.0439587865282583,0.174563371278506,0.313047430105227,0.0408681889024444,0.0139043601536499,251.170781737635,264.629796845979
29.58,1.09699296281743,-0.859874260241042,1.00167894417779,-0.0690532225501979,-0.0658533712462703,1.26462194048411,1.03098371037544,-1.06920204174067,-0.137592136646515,-0.0138079585621205,0.178164907820546,0.313260313551656,0.059800304926108,0.00833976393874698,251.169126603061,264.608594926184
29.59,1.11039237126082,-0.853248536745901,1.00163348498306,-0.069250862473085,-0.0638433997097484,1.26763015366206,1.03383966643634,-1.07635081446167,-0.136278360891867,0.0163466472093626,0.181723754841483,0.313484014085848,0.059800304926108,0.00833976393874698,251.173064882184,264.590895182012
29.6,1.12384451745116,-0.846576737969701,1.001586827124,-0.0691106337295941,-0.0618054771292825,1.27063824387519,1.03666496071297,-1.08291872336906,-0.134516789486543,0.053220193165839,0.183529130679592,0.313719027250857,0.0733153270203223,0.00434362603641055,251.18289661404,264.577243884441
29.61,1.13734550031677,-0.839858528806056,1.00153904497785,-0.0685956085190313,-0.0597505387994755,1.27364775261216,1.03926552001215,-1.0895172113493,-0.132316867863403,0.0900950679795646,0.185282621189633,0.313965264043705,0.0733153270203223,0.00434362603641055,251.198907685297,264.568228870382
29.62,1.15089829516454,-0.833096206801451,1.00149026283304,-0.0677490957942139,-0.0576853612588749,1.27665997123815,1.04176582373122,-1.09702436865896,-0.129787993695371,0.117349123619599,0.185834093538048,0.314227492528045,0.0539531092837871,0.00162891420603066,251.22102171605,264.564113058062
29.63,1.16450649430389,-0.826292117039629,1.00144064937359,-0.0666240493544878,-0.0556175947418412,1.27967619370633,1.04403296866489,-1.10448000221383,-0.126934088092914,0.144604639266861,0.186347158239379,0.314510826275123,0.0539531092837871,0.00162891420603066,251.249173583892,264.5652428357
29.64,1.17817236756697,-0.819448531771583,1.0013903816641,-0.0652628653608599,-0.0535517043502579,1.28269745895656,1.04614643682533,-1.11275226195464,-0.123845013119139,0.162444630902195,0.186092850601875,0.314819120079318,0.0350236579365416,-9.29847255810164e-05,251.283135411024,264.571881800601
29.65,1.1918988615912,-0.812567826250757,1.00133966895406,-0.0637173696186831,-0.0514926169456131,1.28572475567454,1.04802211074235,-1.12091057059737,-0.120542637548417,0.180285927166912,0.185813212261524,0.315156193217159,0.0350236579365416,-9.29847255810164e-05,251.322821019311,264.584516559592
29.66,1.20568691084157,-0.805651995499449,1.00128878308577,-0.0620199901750982,-0.0494429925140081,1.28875886970368,1.04970615043982,-1.12962168254827,-0.117085904717128,0.190927390836309,0.18509164998757,0.315523697799543,0.0205600538063573,-0.00107820319508085,251.367804942078,264.603343398746
29.67,1.21953799394717,-0.798703130568162,1.00123802094394,-0.0602103640642731,-0.0474057054975058,1.29180052038081,1.05115098221927,-1.13817707507743,-0.113505016728844,0.201569606430942,0.184354677202756,0.315922865670955,0.0205600538063573,-0.00107820319508085,251.417866149531,264.628809487256
29.68,1.23345192285899,-0.791722975204057,1.0011877711399,-0.0583114853464255,-0.0453821137398978,1.29485027327352,1.05237899042354,-1.14705124575608,-0.109837725259876,0.20710837955382,0.183408130313251,0.316352816968374,0.0103150673896331,-0.00153946422446316,251.472384548808,264.660959838711
29.69,1.24742891364344,-0.784713353438593,1.00113844431086,-0.0563514568983074,-0.0433736276576681,1.29790861932726,1.05336865398956,-1.15574400482089,-0.10611339284506,0.212647100291977,0.182453158863744,0.316812053090485,0.0103150673896331,-0.00153946422446316,251.530948343009,264.700044214628
29.7,1.26146795372572,-0.777675818932864,1.00109056002342,-0.0543457876487188,-0.0413807162580195,1.3009759307509,1.05412620779155,-1.16457665499587,-0.102362408491812,0.214745400393616,0.181446361618198,0.31729736116823,0.00341436386441094,-0.00164565265499069,251.60426014919,264.757938055249
29.71,1.27556832263328,-0.770611988764257,1.00104473380364,-0.0523134277696308,-0.0394037982014968,1.30405250000817,1.05464781465648,-1.17321358494928,-0.0986151343791025,0.216842987301696,0.18043575718027,0.317804892543483,0.00341436386441094,-0.00164565265499069,251.683603823205,264.826095114161
29.72,1.28972844230577,-0.763523281768757,1.00100165275633,-0.0502643167275764,-0.0374427744721997,1.30713852220089,1.05492948650147,-1.18186173671146,-0.0948807896861626,0.216736895969174,0.179473372445604,0.318329282246734,-0.000999207702868688,-0.00152744538953763,251.753952688132,264.889263985584
29.73,1.30394692647674,-0.756411172214802,1.00096193217229,-0.048210597928061,-0.0354974339665696,1.31023410622111,1.05497854232653,-1.19030742319776,-0.0911669913940777,0.216629140028791,0.178510344347666,0.318864632679026,-0.000999207702868688,-0.00152744538953763,251.812041904296,264.944432507552
29.74,1.31822181286654,-0.749276994804562,1.00092613541339,-0.0461582209443928,-0.0335673458653338,1.31333927533504,1.05478519416004,-1.19867518266161,-0.0874740249360944,0.215203800321299,0.177652628897741,0.319404167900342,-0.00363372808750203,-0.00128234757773726,251.858078591157,264.992127935764
29.75,1.33255126444414,-0.742122129314279,1.000894738413,-0.0441144475098256,-0.0316519376993221,1.31645396515145,1.054363099381,-1.20683822060826,-0.0838046363088694,0.213776657685964,0.176796254195107,0.31994086528386,-0.00363372808750203,-0.00128234757773726,251.892403491682,265.032907913703
29.76,1.3469330789199,-0.734947857429991,1.00086815787604,-0.0420824311948918,-0.0297506138553914,1.31957803448193,1.05369982350742,-1.21486313988515,-0.0801566289488187,0.211651847470724,0.176071984226549,0.320467288449425,-0.00502633502660555,-0.000978656859593079,251.915395047286,265.067255840373
29.77,1.3613651323693,-0.72775549703555,1.00084673176278,-0.0400660159923845,-0.0278626290343236,1.32271125736641,1.05281200001036,-1.22268356649557,-0.076529450644269,0.209525508772273,0.175350171961035,0.320976035336843,-0.00502633502660555,-0.000978656859593079,251.927535968646,265.095648932731
29.78,1.37584508622707,-0.720546298489766,1.00083073684437,-0.0380664550230557,-0.0259873371517346,1.32585333925983,1.05168671910228,-1.23032652786596,-0.0729195680714334,0.207122255681578,0.174766468657916,0.321459715846513,-0.00557750000998999,-0.000663082102665493,251.929362670235,265.118507327054
29.79,1.39037064722398,-0.713321541138474,1.00082038000937,-0.0360852716632473,-0.0241239485439781,1.32900390834558,1.05034129229923,-1.23776635215097,-0.0693242683831334,0.204717882499302,0.174185742046482,0.321911262162089,-0.00557750000998999,-0.000663082102665493,251.921488869132,265.136223359612
29.8,1.40493941229395,-0.70608245927394,1.00081580861662,-0.0341224785616179,-0.0222718400144123,1.33216253403691,1.04876372676809,-1.24500402597757,-0.065739441218022,0.202311010365646,0.173735784270457,0.32232398791579,-0.00558063787611679,-0.000365491291602089,251.904583480637,265.149145482108
29.81,1.4195490009408,-0.698830310294832,1.00081710905062,-0.0321780859698323,-0.0204302594389588,1.335328720532,1.04697053835384,-1.25204016579268,-0.0621611923449009,0.199903414039216,0.173288926419869,0.322691789494179,-0.00558063787611679,-0.000365491291602089,251.879367749499,265.157584690209
29.82,1.43419699377244,-0.691566323087919,1.00082431261366,-0.0302513455542233,-0.0185986490874575,1.33850192572441,1.04495144459241,-1.25885956718164,-0.058585358028537,0.1976617389861,0.17295779926525,0.323009240371167,-0.00524779162921425,-0.000103002937687212,251.84660912055,265.161819000402
29.83,1.44888097890796,-0.684291744868404,1.00083739846914,-0.0283413403100116,-0.0167763412933245,1.34168155825992,1.0427213108682,-1.26547875994322,-0.0550076275408852,0.195419656322628,0.172629648151399,0.323271703970574,-0.00524779162921425,-0.000103002937687212,251.807104093949,265.162088224906
29.84,1.46359855168782,-0.677007806508857,1.00085629702651,-0.0264469038121671,-0.0149628641212899,1.34486699566916,1.04027191608931,-1.27187341823602,-0.0514241486399276,0.193436336234837,0.172398610875546,0.323475430821033,-0.00472988604600549,0.000116547963537429,251.761679758482,265.158609025336
29.85,1.47834730553648,-0.66971575337623,1.00088089519392,-0.0245666101591512,-0.0131576560142158,1.34805758502526,1.03761606735749,-1.27806864529812,-0.0478307498708995,0.191452824667254,0.17217028545823,0.323617598282711,-0.00472988604600549,0.000116547963537429,251.711170608127,265.151565287641
29.86,1.49312486934149,-0.662416823382931,1.00091103853185,-0.0226991146126721,-0.0113603358916623,1.3512526595574,1.03474764622788,-1.28403597016133,-0.0442241383709812,0.189768193265816,0.172019731573033,0.323696389298734,-0.00413206329897205,0.000291741693015482,251.65642275852,265.141127153344
29.87,1.50792886472876,-0.655112265922574,1.00094653741074,-0.0208427744787505,-0.00957045267027167,1.35445154228395,1.03167730044374,-1.28980400029912,-0.0406006572659932,0.188083489773455,0.171871559646863,0.32371097148974,-0.00413206329897205,0.000291741693015482,251.598269985811,265.127441127243
29.88,1.5227569643092,-0.647803329313987,1.00098716869384,-0.0189962285956293,-0.00778771146895657,1.35765356063136,1.02840085479312,-1.29534351685604,-0.0369577291781372,0.186702233456923,0.171782928056415,0.323661545298872,-0.00352515231323563,0.000425273836293132,251.537537981489,265.110649056393
29.89,1.53760683098005,-0.640491271056439,1.00103268191622,-0.0171578143777196,-0.00601176511010598,1.36085805203652,1.02492689280289,-1.30068325851032,-0.0332924410977708,0.185320943864252,0.171696332707911,0.323549273678182,-0.00352515231323563,0.000425273836293132,251.475022701482,265.090879940693
29.9,1.55247618526894,-0.633177352016047,1.00108280089559,-0.0153262573986011,-0.00424239479728506,1.36406437625251,1.02125290855102,-1.30579546452371,-0.0296030132570502,0.184224993060834,0.171653209548753,0.323376294603753,-0.00295430858912186,0.000522183249264493,251.411493601904,265.068266582876
29.91,1.56736273751627,-0.625862840547074,1.0011372294252,-0.0135000004387474,-0.00247934462587608,1.36727192179009,1.01738562921712,-1.31070689340019,-0.0258873926358504,0.183128988587044,0.171611792273889,0.323145612300154,-0.00295430858912186,0.000522183249264493,251.347675895581,265.042939675512
29.92,1.58226425633562,-0.618549011318339,1.0011956529744,-0.0116779150964524,-0.000722459418910652,1.3704801156942,1.01332389463642,-1.31539255593781,-0.0221446198674505,0.182287100964852,0.171600417389536,0.322861074708215,-0.00244565074755758,0.000588552424076862,251.284252649367,265.015041041914
29.93,1.59717850095439,-0.611237145301332,1.00125774364545,-0.00985862138442651,0.0010284406099807,1.3736884297523,1.00907283639839,-1.31987604635348,-0.0183735336302296,0.181445102325625,0.171590450624673,0.32252723724038,-0.00244565074755758,0.000588552424076862,251.221851551591,264.984719778984
29.94,1.61210328566604,-0.603928531597785,1.00132316198283,-0.00804116414902983,0.00277345970721937,1.37689638760888,1.00463231314653,-1.32413580340513,-0.0145739716247035,0.180819837651403,0.171599811503146,0.322149309942849,-0.00201147051454065,0.000630611603538044,251.161046250733,264.952141760621
29.95,1.62703641691935,-0.596624464836048,1.00139156111071,-0.00622437357691246,0.00451271681098683,1.38010356984407,1.00000613438941,-1.32819173798589,-0.010745635635313,0.180194388170401,0.171610322542881,0.321733004839668,-0.00201147051454065,0.000630611603538044,251.102347625131,264.917487224911
29.96,1.64197575077534,-0.589326248759146,1.00146258859462,-0.00440747243299845,0.00624627683034043,1.38330961837898,0.995194877584451,-1.33202590510003,-0.00688910318270054,0.179746999904451,0.171631984672825,0.321284460400423,-0.00165437818483129,0.000654170987430139,251.04620491702,264.880956677866
29.97,1.65691913733826,-0.582035192180312,1.00153588977659,-0.00258950672449544,0.00797421176503683,1.3865142397708,0.990201291808734,-1.33565447071153,-0.0030048699820765,0.179299353719479,0.171654579268109,0.320810083283215,-0.00165437818483129,0.000654170987430139,250.993001111896,264.842769231987
29.98,1.67186446979623,-0.574752613428928,1.00161110960278,-0.000769866911616266,0.00969655699749183,1.38971720695802,0.985026417986043,-1.33906297774928,0.000905826706091276,0.17899302041528,0.171682368193029,0.320316459343461,-0.00137059540707266,0.000664305530135977,250.943054410342,264.803165298411
29.99,1.68680963733724,-0.567479835688528,1.00168789522783,0.00105219749401755,0.0114133493866663,1.3929183603873,0.979672181424202,-1.34226407949522,0.00484179123571059,0.178686369543352,0.171710908531482,0.319810200003647,-0.00137059540707266,0.000664305530135977,250.896617142037,264.762405040268
