t,x,y,z
0.000000000000000000e+00,2.951999999999999886e+02,4.486999999999999744e+01,3.000000000000000000e+00
1.000000000000000056e-01,2.954108478599041518e+02,4.532247198798946641e+01,3.028500527340679760e+00
2.000000000000000111e-01,2.956216957198083151e+02,4.577494397597892828e+01,3.057001054681359076e+00
3.000000000000000444e-01,2.958325435797124783e+02,4.622741596396839725e+01,3.085501582022038836e+00
4.000000000000000222e-01,2.960433914396166415e+02,4.667988795195785912e+01,3.114002109362718596e+00
5.000000000000000000e-01,2.962542392995208047e+02,4.713235993994732809e+01,3.142502636703398355e+00
6.000000000000000888e-01,2.964650871594249679e+02,4.758483192793678995e+01,3.171003164044077671e+00
7.000000000000000666e-01,2.966759350193291311e+02,4.803730391592625892e+01,3.199503691384757431e+00
8.000000000000000444e-01,2.968867828792332375e+02,4.848977590391572079e+01,3.228004218725437191e+00
9.000000000000000222e-01,2.970976307391374007e+02,4.894224789190518976e+01,3.256504746066116951e+00
1.000000000000000000e+00,2.973084785990415639e+02,4.939471987989465163e+01,3.285005273406796267e+00
1.100000000000000089e+00,2.975193264589457272e+02,4.984719186788412060e+01,3.313505800747476027e+00
1.200000000000000178e+00,2.977301743188498904e+02,5.029966385587358957e+01,3.342006328088155787e+00
1.300000000000000044e+00,2.979410221787540536e+02,5.075213584386305143e+01,3.370506855428835102e+00
1.400000000000000133e+00,2.981518700386582168e+02,5.120460783185251330e+01,3.399007382769514862e+00
1.500000000000000000e+00,2.983627178985623800e+02,5.165707981984198227e+01,3.427507910110194622e+00
1.600000000000000089e+00,2.985735657584665432e+02,5.210955180783145124e+01,3.456008437450874382e+00
1.700000000000000178e+00,2.987844136183707064e+02,5.256202379582091311e+01,3.484508964791553698e+00
1.800000000000000044e+00,2.989952614782748697e+02,5.301449578381037497e+01,3.513009492132233458e+00
1.900000000000000133e+00,2.992061093381790329e+02,5.346696777179984394e+01,3.541510019472913218e+00
2.000000000000000000e+00,2.994169571980831961e+02,5.391943975978931292e+01,3.570010546813592534e+00
2.100000000000000089e+00,2.996278050579873593e+02,5.437191174777877478e+01,3.598511074154272293e+00
2.200000000000000178e+00,2.998386529178915225e+02,5.482438373576824375e+01,3.627011601494952053e+00
2.300000000000000266e+00,3.000495007777956289e+02,5.527685572375770562e+01,3.655512128835631813e+00
2.400000000000000355e+00,3.002603486376997921e+02,5.572932771174717459e+01,3.684012656176311573e+00
2.500000000000000000e+00,3.004711964976039553e+02,5.618179969973663646e+01,3.712513183516990889e+00
2.600000000000000089e+00,3.006820443575081185e+02,5.663427168772610543e+01,3.741013710857670649e+00
2.700000000000000178e+00,3.008928922174122818e+02,5.708674367571556729e+01,3.769514238198349965e+00
2.800000000000000266e+00,3.011037400773164450e+02,5.753921566370503626e+01,3.798014765539029725e+00
2.900000000000000355e+00,3.013145879372206082e+02,5.799168765169450523e+01,3.826515292879709484e+00
3.000000000000000000e+00,3.015254357971247714e+02,5.844415963968396710e+01,3.855015820220389244e+00
3.100000000000000089e+00,3.017362836570289346e+02,5.889663162767342897e+01,3.883516347561069004e+00
3.200000000000000178e+00,3.019471315169330978e+02,5.934910361566289794e+01,3.912016874901748320e+00
3.300000000000000266e+00,3.021579793768372610e+02,5.980157560365236691e+01,3.940517402242428080e+00
3.400000000000000355e+00,3.023688272367414243e+02,6.025404759164182877e+01,3.969017929583107840e+00
3.500000000000000000e+00,3.025796750966455875e+02,6.070651957963129064e+01,3.997518456923787156e+00
3.600000000000000089e+00,3.027905229565497507e+02,6.115899156762075961e+01,4.026018984264466916e+00
3.700000000000000178e+00,3.030013708164539139e+02,6.161146355561022858e+01,4.054519511605146675e+00
3.800000000000000266e+00,3.032122186763580203e+02,6.206393554359969045e+01,4.083020038945826435e+00
3.900000000000000355e+00,3.034230665362621835e+02,6.251640753158915231e+01,4.111520566286506195e+00
4.000000000000000000e+00,3.036339143961663467e+02,6.296887951957862128e+01,4.140021093627185067e+00
4.100000000000000533e+00,3.038447622560705099e+02,6.342135150756809026e+01,4.168521620967865715e+00
4.200000000000000178e+00,3.040556101159746731e+02,6.387382349555755923e+01,4.197022148308544587e+00
4.299999999999999822e+00,3.042664579758788364e+02,6.432629548354702820e+01,4.225522675649224347e+00
4.400000000000000355e+00,3.044773058357829996e+02,6.477876747153648296e+01,4.254023202989904107e+00
4.500000000000000000e+00,3.046881536956871628e+02,6.523123945952595193e+01,4.282523730330583867e+00
4.600000000000000533e+00,3.048990015555913260e+02,6.568371144751542090e+01,4.311024257671263626e+00
4.700000000000000178e+00,3.051098494154954892e+02,6.613618343550487566e+01,4.339524785011942498e+00
4.800000000000000711e+00,3.053206972753996524e+02,6.658865542349434463e+01,4.368025312352623146e+00
4.900000000000000355e+00,3.055315451353038156e+02,6.704112741148381360e+01,4.396525839693302018e+00
5.000000000000000000e+00,3.057423929952079789e+02,6.749359939947328257e+01,4.425026367033981778e+00
5.100000000000000533e+00,3.059532408551121421e+02,6.794607138746275155e+01,4.453526894374661538e+00
5.200000000000000178e+00,3.061640887150163053e+02,6.839854337545220631e+01,4.482027421715341298e+00
5.300000000000000711e+00,3.063749365749204117e+02,6.885101536344167528e+01,4.510527949056021058e+00
5.400000000000000355e+00,3.065857844348245749e+02,6.930348735143114425e+01,4.539028476396699929e+00
5.500000000000000000e+00,3.067966322947287381e+02,6.975595933942059901e+01,4.567529003737380577e+00
5.600000000000000533e+00,3.070074801546329013e+02,7.020843132741006798e+01,4.596029531078059449e+00
5.700000000000000178e+00,3.072183280145370645e+02,7.066090331539953695e+01,4.624530058418739209e+00
5.800000000000000711e+00,3.074291758744412277e+02,7.111337530338900592e+01,4.653030585759418969e+00
5.900000000000000355e+00,3.076400237343453909e+02,7.156584729137847489e+01,4.681531113100098729e+00
6.000000000000000000e+00,3.078508715942495542e+02,7.201831927936794386e+01,4.710031640440778489e+00
6.100000000000000533e+00,3.080617194541537174e+02,7.247079126735741283e+01,4.738532167781458249e+00
6.200000000000000178e+00,3.082725673140578806e+02,7.292326325534686760e+01,4.767032695122138009e+00
6.300000000000000711e+00,3.084834151739620438e+02,7.337573524333633657e+01,4.795533222462816880e+00
6.400000000000000355e+00,3.086942630338662070e+02,7.382820723132579133e+01,4.824033749803496640e+00
6.500000000000000000e+00,3.089051108937703702e+02,7.428067921931526030e+01,4.852534277144176400e+00
6.600000000000000533e+00,3.091159587536745335e+02,7.473315120730472927e+01,4.881034804484856160e+00
6.700000000000000178e+00,3.093268066135786967e+02,7.518562319529419824e+01,4.909535331825535920e+00
6.800000000000000711e+00,3.095376544734828030e+02,7.563809518328366721e+01,4.938035859166215680e+00
6.900000000000000355e+00,3.097485023333869663e+02,7.609056717127312197e+01,4.966536386506895440e+00
7.000000000000000000e+00,3.099593501932911295e+02,7.654303915926259094e+01,4.995036913847574311e+00
7.100000000000000533e+00,3.101701980531952927e+02,7.699551114725205991e+01,5.023537441188254959e+00
7.200000000000000178e+00,3.103810459130994559e+02,7.744798313524151467e+01,5.052037968528933831e+00
7.300000000000000711e+00,3.105918937730036191e+02,7.790045512323098365e+01,5.080538495869613591e+00
7.400000000000000355e+00,3.108027416329077823e+02,7.835292711122045262e+01,5.109039023210293351e+00
7.500000000000000000e+00,3.110135894928119455e+02,7.880539909920992159e+01,5.137539550550972223e+00
7.600000000000000533e+00,3.112244373527161088e+02,7.925787108719939056e+01,5.166040077891652871e+00
7.700000000000000178e+00,3.114352852126202720e+02,7.971034307518885953e+01,5.194540605232331743e+00
7.800000000000000711e+00,3.116461330725244352e+02,8.016281506317831429e+01,5.223041132573012391e+00
7.900000000000000355e+00,3.118569809324285984e+02,8.061528705116778326e+01,5.251541659913691262e+00
8.000000000000000000e+00,3.120678287923327616e+02,8.106775903915723802e+01,5.280042187254371022e+00
8.099999999999999645e+00,3.122786766522369248e+02,8.152023102714670699e+01,5.308542714595050782e+00
8.200000000000001066e+00,3.124895245121410881e+02,8.197270301513617596e+01,5.337043241935730542e+00
8.300000000000000711e+00,3.127003723720451944e+02,8.242517500312564493e+01,5.365543769276410302e+00
8.400000000000000355e+00,3.129112202319493576e+02,8.287764699111511391e+01,5.394044296617089174e+00
8.500000000000000000e+00,3.131220680918535209e+02,8.333011897910458288e+01,5.422544823957769822e+00
8.599999999999999645e+00,3.133329159517576841e+02,8.378259096709405185e+01,5.451045351298448693e+00
8.700000000000001066e+00,3.135437638116618473e+02,8.423506295508352082e+01,5.479545878639129342e+00
8.800000000000000711e+00,3.137546116715660105e+02,8.468753494307297558e+01,5.508046405979808213e+00
8.900000000000000355e+00,3.139654595314701737e+02,8.514000693106243034e+01,5.536546933320487973e+00
9.000000000000000000e+00,3.141763073913743369e+02,8.559247891905189931e+01,5.565047460661167733e+00
9.099999999999999645e+00,3.143871552512785001e+02,8.604495090704136828e+01,5.593547988001846605e+00
9.200000000000001066e+00,3.145980031111826634e+02,8.649742289503083725e+01,5.622048515342527253e+00
9.300000000000000711e+00,3.148088509710868266e+02,8.694989488302030622e+01,5.650549042683206125e+00
9.400000000000000355e+00,3.150196988309909898e+02,8.740236687100977520e+01,5.679049570023885884e+00
9.500000000000000000e+00,3.152305466908951530e+02,8.785483885899922996e+01,5.707550097364565644e+00
9.600000000000001421e+00,3.154413945507993162e+02,8.830731084698871314e+01,5.736050624705246292e+00
9.700000000000001066e+00,3.156522424107034794e+02,8.875978283497816790e+01,5.764551152045925164e+00
9.800000000000000711e+00,3.158630902706075858e+02,8.921225482296762266e+01,5.793051679386604036e+00
9.900000000000000355e+00,3.160739381305117490e+02,8.966472681095709163e+01,5.821552206727284684e+00
1.000000000000000000e+01,3.162847859904159122e+02,9.011719879894656060e+01,5.850052734067963556e+00
1.010000000000000142e+01,3.164956338503200755e+02,9.056967078693602957e+01,5.878553261408644204e+00
1.020000000000000107e+01,3.167064817102242387e+02,9.102214277492549854e+01,5.907053788749323076e+00
1.030000000000000071e+01,3.169173295701284019e+02,9.147461476291496751e+01,5.935554316090002835e+00
1.040000000000000036e+01,3.171281774300325651e+02,9.192708675090442227e+01,5.964054843430682595e+00
1.050000000000000000e+01,3.173390252899367283e+02,9.237955873889389125e+01,5.992555370771361467e+00
1.060000000000000142e+01,3.175498731498408915e+02,9.283203072688336022e+01,6.021055898112042115e+00
1.070000000000000107e+01,3.177607210097450547e+02,9.328450271487282919e+01,6.049556425452721875e+00
1.080000000000000071e+01,3.179715688696492180e+02,9.373697470286228395e+01,6.078056952793400747e+00
1.090000000000000036e+01,3.181824167295533812e+02,9.418944669085175292e+01,6.106557480134080507e+00
1.100000000000000000e+01,3.183932645894575444e+02,9.464191867884122189e+01,6.135058007474760267e+00
1.110000000000000142e+01,3.186041124493617076e+02,9.509439066683069086e+01,6.163558534815440026e+00
1.120000000000000107e+01,3.188149603092658708e+02,9.554686265482015983e+01,6.192059062156119786e+00
1.130000000000000071e+01,3.190258081691699772e+02,9.599933464280961459e+01,6.220559589496799546e+00
1.140000000000000036e+01,3.192366560290741404e+02,9.645180663079908356e+01,6.249060116837478418e+00
1.150000000000000000e+01,3.194475038889783036e+02,9.690427861878853832e+01,6.277560644178159066e+00
1.160000000000000142e+01,3.196583517488824668e+02,9.735675060677802151e+01,6.306061171518837938e+00
1.170000000000000107e+01,3.198691996087866301e+02,9.780922259476747627e+01,6.334561698859518586e+00
1.180000000000000071e+01,3.200800474686907933e+02,9.826169458275694524e+01,6.363062226200197458e+00
1.190000000000000036e+01,3.202908953285949565e+02,9.871416657074641421e+01,6.391562753540876329e+00
1.200000000000000000e+01,3.205017431884991197e+02,9.916663855873588318e+01,6.420063280881556977e+00
1.210000000000000142e+01,3.207125910484032829e+02,9.961911054672535215e+01,6.448563808222236737e+00
1.220000000000000107e+01,3.209234389083074461e+02,1.000715825347148211e+02,6.477064335562916497e+00
1.230000000000000071e+01,3.211342867682116093e+02,1.005240545227042617e+02,6.505564862903595369e+00
1.240000000000000036e+01,3.213451346281157726e+02,1.009765265106937306e+02,6.534065390244275129e+00
1.250000000000000000e+01,3.215559824880199358e+02,1.014289984986831996e+02,6.562565917584954889e+00
1.260000000000000142e+01,3.217668303479240990e+02,1.018814704866726686e+02,6.591066444925634649e+00
1.270000000000000107e+01,3.219776782078282622e+02,1.023339424746621376e+02,6.619566972266314409e+00
1.280000000000000071e+01,3.221885260677323686e+02,1.027864144626516065e+02,6.648067499606993280e+00
1.290000000000000036e+01,3.223993739276365318e+02,1.032388864506410755e+02,6.676568026947673928e+00
1.300000000000000000e+01,3.226102217875406950e+02,1.036913584386305303e+02,6.705068554288352800e+00
1.310000000000000142e+01,3.228210696474448582e+02,1.041438304266199992e+02,6.733569081629032560e+00
1.320000000000000107e+01,3.230319175073490214e+02,1.045963024146094540e+02,6.762069608969712320e+00
1.330000000000000071e+01,3.232427653672531846e+02,1.050487744025989230e+02,6.790570136310392080e+00
1.340000000000000036e+01,3.234536132271573479e+02,1.055012463905883919e+02,6.819070663651071840e+00
1.350000000000000000e+01,3.236644610870615111e+02,1.059537183785778609e+02,6.847571190991750711e+00
1.360000000000000142e+01,3.238753089469656743e+02,1.064061903665673299e+02,6.876071718332431359e+00
1.370000000000000107e+01,3.240861568068698375e+02,1.068586623545567988e+02,6.904572245673110231e+00
1.380000000000000071e+01,3.242970046667740007e+02,1.073111343425462536e+02,6.933072773013789991e+00
1.390000000000000036e+01,3.245078525266781639e+02,1.077636063305357226e+02,6.961573300354469751e+00
1.400000000000000000e+01,3.247187003865823272e+02,1.082160783185251773e+02,6.990073827695149511e+00
1.410000000000000142e+01,3.249295482464864904e+02,1.086685503065146463e+02,7.018574355035829271e+00
1.420000000000000107e+01,3.251403961063906536e+02,1.091210222945041153e+02,7.047074882376509031e+00
1.430000000000000071e+01,3.253512439662947600e+02,1.095734942824935843e+02,7.075575409717187902e+00
1.440000000000000036e+01,3.255620918261989232e+02,1.100259662704830532e+02,7.104075937057867662e+00
1.450000000000000000e+01,3.257729396861030864e+02,1.104784382584725222e+02,7.132576464398547422e+00
1.460000000000000142e+01,3.259837875460072496e+02,1.109309102464619912e+02,7.161076991739227182e+00
1.470000000000000107e+01,3.261946354059114128e+02,1.113833822344514601e+02,7.189577519079906942e+00
1.480000000000000071e+01,3.264054832658155760e+02,1.118358542224409007e+02,7.218078046420586702e+00
1.490000000000000036e+01,3.266163311257197392e+02,1.122883262104303697e+02,7.246578573761266462e+00
1.500000000000000000e+01,3.268271789856239025e+02,1.127407981984198386e+02,7.275079101101945334e+00
1.510000000000000142e+01,3.270380268455280657e+02,1.131932701864093076e+02,7.303579628442625093e+00
1.520000000000000107e+01,3.272488747054322289e+02,1.136457421743987766e+02,7.332080155783304853e+00
1.530000000000000071e+01,3.274597225653363921e+02,1.140982141623882455e+02,7.360580683123984613e+00
1.540000000000000036e+01,3.276705704252405553e+02,1.145506861503777145e+02,7.389081210464664373e+00
1.550000000000000000e+01,3.278814182851447185e+02,1.150031581383671835e+02,7.417581737805344133e+00
1.560000000000000142e+01,3.280922661450488818e+02,1.154556301263566240e+02,7.446082265146023893e+00
1.570000000000000107e+01,3.283031140049530450e+02,1.159081021143460930e+02,7.474582792486703653e+00
1.580000000000000071e+01,3.285139618648571513e+02,1.163605741023355620e+02,7.503083319827382525e+00
1.590000000000000036e+01,3.287248097247613146e+02,1.168130460903250309e+02,7.531583847168062285e+00
1.600000000000000000e+01,3.289356575846654778e+02,1.172655180783144999e+02,7.560084374508742044e+00
1.610000000000000142e+01,3.291465054445696410e+02,1.177179900663039689e+02,7.588584901849421804e+00
1.619999999999999929e+01,3.293573533044738042e+02,1.181704620542934379e+02,7.617085429190101564e+00
1.630000000000000071e+01,3.295682011643779674e+02,1.186229340422829068e+02,7.645585956530781324e+00
1.640000000000000213e+01,3.297790490242821306e+02,1.190754060302723758e+02,7.674086483871461084e+00
1.650000000000000000e+01,3.299898968841862938e+02,1.195278780182618164e+02,7.702587011212139956e+00
1.660000000000000142e+01,3.302007447440904571e+02,1.199803500062512853e+02,7.731087538552819716e+00
1.669999999999999929e+01,3.304115926039946203e+02,1.204328219942407543e+02,7.759588065893499476e+00
1.680000000000000071e+01,3.306224404638987835e+02,1.208852939822302233e+02,7.788088593234179235e+00
1.690000000000000213e+01,3.308332883238029467e+02,1.213377659702196922e+02,7.816589120574859884e+00
1.700000000000000000e+01,3.310441361837071099e+02,1.217902379582091612e+02,7.845089647915538755e+00
1.710000000000000142e+01,3.312549840436112163e+02,1.222427099461986302e+02,7.873590175256218515e+00
1.719999999999999929e+01,3.314658319035154364e+02,1.226951819341880991e+02,7.902090702596897387e+00
1.730000000000000071e+01,3.316766797634195427e+02,1.231476539221775397e+02,7.930591229937577147e+00
1.740000000000000213e+01,3.318875276233237628e+02,1.236001259101670371e+02,7.959091757278257795e+00
1.750000000000000000e+01,3.320983754832278692e+02,1.240525978981564776e+02,7.987592284618936667e+00
1.760000000000000142e+01,3.323092233431320324e+02,1.245050698861459466e+02,8.016092811959616427e+00
1.769999999999999929e+01,3.325200712030361956e+02,1.249575418741354156e+02,8.044593339300295298e+00
1.780000000000000071e+01,3.327309190629403588e+02,1.254100138621248846e+02,8.073093866640975946e+00
1.790000000000000213e+01,3.329417669228445220e+02,1.258624858501143535e+02,8.101594393981656594e+00
1.800000000000000000e+01,3.331526147827486852e+02,1.263149578381038225e+02,8.130094921322335466e+00
1.810000000000000142e+01,3.333634626426528484e+02,1.267674298260932915e+02,8.158595448663014338e+00
1.819999999999999929e+01,3.335743105025570117e+02,1.272199018140827320e+02,8.187095976003693210e+00
1.830000000000000071e+01,3.337851583624611749e+02,1.276723738020722010e+02,8.215596503344373858e+00
1.840000000000000213e+01,3.339960062223653381e+02,1.281248457900616984e+02,8.244097030685054506e+00
1.850000000000000000e+01,3.342068540822695013e+02,1.285773177780511389e+02,8.272597558025733377e+00
1.860000000000000142e+01,3.344177019421736077e+02,1.290297897660406079e+02,8.301098085366412249e+00
1.869999999999999929e+01,3.346285498020778277e+02,1.294822617540300769e+02,8.329598612707091121e+00
1.880000000000000071e+01,3.348393976619819341e+02,1.299347337420195458e+02,8.358099140047771769e+00
1.890000000000000213e+01,3.350502455218861542e+02,1.303872057300090148e+02,8.386599667388452417e+00
1.900000000000000000e+01,3.352610933817902605e+02,1.308396777179984554e+02,8.415100194729131289e+00
1.910000000000000142e+01,3.354719412416944238e+02,1.312921497059879243e+02,8.443600722069810161e+00
1.920000000000000284e+01,3.356827891015985870e+02,1.317446216939774217e+02,8.472101249410492585e+00
1.930000000000000071e+01,3.358936369615027502e+02,1.321970936819668623e+02,8.500601776751171457e+00
1.940000000000000213e+01,3.361044848214069134e+02,1.326495656699563312e+02,8.529102304091850328e+00
1.950000000000000000e+01,3.363153326813110766e+02,1.331020376579458002e+02,8.557602831432529200e+00
1.960000000000000142e+01,3.365261805412152398e+02,1.335545096459352692e+02,8.586103358773208072e+00
1.970000000000000284e+01,3.367370284011194030e+02,1.340069816339247382e+02,8.614603886113890496e+00
1.980000000000000071e+01,3.369478762610235663e+02,1.344594536219142071e+02,8.643104413454569368e+00
1.990000000000000213e+01,3.371587241209277295e+02,1.349119256099036761e+02,8.671604940795248240e+00
2.000000000000000000e+01,3.373695719808318927e+02,1.353643975978931167e+02,8.700105468135927111e+00
2.010000000000000142e+01,3.375804198407359991e+02,1.358168695858825856e+02,8.728605995476607760e+00
2.020000000000000284e+01,3.377912677006402191e+02,1.362693415738720830e+02,8.757106522817288408e+00
2.030000000000000071e+01,3.380021155605443255e+02,1.367218135618615236e+02,8.785607050157967279e+00
2.040000000000000213e+01,3.382129634204485455e+02,1.371742855498509925e+02,8.814107577498646151e+00
2.050000000000000000e+01,3.384238112803526519e+02,1.376267575378404615e+02,8.842608104839325023e+00
2.060000000000000142e+01,3.386346591402568151e+02,1.380792295258299305e+02,8.871108632180005671e+00
2.070000000000000284e+01,3.388455070001609784e+02,1.385317015138193995e+02,8.899609159520686319e+00
2.080000000000000071e+01,3.390563548600651416e+02,1.389841735018088400e+02,8.928109686861365191e+00
2.090000000000000213e+01,3.392672027199693048e+02,1.394366454897983374e+02,8.956610214202044062e+00
2.100000000000000000e+01,3.394780505798734680e+02,1.398891174777877779e+02,8.985110741542722934e+00
2.110000000000000142e+01,3.396888984397776312e+02,1.403415894657772469e+02,9.013611268883403582e+00
2.120000000000000284e+01,3.398997462996817944e+02,1.407940614537667159e+02,9.042111796224084230e+00
2.130000000000000071e+01,3.401105941595859576e+02,1.412465334417561849e+02,9.070612323564763102e+00
2.140000000000000213e+01,3.403214420194901209e+02,1.416990054297456538e+02,9.099112850905443750e+00
2.150000000000000000e+01,3.403136206986690695e+02,1.421911079553322850e+02,9.123240521285220339e+00
2.160000000000000142e+01,3.402739687313009540e+02,1.426889793123131653e+02,9.146731655396548533e+00
2.170000000000000284e+01,3.402343167639327817e+02,1.431868506692940741e+02,9.170222789507878502e+00
2.180000000000000071e+01,3.401946647965646662e+02,1.436847220262749829e+02,9.193713923619206696e+00
2.190000000000000213e+01,3.401550128291965507e+02,1.441825933832558917e+02,9.217205057730534890e+00
2.200000000000000000e+01,3.401153608618283783e+02,1.446804647402367721e+02,9.240696191841863083e+00
2.210000000000000142e+01,3.400757088944602629e+02,1.451783360972176524e+02,9.264187325953191277e+00
2.220000000000000284e+01,3.400360569270921474e+02,1.456762074541985612e+02,9.287678460064521246e+00
2.230000000000000071e+01,3.399964049597239750e+02,1.461740788111794700e+02,9.311169594175849440e+00
2.240000000000000213e+01,3.399567529923558595e+02,1.466719501681603788e+02,9.334660728287179410e+00
2.250000000000000000e+01,3.399171010249877440e+02,1.471698215251412591e+02,9.358151862398505827e+00
2.260000000000000142e+01,3.398774490576195717e+02,1.476676928821221395e+02,9.381642996509835797e+00
2.270000000000000284e+01,3.398377970902514562e+02,1.481655642391030483e+02,9.405134130621163990e+00
2.280000000000000071e+01,3.397981451228833407e+02,1.486634355960839287e+02,9.428625264732492184e+00
2.290000000000000213e+01,3.397584931555151684e+02,1.491613069530648659e+02,9.452116398843822154e+00
2.300000000000000000e+01,3.397188411881470529e+02,1.496591783100457462e+02,9.475607532955150347e+00
2.310000000000000142e+01,3.396791892207789374e+02,1.501570496670266266e+02,9.499098667066478541e+00
2.320000000000000284e+01,3.396395372534107651e+02,1.506549210240075354e+02,9.522589801177808511e+00
2.330000000000000071e+01,3.395998852860426496e+02,1.511527923809884157e+02,9.546080935289136704e+00
2.340000000000000213e+01,3.395602333186745341e+02,1.516506637379693530e+02,9.569572069400464898e+00
2.350000000000000000e+01,3.395205813513064186e+02,1.521485350949502333e+02,9.593063203511793091e+00
2.360000000000000142e+01,3.394809293839382462e+02,1.526464064519311137e+02,9.616554337623121285e+00
2.370000000000000284e+01,3.394412774165701308e+02,1.531442778089120225e+02,9.640045471734451255e+00
2.380000000000000071e+01,3.394016254492020153e+02,1.536421491658929028e+02,9.663536605845779448e+00
2.390000000000000213e+01,3.393619734818338429e+02,1.541400205228738400e+02,9.687027739957109418e+00
2.400000000000000000e+01,3.393223215144657274e+02,1.546378918798547204e+02,9.710518874068437611e+00
2.410000000000000142e+01,3.392826695470976119e+02,1.551357632368356008e+02,9.734010008179765805e+00
2.420000000000000284e+01,3.392430175797294396e+02,1.556336345938165096e+02,9.757501142291093998e+00
2.430000000000000071e+01,3.392033656123613241e+02,1.561315059507973899e+02,9.780992276402422192e+00
2.440000000000000213e+01,3.391637136449932086e+02,1.566293773077783271e+02,9.804483410513752162e+00
2.450000000000000000e+01,3.391240616776250363e+02,1.571272486647592075e+02,9.827974544625080355e+00
2.460000000000000142e+01,3.390844097102569208e+02,1.576251200217400879e+02,9.851465678736408549e+00
2.470000000000000284e+01,3.390447577428888053e+02,1.581229913787209966e+02,9.874956812847738519e+00
2.480000000000000071e+01,3.390051057755206330e+02,1.586208627357018770e+02,9.898447946959066712e+00
2.490000000000000213e+01,3.389654538081525175e+02,1.591187340926828142e+02,9.921939081070394906e+00
2.500000000000000000e+01,3.389258018407844020e+02,1.596166054496636946e+02,9.945430215181723099e+00
2.510000000000000142e+01,3.388861498734162865e+02,1.601144768066445749e+02,9.968921349293053069e+00
2.520000000000000284e+01,3.388464979060481141e+02,1.606123481636254837e+02,9.992412483404381263e+00
2.530000000000000071e+01,3.388068459386799987e+02,1.611102195206063641e+02,1.001590361751570946e+01
2.540000000000000213e+01,3.387671939713118832e+02,1.616080908775873013e+02,1.003939475162703943e+01
2.550000000000000000e+01,3.387275420039437108e+02,1.621059622345681817e+02,1.006288588573836762e+01
2.560000000000000142e+01,3.386878900365755953e+02,1.626038335915490620e+02,1.008637701984969581e+01
2.570000000000000284e+01,3.386482380692074798e+02,1.631017049485299708e+02,1.010986815396102401e+01
2.580000000000000071e+01,3.386085861018393075e+02,1.635995763055108512e+02,1.013335928807235220e+01
2.590000000000000213e+01,3.385689341344711920e+02,1.640974476624917600e+02,1.015685042218368217e+01
2.600000000000000000e+01,3.385292821671030765e+02,1.645953190194726687e+02,1.018034155629501036e+01
2.610000000000000142e+01,3.384896301997349042e+02,1.650931903764535491e+02,1.020383269040633856e+01
2.620000000000000284e+01,3.384499782323667887e+02,1.655910617334344579e+02,1.022732382451766853e+01
2.630000000000000071e+01,3.384103262649986732e+02,1.660889330904153383e+02,1.025081495862899672e+01
2.640000000000000213e+01,3.383706742976305009e+02,1.665868044473962470e+02,1.027430609274032491e+01
2.650000000000000000e+01,3.383310223302623854e+02,1.670846758043771558e+02,1.029779722685165311e+01
2.660000000000000142e+01,3.382913703628942699e+02,1.675825471613580362e+02,1.032128836096298308e+01
2.670000000000000284e+01,3.382517183955260975e+02,1.680804185183389450e+02,1.034477949507431127e+01
2.680000000000000071e+01,3.382120664281579820e+02,1.685782898753198253e+02,1.036827062918563946e+01
2.690000000000000213e+01,3.381724144607898666e+02,1.690761612323007341e+02,1.039176176329696943e+01
2.700000000000000000e+01,3.381327624934217511e+02,1.695740325892816429e+02,1.041525289740829763e+01
2.710000000000000142e+01,3.380931105260535787e+02,1.700719039462625233e+02,1.043874403151962582e+01
2.720000000000000284e+01,3.380534585586854632e+02,1.705697753032434321e+02,1.046223516563095401e+01
2.730000000000000071e+01,3.380138065913173477e+02,1.710676466602243124e+02,1.048572629974228398e+01
2.740000000000000213e+01,3.379741546239491754e+02,1.715655180172052212e+02,1.050921743385361218e+01
2.750000000000000000e+01,3.379345026565810599e+02,1.720633893741861300e+02,1.053270856796494037e+01
2.760000000000000142e+01,3.378965743709880485e+02,1.725612132168120638e+02,1.055621990313327885e+01
2.770000000000000284e+01,3.379630287835773288e+02,1.730561596857580184e+02,1.058095457364533942e+01
2.780000000000000071e+01,3.380294831961666091e+02,1.735511061547039731e+02,1.060568924415740000e+01
2.790000000000000213e+01,3.380959376087559463e+02,1.740460526236499277e+02,1.063042391466946235e+01
2.800000000000000000e+01,3.381623920213452266e+02,1.745409990925958823e+02,1.065515858518152292e+01
2.810000000000000142e+01,3.382288464339345069e+02,1.750359455615418369e+02,1.067989325569358350e+01
2.820000000000000284e+01,3.382953008465237872e+02,1.755308920304878200e+02,1.070462792620564407e+01
2.830000000000000071e+01,3.383617552591131243e+02,1.760258384994337746e+02,1.072936259671770465e+01
2.840000000000000213e+01,3.384282096717024046e+02,1.765207849683797292e+02,1.075409726722976522e+01
2.850000000000000000e+01,3.384946640842916850e+02,1.770157314373256838e+02,1.077883193774182580e+01
2.860000000000000142e+01,3.385611184968810221e+02,1.775106779062716384e+02,1.080356660825388815e+01
2.870000000000000284e+01,3.386275729094703024e+02,1.780056243752175931e+02,1.082830127876594872e+01
2.880000000000000071e+01,3.386940273220595827e+02,1.785005708441635477e+02,1.085303594927800930e+01
2.890000000000000213e+01,3.387604817346488630e+02,1.789955173131095023e+02,1.087777061979006987e+01
2.900000000000000000e+01,3.388269361472382002e+02,1.794904637820554569e+02,1.090250529030213045e+01
2.910000000000000142e+01,3.388933905598274805e+02,1.799854102510014116e+02,1.092723996081419102e+01
2.920000000000000284e+01,3.389598449724167608e+02,1.804803567199473662e+02,1.095197463132625160e+01
2.930000000000000071e+01,3.390262993850060411e+02,1.809753031888933492e+02,1.097670930183831395e+01
2.940000000000000213e+01,3.390927537975953783e+02,1.814702496578393038e+02,1.100144397235037452e+01
2.950000000000000000e+01,3.391592082101846586e+02,1.819651961267852585e+02,1.102617864286243510e+01
2.960000000000000142e+01,3.392256626227739389e+02,1.824601425957312131e+02,1.105091331337449567e+01
2.970000000000000284e+01,3.392921170353632192e+02,1.829550890646771677e+02,1.107564798388655625e+01
2.980000000000000071e+01,3.393585714479525564e+02,1.834500355336231223e+02,1.110038265439861682e+01
2.990000000000000213e+01,3.394250258605418367e+02,1.839449820025690769e+02,1.112511732491067740e+01
3.000000000000000000e+01,3.394914802731311170e+02,1.844399284715150316e+02,1.114985199542273975e+01
3.010000000000000142e+01,3.395579346857204541e+02,1.849348749404609862e+02,1.117458666593480032e+01
3.020000000000000284e+01,3.396243890983097344e+02,1.854298214094069408e+02,1.119932133644686090e+01
3.030000000000000071e+01,3.396908435108990147e+02,1.859247678783528954e+02,1.122405600695892147e+01
3.040000000000000213e+01,3.397572979234882951e+02,1.864197143472988785e+02,1.124879067747098205e+01
3.050000000000000000e+01,3.398237523360776322e+02,1.869146608162448331e+02,1.127352534798304262e+01
3.060000000000000142e+01,3.398902067486669125e+02,1.874096072851907877e+02,1.129826001849510320e+01
3.070000000000000284e+01,3.399566611612561928e+02,1.879045537541367423e+02,1.132299468900716377e+01
3.080000000000000071e+01,3.400231155738454731e+02,1.883995002230826969e+02,1.134772935951922612e+01
3.090000000000000213e+01,3.400895699864348103e+02,1.888944466920286516e+02,1.137246403003128670e+01
3.100000000000000000e+01,3.401560243990240906e+02,1.893893931609746062e+02,1.139719870054334727e+01
3.110000000000000142e+01,3.402224788116133709e+02,1.898843396299205608e+02,1.142193337105540785e+01
3.120000000000000284e+01,3.402889332242027081e+02,1.903792860988665154e+02,1.144666804156746842e+01
3.130000000000000071e+01,3.403553876367919884e+02,1.908742325678124701e+02,1.147140271207952900e+01
3.140000000000000213e+01,3.404218420493812687e+02,1.913691790367584531e+02,1.149613738259158957e+01
3.150000000000000000e+01,3.404882964619705490e+02,1.918641255057044077e+02,1.152087205310365192e+01
3.160000000000000142e+01,3.405547508745598861e+02,1.923590719746503623e+02,1.154560672361571250e+01
3.170000000000000284e+01,3.406212052871491665e+02,1.928540184435963170e+02,1.157034139412777307e+01
3.180000000000000071e+01,3.406876596997384468e+02,1.933489649125422716e+02,1.159507606463983365e+01
3.190000000000000213e+01,3.407541141123277271e+02,1.938439113814882262e+02,1.161981073515189422e+01
3.200000000000000000e+01,3.408205685249170642e+02,1.943388578504341808e+02,1.164454540566395480e+01
3.210000000000000142e+01,3.408870229375063445e+02,1.948338043193801354e+02,1.166928007617601537e+01
3.220000000000000284e+01,3.409534773500956248e+02,1.953287507883260901e+02,1.169401474668807595e+01
3.230000000000000426e+01,3.410199317626849620e+02,1.958236972572720731e+02,1.171874941720013830e+01
3.239999999999999858e+01,3.410863861752742423e+02,1.963186437262179993e+02,1.174348408771219887e+01
3.250000000000000000e+01,3.411528405878635226e+02,1.968135901951639539e+02,1.176821875822425945e+01
3.260000000000000142e+01,3.412192950004528029e+02,1.973085366641099085e+02,1.179295342873632002e+01
3.270000000000000284e+01,3.412857494130421401e+02,1.978034831330558916e+02,1.181768809924838060e+01
3.280000000000000426e+01,3.413522038256314204e+02,1.982984296020018746e+02,1.184242276976044295e+01
3.289999999999999858e+01,3.414186582382207007e+02,1.987933760709478008e+02,1.186715744027250352e+01
3.300000000000000000e+01,3.414851126508099810e+02,1.992883225398937554e+02,1.189189211078456410e+01
3.310000000000000142e+01,3.415515670633993182e+02,1.997832690088397101e+02,1.191662678129662467e+01
3.320000000000000284e+01,3.416180214759885985e+02,2.002782154777856647e+02,1.194136145180868525e+01
3.330000000000000426e+01,3.416844758885778788e+02,2.007731619467316477e+02,1.196609612232074760e+01
3.339999999999999858e+01,3.417509303011671591e+02,2.012681084156775739e+02,1.199083079283280640e+01
3.350000000000000000e+01,3.418173847137564962e+02,2.017630548846235286e+02,1.201556546334486697e+01
3.360000000000000142e+01,3.418838391263457765e+02,2.022580013535695116e+02,1.204030013385692754e+01
3.370000000000000284e+01,3.419502935389350569e+02,2.027529478225154662e+02,1.206503480436898812e+01
3.380000000000000426e+01,3.420167479515243940e+02,2.032478942914614493e+02,1.208976947488105225e+01
3.389999999999999858e+01,3.420832023641136743e+02,2.037428407604073755e+02,1.211450414539311105e+01
3.400000000000000000e+01,3.421496567767029546e+02,2.042377872293533301e+02,1.213923881590517162e+01
3.410000000000000142e+01,3.422161111892922349e+02,2.047327336982992847e+02,1.216397348641723219e+01
3.420000000000000284e+01,3.422825656018815721e+02,2.052276801672452393e+02,1.218870815692929277e+01
3.430000000000000426e+01,3.423490200144708524e+02,2.057226266361912224e+02,1.221344282744135512e+01
3.439999999999999858e+01,3.424154744270601327e+02,2.062175731051371486e+02,1.223817749795341570e+01
3.450000000000000000e+01,3.424819288396494130e+02,2.067125195740831032e+02,1.226291216846547627e+01
3.460000000000000142e+01,3.425483832522387502e+02,2.072074660430290578e+02,1.228764683897753685e+01
3.470000000000000284e+01,3.426148376648280305e+02,2.077024125119750124e+02,1.231238150948959742e+01
3.480000000000000426e+01,3.426812920774173108e+02,2.081973589809210239e+02,1.233711618000165977e+01
3.489999999999999858e+01,3.427477464900066479e+02,2.086923054498669501e+02,1.236185085051371857e+01
3.500000000000000000e+01,3.428142009025959283e+02,2.091872519188129047e+02,1.238658552102577914e+01
3.510000000000000142e+01,3.428806553151852086e+02,2.096821983877588593e+02,1.241132019153783972e+01
3.520000000000000284e+01,3.429471097277744889e+02,2.101771448567048139e+02,1.243605486204990207e+01
3.530000000000000426e+01,3.430135641403638260e+02,2.106720913256507970e+02,1.246078953256196442e+01
3.539999999999999858e+01,3.430800185529531063e+02,2.111670377945967232e+02,1.248552420307402322e+01
3.550000000000000000e+01,3.431464729655423866e+02,2.116619842635426778e+02,1.251025887358608379e+01
3.560000000000000142e+01,3.432129273781316670e+02,2.121569307324886324e+02,1.253499354409814437e+01
3.570000000000000284e+01,3.432793817907210041e+02,2.126518772014346155e+02,1.255972821461020494e+01
3.580000000000000426e+01,3.433458362033102844e+02,2.131468236703805701e+02,1.258446288512226729e+01
3.589999999999999858e+01,3.434122906158995647e+02,2.136417701393265247e+02,1.260919755563432787e+01
3.600000000000000000e+01,3.434787450284889019e+02,2.141367166082724793e+02,1.263393222614638844e+01
3.610000000000000142e+01,3.435451994410781822e+02,2.146316630772184340e+02,1.265866689665844902e+01
3.620000000000000284e+01,3.436116538536674625e+02,2.151266095461643886e+02,1.268340156717050959e+01
3.630000000000000426e+01,3.436781082662567428e+02,2.156215560151103716e+02,1.270813623768257195e+01
3.639999999999999858e+01,3.437445626788460800e+02,2.161165024840562978e+02,1.273287090819463074e+01
3.650000000000000000e+01,3.438110170914353603e+02,2.166114489530022524e+02,1.275760557870669132e+01
3.660000000000000142e+01,3.438774715040246406e+02,2.171063954219482071e+02,1.278234024921875189e+01
3.670000000000000284e+01,3.439439259166139209e+02,2.176013418908941617e+02,1.280707491973081424e+01
3.680000000000000426e+01,3.440103803292032580e+02,2.180962883598401731e+02,1.283180959024287660e+01
3.689999999999999858e+01,3.440768347417925384e+02,2.185912348287860709e+02,1.285654426075493539e+01
3.700000000000000000e+01,3.441432891543818187e+02,2.190861812977320255e+02,1.288127893126699597e+01
3.710000000000000142e+01,3.442097435669711558e+02,2.195811277666780086e+02,1.290601360177905654e+01
3.720000000000000284e+01,3.442761979795604361e+02,2.200760742356239632e+02,1.293074827229111712e+01
3.730000000000000426e+01,3.443426523921497164e+02,2.205710207045699462e+02,1.295548294280317947e+01
3.739999999999999858e+01,3.444091068047389967e+02,2.210659671735158724e+02,1.298021761331524004e+01
3.750000000000000000e+01,3.444755612173283339e+02,2.215609136424618271e+02,1.300495228382730062e+01
3.760000000000000142e+01,3.445420156299176142e+02,2.220558601114077817e+02,1.302968695433936119e+01
3.770000000000000284e+01,3.446084700425068945e+02,2.225508065803537363e+02,1.305442162485142177e+01
3.780000000000000426e+01,3.446749244550961748e+02,2.230457530492997194e+02,1.307915629536348412e+01
3.789999999999999858e+01,3.447413788676855120e+02,2.235406995182456740e+02,1.310389096587554292e+01
3.800000000000000000e+01,3.448078332802747923e+02,2.240356459871916286e+02,1.312862563638760349e+01
3.810000000000000142e+01,3.448742876928640726e+02,2.245305924561375832e+02,1.315336030689966407e+01
3.820000000000000284e+01,3.449407421054533529e+02,2.250255389250835378e+02,1.317809497741172642e+01
3.830000000000000426e+01,3.450071965180426901e+02,2.255204853940295209e+02,1.320282964792378877e+01
3.840000000000000568e+01,3.450736509306319704e+02,2.260154318629754755e+02,1.322756431843584934e+01
3.850000000000000000e+01,3.451401053432212507e+02,2.265103783319214017e+02,1.325229898894790814e+01
3.860000000000000142e+01,3.452065597558105878e+02,2.270053248008673563e+02,1.327703365945996872e+01
3.870000000000000284e+01,3.452730141683998681e+02,2.275002712698133109e+02,1.330176832997203107e+01
3.880000000000000426e+01,3.453394685809891484e+02,2.279952177387592940e+02,1.332650300048409164e+01
3.890000000000000568e+01,3.454059229935784288e+02,2.284901642077052486e+02,1.335123767099615222e+01
3.900000000000000000e+01,3.454723774061677659e+02,2.289851106766511748e+02,1.337597234150821279e+01
3.910000000000000142e+01,3.455388318187570462e+02,2.294800571455971294e+02,1.340070701202027337e+01
3.920000000000000284e+01,3.456052862313463265e+02,2.299750036145430840e+02,1.342544168253233394e+01
3.930000000000000426e+01,3.456717406439356637e+02,2.304699500834890955e+02,1.345017635304439629e+01
3.940000000000000568e+01,3.457381950565249440e+02,2.309648965524350501e+02,1.347491102355645687e+01
3.950000000000000000e+01,3.458046494691142243e+02,2.314598430213809763e+02,1.349964569406851567e+01
3.960000000000000142e+01,3.458711038817035046e+02,2.319547894903269309e+02,1.352438036458057624e+01
3.970000000000000284e+01,3.459375582942928418e+02,2.324497359592728856e+02,1.354911503509263859e+01
3.980000000000000426e+01,3.460040127068821221e+02,2.329446824282188686e+02,1.357384970560470094e+01
3.990000000000000568e+01,3.460704671194714024e+02,2.334396288971648232e+02,1.359858437611676152e+01
4.000000000000000000e+01,3.461369215320606827e+02,2.339345753661107494e+02,1.362331904662882032e+01
4.010000000000000142e+01,3.462033759446500198e+02,2.344295218350567325e+02,1.364805371714088089e+01
4.020000000000000284e+01,3.462698303572393002e+02,2.349244683040026871e+02,1.367278838765294324e+01
4.030000000000000426e+01,3.463362847698285805e+02,2.354194147729486417e+02,1.369752305816500382e+01
4.040000000000000568e+01,3.464027391824179176e+02,2.359143612418946248e+02,1.372225772867706439e+01
4.050000000000000000e+01,3.464691935950071979e+02,2.364093077108405510e+02,1.374699239918912497e+01
4.060000000000000142e+01,3.465356480075964782e+02,2.369042541797865056e+02,1.377172706970118554e+01
4.070000000000000284e+01,3.466021024201857585e+02,2.373992006487324602e+02,1.379646174021324612e+01
4.080000000000000426e+01,3.466685568327750957e+02,2.378941471176784432e+02,1.382119641072530847e+01
4.090000000000000568e+01,3.467350112453643760e+02,2.383890935866243979e+02,1.384593108123736904e+01
4.100000000000000000e+01,3.468014656579536563e+02,2.388840400555703241e+02,1.387066575174942784e+01
4.110000000000000142e+01,3.468679200705429366e+02,2.393789865245162787e+02,1.389540042226149019e+01
4.120000000000000284e+01,3.469495168708369874e+02,2.398675620071615526e+02,1.392047981088040842e+01
4.130000000000000426e+01,3.472558368670177629e+02,2.402615877774129274e+02,1.395067504755207999e+01
4.140000000000000568e+01,3.475621568631985383e+02,2.406556135476642737e+02,1.398087028422374978e+01
4.150000000000000000e+01,3.478684768593792569e+02,2.410496393179155916e+02,1.401106552089541779e+01
4.160000000000000142e+01,3.481747968555599755e+02,2.414436650881669379e+02,1.404126075756708758e+01
4.170000000000000284e+01,3.484811168517407509e+02,2.418376908584182843e+02,1.407145599423875737e+01
4.180000000000000426e+01,3.487874368479215264e+02,2.422317166286696590e+02,1.410165123091042894e+01
4.190000000000000568e+01,3.490937568441022449e+02,2.426257423989210054e+02,1.413184646758209873e+01
4.200000000000000000e+01,3.494000768402830204e+02,2.430197681691723233e+02,1.416204170425376674e+01
4.210000000000000142e+01,3.497063968364637390e+02,2.434137939394236696e+02,1.419223694092543475e+01
4.220000000000000284e+01,3.500127168326445144e+02,2.438078197096750159e+02,1.422243217759710454e+01
4.230000000000000426e+01,3.503190368288252898e+02,2.442018454799263907e+02,1.425262741426877611e+01
4.240000000000000568e+01,3.506253568250060084e+02,2.445958712501777370e+02,1.428282265094044590e+01
4.250000000000000000e+01,3.509316768211867839e+02,2.449898970204290549e+02,1.431301788761211391e+01
4.260000000000000142e+01,3.512379968173675024e+02,2.453839227906804012e+02,1.434321312428378370e+01
4.270000000000000284e+01,3.515443168135482779e+02,2.457779485609317476e+02,1.437340836095545349e+01
4.280000000000000426e+01,3.518506368097290533e+02,2.461719743311830939e+02,1.440360359762712505e+01
4.290000000000000568e+01,3.521569568059097719e+02,2.465660001014344402e+02,1.443379883429879484e+01
4.300000000000000000e+01,3.524632768020905473e+02,2.469600258716857866e+02,1.446399407097046286e+01
4.310000000000000142e+01,3.527695967982712659e+02,2.473540516419371045e+02,1.449418930764213087e+01
4.320000000000000284e+01,3.530759167944520414e+02,2.477480774121884508e+02,1.452438454431380066e+01
4.330000000000000426e+01,3.533822367906328168e+02,2.481421031824398256e+02,1.455457978098547223e+01
4.340000000000000568e+01,3.536885567868135354e+02,2.485361289526911719e+02,1.458477501765714202e+01
4.350000000000000000e+01,3.539948767829943108e+02,2.489301547229424898e+02,1.461497025432881003e+01
4.360000000000000142e+01,3.543011967791750294e+02,2.493241804931938361e+02,1.464516549100047982e+01
4.370000000000000284e+01,3.546075167753558048e+02,2.497182062634451825e+02,1.467536072767214961e+01
4.380000000000000426e+01,3.549138367715365803e+02,2.501122320336965572e+02,1.470555596434382117e+01
4.390000000000000568e+01,3.552201567677172989e+02,2.505062578039479035e+02,1.473575120101549096e+01
4.400000000000000000e+01,3.555264767638980743e+02,2.509002835741992214e+02,1.476594643768715898e+01
4.410000000000000142e+01,3.558327967600787929e+02,2.512943093444505678e+02,1.479614167435882877e+01
4.420000000000000284e+01,3.561391167562595683e+02,2.516883351147019141e+02,1.482633691103049856e+01
4.430000000000000426e+01,3.564454367524403438e+02,2.520823608849532889e+02,1.485653214770216834e+01
4.440000000000000568e+01,3.567517567486210623e+02,2.524763866552046352e+02,1.488672738437383813e+01
4.450000000000000000e+01,3.570580767448018378e+02,2.528704124254559531e+02,1.491692262104550615e+01
4.460000000000000142e+01,3.573643967409825564e+02,2.532644381957072994e+02,1.494711785771717594e+01
4.470000000000000284e+01,3.576707167371633318e+02,2.536584639659586458e+02,1.497731309438884573e+01
4.480000000000000426e+01,3.579770367333441072e+02,2.540524897362099921e+02,1.500750833106051729e+01
4.490000000000000568e+01,3.582833567295248258e+02,2.544465155064613384e+02,1.503770356773218708e+01
4.500000000000000000e+01,3.585896767257056013e+02,2.548405412767126847e+02,1.506789880440385510e+01
4.510000000000000142e+01,3.588959967218863198e+02,2.552345670469640027e+02,1.509809404107552488e+01
4.520000000000000284e+01,3.592023167180670953e+02,2.556285928172153490e+02,1.512828927774719467e+01
4.530000000000000426e+01,3.595086367142478707e+02,2.560226185874667522e+02,1.515848451441886624e+01
4.540000000000000568e+01,3.598149567104285893e+02,2.564166443577180985e+02,1.518867975109053425e+01
4.550000000000000000e+01,3.601212767066093647e+02,2.568106701279693880e+02,1.521887498776220227e+01
4.560000000000000142e+01,3.604275967027900833e+02,2.572046958982207343e+02,1.524907022443387206e+01
4.570000000000000284e+01,3.607339166989708588e+02,2.575987216684720806e+02,1.527926546110554185e+01
4.580000000000000426e+01,3.610402366951516342e+02,2.579927474387234270e+02,1.530946069777721341e+01
4.590000000000000568e+01,3.613465566913323528e+02,2.583867732089747733e+02,1.533965593444888320e+01
4.600000000000000000e+01,3.616528766875131282e+02,2.587807989792261196e+02,1.536985117112055121e+01
4.610000000000000142e+01,3.619591966836938468e+02,2.591748247494774660e+02,1.540004640779222100e+01
4.620000000000000284e+01,3.622655166798746222e+02,2.595688505197288123e+02,1.543024164446389079e+01
4.630000000000000426e+01,3.625718366760553977e+02,2.599628762899801586e+02,1.546043688113556058e+01
4.640000000000000568e+01,3.628781566722361163e+02,2.603569020602315049e+02,1.549063211780723037e+01
4.650000000000000000e+01,3.631844766684168917e+02,2.607509278304828513e+02,1.552082735447889839e+01
4.660000000000000142e+01,3.634907966645976103e+02,2.611449536007341976e+02,1.555102259115056818e+01
4.670000000000000284e+01,3.637971166607783857e+02,2.615389793709855439e+02,1.558121782782223796e+01
4.680000000000000426e+01,3.641034366569591612e+02,2.619330051412368903e+02,1.561141306449390953e+01
4.690000000000000568e+01,3.644097566531398797e+02,2.623270309114882366e+02,1.564160830116557932e+01
4.700000000000000000e+01,3.647160766493206552e+02,2.627210566817395829e+02,1.567180353783724733e+01
4.710000000000000142e+01,3.650223966455013738e+02,2.631150824519909293e+02,1.570199877450891712e+01
4.720000000000000284e+01,3.653287166416821492e+02,2.635091082222422756e+02,1.573219401118058691e+01
4.730000000000000426e+01,3.656350366378629246e+02,2.639031339924936219e+02,1.576238924785225848e+01
4.740000000000000568e+01,3.659413566340436432e+02,2.642971597627449682e+02,1.579258448452392827e+01
4.750000000000000000e+01,3.662476766302244187e+02,2.646911855329963146e+02,1.582277972119559450e+01
4.760000000000000142e+01,3.665539966264051372e+02,2.650852113032476609e+02,1.585297495786726429e+01
4.770000000000000284e+01,3.668603166225859127e+02,2.654792370734990072e+02,1.588317019453893408e+01
4.780000000000000426e+01,3.671666366187666881e+02,2.658732628437503536e+02,1.591336543121060565e+01
4.790000000000000568e+01,3.674729566149474067e+02,2.662672886140016999e+02,1.594356066788227544e+01
4.800000000000000000e+01,3.677792766111281253e+02,2.666613143842530462e+02,1.597375590455394345e+01
4.810000000000000142e+01,3.680855966073089007e+02,2.670553401545043926e+02,1.600395114122561324e+01
4.820000000000000284e+01,3.683919166034896762e+02,2.674493659247557389e+02,1.603414637789728303e+01
4.830000000000000426e+01,3.686982365996704516e+02,2.678433916950070852e+02,1.606434161456895282e+01
4.840000000000000568e+01,3.690045565958511702e+02,2.682374174652584315e+02,1.609453685124062261e+01
4.850000000000000000e+01,3.693108765920319456e+02,2.686314432355097210e+02,1.612473208791229240e+01
4.860000000000000142e+01,3.696171965882126642e+02,2.690254690057610674e+02,1.615492732458396219e+01
4.870000000000000284e+01,3.699235165843934396e+02,2.694194947760124137e+02,1.618512256125563198e+01
4.880000000000000426e+01,3.702298365805742151e+02,2.698135205462638169e+02,1.621531779792730177e+01
4.890000000000000568e+01,3.705361565767549337e+02,2.702075463165151632e+02,1.624551303459897156e+01
4.900000000000000000e+01,3.708424765729356523e+02,2.706015720867664527e+02,1.627570827127063779e+01
4.910000000000000142e+01,3.711487965691164277e+02,2.709955978570177990e+02,1.630590350794231114e+01
4.920000000000000284e+01,3.714551165652972031e+02,2.713896236272691453e+02,1.633609874461397737e+01
4.930000000000000426e+01,3.717614365614779786e+02,2.717836493975205485e+02,1.636629398128565072e+01
4.940000000000000568e+01,3.720677565576586971e+02,2.721776751677718948e+02,1.639648921795732051e+01
4.950000000000000000e+01,3.723740765538394157e+02,2.725717009380231843e+02,1.642668445462898674e+01
4.960000000000000142e+01,3.726803965500201912e+02,2.729657267082745307e+02,1.645687969130065653e+01
4.970000000000000284e+01,3.729867165462009666e+02,2.733597524785258770e+02,1.648707492797232632e+01
4.980000000000000426e+01,3.732930365423817420e+02,2.737537782487772802e+02,1.651727016464399966e+01
4.990000000000000568e+01,3.735993565385624606e+02,2.741478040190286265e+02,1.654746540131566945e+01
5.000000000000000000e+01,3.739056765347431792e+02,2.745418297892799160e+02,1.657766063798733569e+01
5.010000000000000142e+01,3.742119965309239547e+02,2.749358555595312623e+02,1.660785587465900548e+01
5.020000000000000284e+01,3.745183165271047301e+02,2.753298813297826086e+02,1.663805111133067527e+01
5.030000000000000426e+01,3.748246365232854487e+02,2.757239071000339550e+02,1.666824634800234506e+01
5.040000000000000568e+01,3.751309565194662241e+02,2.761179328702853013e+02,1.669844158467401485e+01
5.050000000000000000e+01,3.754372765156469427e+02,2.765119586405366476e+02,1.672863682134568464e+01
5.060000000000000142e+01,3.757435965118277181e+02,2.769059844107879940e+02,1.675883205801735443e+01
5.070000000000000284e+01,3.760499165080084936e+02,2.773000101810393403e+02,1.678902729468902422e+01
5.080000000000000426e+01,3.763562365041892690e+02,2.776940359512906866e+02,1.681922253136069401e+01
5.090000000000000568e+01,3.766625565003699876e+02,2.780880617215420330e+02,1.684941776803236380e+01
5.100000000000000000e+01,3.769688764965507062e+02,2.784820874917933793e+02,1.687961300470403359e+01
5.110000000000000142e+01,3.772751964927314816e+02,2.788761132620447256e+02,1.690980824137570337e+01
5.120000000000000284e+01,3.775815164889122570e+02,2.792701390322960719e+02,1.694000347804737316e+01
5.130000000000000426e+01,3.778878364850929756e+02,2.796641648025474183e+02,1.697019871471903940e+01
5.140000000000000568e+01,3.781941564812737511e+02,2.800581905727987646e+02,1.700039395139071274e+01
5.150000000000000000e+01,3.785004764774544697e+02,2.804522163430501109e+02,1.703058918806237898e+01
5.160000000000000142e+01,3.788067964736352451e+02,2.808462421133014573e+02,1.706078442473404877e+01
5.170000000000000284e+01,3.791131164698159637e+02,2.812402678835528036e+02,1.709097966140571856e+01
5.180000000000000426e+01,3.794194364659967391e+02,2.816342936538041499e+02,1.712117489807738835e+01
5.190000000000000568e+01,3.797257564621775145e+02,2.820283194240554963e+02,1.715137013474905814e+01
5.200000000000000000e+01,3.800320764583582331e+02,2.824223451943068426e+02,1.718156537142072793e+01
5.210000000000000142e+01,3.803383964545390086e+02,2.828163709645581889e+02,1.721176060809239772e+01
5.220000000000000284e+01,3.806447164507197840e+02,2.832103967348095352e+02,1.724195584476406751e+01
5.230000000000000426e+01,3.809510364469005026e+02,2.836044225050608816e+02,1.727215108143573730e+01
5.240000000000000568e+01,3.812573564430812780e+02,2.839984482753121711e+02,1.730234631810740709e+01
5.250000000000000000e+01,3.815636764392619966e+02,2.843924740455635174e+02,1.733254155477907688e+01
5.260000000000000142e+01,3.818699964354427721e+02,2.847864998158148637e+02,1.736273679145074667e+01
5.270000000000000284e+01,3.821763164316234906e+02,2.851805255860662101e+02,1.739293202812241645e+01
5.280000000000000426e+01,3.824826364278042661e+02,2.855745513563175564e+02,1.742312726479408624e+01
5.290000000000000568e+01,3.827889564239850415e+02,2.859685771265689027e+02,1.745332250146575603e+01
5.300000000000000000e+01,3.830952764201657601e+02,2.863626028968202490e+02,1.748351773813742582e+01
5.310000000000000142e+01,3.834015964163465355e+02,2.867566286670715954e+02,1.751371297480909561e+01
5.320000000000000284e+01,3.837079164125273110e+02,2.871506544373229417e+02,1.754390821148076540e+01
5.330000000000000426e+01,3.840142364087080296e+02,2.875446802075742880e+02,1.757410344815243519e+01
5.340000000000000568e+01,3.843205564048888050e+02,2.879387059778256344e+02,1.760429868482410143e+01
5.350000000000000000e+01,3.846331512641196468e+02,2.883276337215258991e+02,1.762845794667254040e+01
5.360000000000000142e+01,3.849726212786100632e+02,2.886947266850908704e+02,1.762676520837014138e+01
5.370000000000000284e+01,3.853120912931005364e+02,2.890618196486558418e+02,1.762507247006774236e+01
5.380000000000000426e+01,3.856515613075909528e+02,2.894289126122207563e+02,1.762337973176534334e+01
5.390000000000000568e+01,3.859910313220814260e+02,2.897960055757857276e+02,1.762168699346294432e+01
5.400000000000000000e+01,3.863305013365718423e+02,2.901630985393506990e+02,1.761999425516054529e+01
5.410000000000000142e+01,3.866699713510622587e+02,2.905301915029156135e+02,1.761830151685814627e+01
5.420000000000000284e+01,3.870094413655527319e+02,2.908972844664805848e+02,1.761660877855574725e+01
5.430000000000000426e+01,3.873489113800431483e+02,2.912643774300454993e+02,1.761491604025334468e+01
5.440000000000000568e+01,3.876883813945336215e+02,2.916314703936104706e+02,1.761322330195094565e+01
5.450000000000000000e+01,3.880278514090240378e+02,2.919985633571754420e+02,1.761153056364854663e+01
5.460000000000000142e+01,3.883673214235145110e+02,2.923656563207403565e+02,1.760983782534614761e+01
5.470000000000000284e+01,3.887067914380049274e+02,2.927327492843053278e+02,1.760814508704374859e+01
5.480000000000000426e+01,3.890462614524954006e+02,2.930998422478702992e+02,1.760645234874134957e+01
5.490000000000000568e+01,3.893857314669858170e+02,2.934669352114352137e+02,1.760475961043895055e+01
5.500000000000000000e+01,3.897252014814762902e+02,2.938340281750001850e+02,1.760306687213655152e+01
5.510000000000000142e+01,3.900646714959667065e+02,2.942011211385651563e+02,1.760137413383415250e+01
5.520000000000000284e+01,3.904041415104571797e+02,2.945682141021300708e+02,1.759968139553175348e+01
5.530000000000000426e+01,3.907436115249475961e+02,2.949353070656950422e+02,1.759798865722935446e+01
5.540000000000000568e+01,3.910830815394380124e+02,2.953024000292599567e+02,1.759629591892695544e+01
5.550000000000000000e+01,3.914225515539284856e+02,2.956694929928249280e+02,1.759460318062455642e+01
5.560000000000000142e+01,3.917620215684189020e+02,2.960365859563898994e+02,1.759291044232215739e+01
5.570000000000000284e+01,3.921014915829093752e+02,2.964036789199548139e+02,1.759121770401975837e+01
5.580000000000000426e+01,3.924409615973997916e+02,2.967707718835197852e+02,1.758952496571735935e+01
5.590000000000000568e+01,3.927804316118902648e+02,2.971378648470847565e+02,1.758783222741496033e+01
5.600000000000000000e+01,3.931199016263806811e+02,2.975049578106496710e+02,1.758613948911256131e+01
5.610000000000000142e+01,3.934593716408711543e+02,2.978720507742146424e+02,1.758444675081016229e+01
5.620000000000000284e+01,3.937988416553615707e+02,2.982391437377796137e+02,1.758275401250776326e+01
5.630000000000000426e+01,3.941383116698520439e+02,2.986062367013445282e+02,1.758106127420536424e+01
5.640000000000000568e+01,3.944777816843424603e+02,2.989733296649094996e+02,1.757936853590296522e+01
5.650000000000000000e+01,3.948172516988329335e+02,2.993404226284744709e+02,1.757767579760056620e+01
5.660000000000000142e+01,3.951567217133233498e+02,2.997075155920393854e+02,1.757598305929816718e+01
5.670000000000000284e+01,3.954961917278137662e+02,3.000746085556043568e+02,1.757429032099576816e+01
5.680000000000000426e+01,3.958356617423042394e+02,3.004417015191692713e+02,1.757259758269336913e+01
5.690000000000000568e+01,3.961751317567946558e+02,3.008087944827342426e+02,1.757090484439097011e+01
5.700000000000000000e+01,3.965146017712851290e+02,3.011758874462992139e+02,1.756921210608857109e+01
5.710000000000000142e+01,3.968540717857755453e+02,3.015429804098641284e+02,1.756751936778616852e+01
5.720000000000000284e+01,3.971935418002660185e+02,3.019100733734290998e+02,1.756582662948376949e+01
5.730000000000000426e+01,3.975330118147564349e+02,3.022771663369940711e+02,1.756413389118137047e+01
5.740000000000000568e+01,3.978724818292469081e+02,3.026442593005589856e+02,1.756244115287897145e+01
5.750000000000000000e+01,3.982119518437373245e+02,3.030113522641239570e+02,1.756074841457657243e+01
5.760000000000000142e+01,3.985514218582277977e+02,3.033784452276889283e+02,1.755905567627417341e+01
5.770000000000000284e+01,3.988908918727182140e+02,3.037455381912538428e+02,1.755736293797177439e+01
5.780000000000000426e+01,3.992303618872086872e+02,3.041126311548188141e+02,1.755567019966937536e+01
5.790000000000000568e+01,3.995698319016991036e+02,3.044797241183837286e+02,1.755397746136697634e+01
5.800000000000000000e+01,3.999093019161895199e+02,3.048468170819487000e+02,1.755228472306457732e+01
5.810000000000000142e+01,4.002487719306799931e+02,3.052139100455136713e+02,1.755059198476217830e+01
5.820000000000000284e+01,4.005882419451704095e+02,3.055810030090785858e+02,1.754889924645977928e+01
5.830000000000000426e+01,4.009277119596608827e+02,3.059480959726435572e+02,1.754720650815738026e+01
5.840000000000000568e+01,4.012671819741512991e+02,3.063151889362085285e+02,1.754551376985498123e+01
5.850000000000000000e+01,4.016066519886417723e+02,3.066822818997734430e+02,1.754382103155258221e+01
5.860000000000000142e+01,4.019461220031321886e+02,3.070493748633384143e+02,1.754212829325018319e+01
5.870000000000000284e+01,4.022855920176226618e+02,3.074164678269033857e+02,1.754043555494778417e+01
5.880000000000000426e+01,4.026250620321130782e+02,3.077835607904683002e+02,1.753874281664538515e+01
5.890000000000000568e+01,4.029645320466035514e+02,3.081506537540332715e+02,1.753705007834298613e+01
5.900000000000000000e+01,4.033040020610939678e+02,3.085177467175982429e+02,1.753535734004058710e+01
5.910000000000000142e+01,4.036434720755844410e+02,3.088848396811631574e+02,1.753366460173818808e+01
5.920000000000000284e+01,4.039829420900748573e+02,3.092519326447281287e+02,1.753197186343578906e+01
5.930000000000000426e+01,4.043224121045652737e+02,3.096190256082930432e+02,1.753027912513339004e+01
5.940000000000000568e+01,4.046618821190557469e+02,3.099861185718580145e+02,1.752858638683099102e+01
5.950000000000000000e+01,4.050013521335461633e+02,3.103532115354229859e+02,1.752689364852859200e+01
5.960000000000000142e+01,4.053408221480366365e+02,3.107203044989879004e+02,1.752520091022619297e+01
5.970000000000000284e+01,4.056802921625270528e+02,3.110873974625528717e+02,1.752350817192379395e+01
5.980000000000000426e+01,4.060197621770175260e+02,3.114544904261178431e+02,1.752181543362139493e+01
5.990000000000000568e+01,4.063592321915079424e+02,3.118215833896827576e+02,1.752012269531899236e+01
6.000000000000000000e+01,4.066987022059984156e+02,3.121886763532477289e+02,1.751842995701659333e+01
6.010000000000000142e+01,4.070381722204888320e+02,3.125557693168126434e+02,1.751673721871419431e+01
6.020000000000000284e+01,4.073776422349793052e+02,3.129228622803776148e+02,1.751504448041179529e+01
6.030000000000000426e+01,4.077171122494697215e+02,3.132899552439425861e+02,1.751335174210939627e+01
6.040000000000000568e+01,4.080565822639601947e+02,3.136570482075075006e+02,1.751165900380699725e+01
6.050000000000000000e+01,4.083960522784506111e+02,3.140241411710724719e+02,1.750996626550459823e+01
6.060000000000000142e+01,4.087355222929410274e+02,3.143912341346374433e+02,1.750827352720219920e+01
6.070000000000000284e+01,4.090749923074315006e+02,3.147583270982023578e+02,1.750658078889980018e+01
6.080000000000000426e+01,4.094144623219219170e+02,3.151254200617673291e+02,1.750488805059740116e+01
6.090000000000000568e+01,4.097539323364123902e+02,3.154925130253323005e+02,1.750319531229500214e+01
6.100000000000000000e+01,4.100934023509028066e+02,3.158596059888972150e+02,1.750150257399260312e+01
6.110000000000000142e+01,4.104328723653932798e+02,3.162266989524621863e+02,1.749980983569020410e+01
6.120000000000000284e+01,4.107723423798836961e+02,3.165937919160271576e+02,1.749811709738780507e+01
6.130000000000000426e+01,4.111118123943741693e+02,3.169608848795920721e+02,1.749642435908540605e+01
6.140000000000000568e+01,4.114512824088645857e+02,3.173279778431570435e+02,1.749473162078300703e+01
6.150000000000000000e+01,4.117907524233550589e+02,3.176950708067220148e+02,1.749303888248060801e+01
6.160000000000000142e+01,4.121302224378454753e+02,3.180621637702869293e+02,1.749134614417820899e+01
6.170000000000000284e+01,4.124696924523359485e+02,3.184292567338519007e+02,1.748965340587580997e+01
6.180000000000000426e+01,4.128091624668263648e+02,3.187963496974168152e+02,1.748796066757341094e+01
6.190000000000000568e+01,4.131486324813167812e+02,3.191634426609817865e+02,1.748626792927101192e+01
6.200000000000000000e+01,4.134881024958072544e+02,3.195305356245467578e+02,1.748457519096861290e+01
6.210000000000000142e+01,4.138275725102976708e+02,3.198976285881116723e+02,1.748288245266621388e+01
6.220000000000000284e+01,4.141670425247881440e+02,3.202647215516766437e+02,1.748118971436381486e+01
6.230000000000000426e+01,4.145065125392785603e+02,3.206318145152416150e+02,1.747949697606141584e+01
6.240000000000000568e+01,4.148459825537690335e+02,3.209989074788065295e+02,1.747780423775901681e+01
6.250000000000000000e+01,4.151854525682594499e+02,3.213660004423715009e+02,1.747611149945661779e+01
6.260000000000000142e+01,4.155249225827499231e+02,3.217330934059364154e+02,1.747441876115421877e+01
6.270000000000000284e+01,4.158643925972403395e+02,3.221001863695013867e+02,1.747272602285181620e+01
6.280000000000000426e+01,4.162038626117308127e+02,3.224672793330663580e+02,1.747103328454941717e+01
6.290000000000000568e+01,4.165433326262212290e+02,3.228343722966312725e+02,1.746934054624701815e+01
6.300000000000000000e+01,4.168828026407117022e+02,3.232014652601962439e+02,1.746764780794461913e+01
6.310000000000000142e+01,4.172222726552021186e+02,3.235685582237612152e+02,1.746595506964222011e+01
6.320000000000000284e+01,4.175617426696925349e+02,3.239356511873261297e+02,1.746426233133982109e+01
6.330000000000000426e+01,4.179012126841830082e+02,3.243027441508911011e+02,1.746256959303742207e+01
6.340000000000000568e+01,4.182406826986734245e+02,3.246698371144560724e+02,1.746087685473502304e+01
6.350000000000000000e+01,4.185801527131638977e+02,3.250369300780209869e+02,1.745918411643262402e+01
6.360000000000000142e+01,4.189196227276543141e+02,3.254040230415859583e+02,1.745749137813022500e+01
6.370000000000000284e+01,4.192590927421447873e+02,3.257711160051509296e+02,1.745579863982782598e+01
6.380000000000000426e+01,4.195985627566352036e+02,3.261382089687158441e+02,1.745410590152542696e+01
6.390000000000000568e+01,4.199380327711256768e+02,3.265053019322808154e+02,1.745241316322302794e+01
6.400000000000000000e+01,4.202775027856160932e+02,3.268723948958457868e+02,1.745072042492062891e+01
6.410000000000000853e+01,4.206169728001065664e+02,3.272394878594107581e+02,1.744902768661822989e+01
6.420000000000000284e+01,4.209564428145969828e+02,3.276065808229756726e+02,1.744733494831583087e+01
6.429999999999999716e+01,4.212959128290874560e+02,3.279736737865405871e+02,1.744564221001343185e+01
6.440000000000000568e+01,4.216353828435778723e+02,3.283407667501055585e+02,1.744394947171103283e+01
6.450000000000000000e+01,4.219748528580682887e+02,3.287078597136705298e+02,1.744225673340863381e+01
6.460000000000000853e+01,4.223143228725588187e+02,3.290749526772355011e+02,1.744056399510623478e+01
6.470000000000000284e+01,4.226537928870491783e+02,3.294420456408004156e+02,1.743887125680383576e+01
6.479999999999999716e+01,4.229932629015396515e+02,3.298091386043653870e+02,1.743717851850143674e+01
6.490000000000000568e+01,4.233327329160300678e+02,3.301762315679303015e+02,1.743548578019903772e+01
6.500000000000000000e+01,4.236722029305205410e+02,3.305433245314952728e+02,1.743379304189663870e+01
6.510000000000000853e+01,4.240116729450110142e+02,3.309104174950602442e+02,1.743210030359423968e+01
6.520000000000000284e+01,4.243511429595014306e+02,3.312775104586251587e+02,1.743040756529184065e+01
6.529999999999999716e+01,4.246906129739918470e+02,3.316446034221901300e+02,1.742871482698944163e+01
6.540000000000000568e+01,4.250300829884823202e+02,3.320116963857550445e+02,1.742702208868704261e+01
6.550000000000000000e+01,4.253695530029727365e+02,3.323787893493200158e+02,1.742532935038464004e+01
6.560000000000000853e+01,4.257090230174632097e+02,3.327458823128849872e+02,1.742363661208224102e+01
6.570000000000000284e+01,4.260484930319536261e+02,3.331129752764499017e+02,1.742194387377984199e+01
6.579999999999999716e+01,4.263879630464440424e+02,3.334800682400148730e+02,1.742025113547744297e+01
6.590000000000000568e+01,4.267274330609345157e+02,3.338471612035798444e+02,1.741855839717504395e+01
6.600000000000000000e+01,4.270669030754249320e+02,3.342142541671447589e+02,1.741686565887264493e+01
6.610000000000000853e+01,4.274063730899154052e+02,3.345813471307097871e+02,1.741517292057024591e+01
6.620000000000000284e+01,4.277458431044058216e+02,3.349484400942747016e+02,1.741348018226784689e+01
6.629999999999999716e+01,4.280853131188962948e+02,3.353155330578396160e+02,1.741178744396544786e+01
6.640000000000000568e+01,4.284247831333867111e+02,3.356826260214045874e+02,1.741009470566304884e+01
6.650000000000000000e+01,4.287642531478771843e+02,3.360497189849695587e+02,1.740840196736064982e+01
6.660000000000000853e+01,4.291037231623676576e+02,3.364168119485345301e+02,1.740670922905825080e+01
6.670000000000000284e+01,4.294431931768580739e+02,3.367839049120994446e+02,1.740501649075585178e+01
6.679999999999999716e+01,4.297826631913484903e+02,3.371509978756643591e+02,1.740332375245345276e+01
6.690000000000000568e+01,4.301221332058389635e+02,3.375180908392293304e+02,1.740163101415105373e+01
6.700000000000000000e+01,4.304616032203293798e+02,3.378851838027943018e+02,1.739993827584865471e+01
6.710000000000000853e+01,4.308010732348198530e+02,3.382522767663592731e+02,1.739824553754625569e+01
6.720000000000000284e+01,4.311405432493102694e+02,3.386193697299241876e+02,1.739655279924385667e+01
6.729999999999999716e+01,4.314800132638006858e+02,3.389864626934891589e+02,1.739486006094145765e+01
6.740000000000000568e+01,4.318194832782911590e+02,3.393535556570540734e+02,1.739316732263905863e+01
6.750000000000000000e+01,4.321589532927815753e+02,3.397206486206190448e+02,1.739147458433665960e+01
6.760000000000000853e+01,4.324984233072720485e+02,3.400877415841840161e+02,1.738978184603426058e+01
6.770000000000000284e+01,4.328378933217624649e+02,3.404548345477489306e+02,1.738808910773186156e+01
6.779999999999999716e+01,4.331773633362529381e+02,3.408219275113139020e+02,1.738639636942946254e+01
6.790000000000000568e+01,4.335168333507433545e+02,3.411890204748788165e+02,1.738470363112706352e+01
6.800000000000000000e+01,4.338563033652337708e+02,3.415561134384437878e+02,1.738301089282466450e+01
6.810000000000000853e+01,4.341957733797243009e+02,3.419232064020087591e+02,1.738131815452226192e+01
6.820000000000000284e+01,4.345352433942147172e+02,3.422902993655736736e+02,1.737962541621986645e+01
6.829999999999999716e+01,4.348747134087051336e+02,3.426573923291386450e+02,1.737793267791746388e+01
6.840000000000000568e+01,4.352141834231955499e+02,3.430244852927036163e+02,1.737623993961506486e+01
6.850000000000000000e+01,4.355536534376860232e+02,3.433915782562685308e+02,1.737454720131266583e+01
6.860000000000000853e+01,4.358931234521764964e+02,3.437586712198335590e+02,1.737285446301026681e+01
6.870000000000000284e+01,4.362325934666669127e+02,3.441257641833984735e+02,1.737116172470786779e+01
6.879999999999999716e+01,4.365720634811573291e+02,3.444928571469633880e+02,1.736946898640546877e+01
6.890000000000000568e+01,4.369115334956478023e+02,3.448599501105283593e+02,1.736777624810306975e+01
6.900000000000000000e+01,4.372510035101382186e+02,3.452270430740933307e+02,1.736608350980067073e+01
6.910000000000000853e+01,4.375904735246286918e+02,3.455941360376583020e+02,1.736439077149827170e+01
6.920000000000000284e+01,4.379299435391191082e+02,3.459612290012232165e+02,1.736269803319587268e+01
6.929999999999999716e+01,4.382694135536095246e+02,3.463283219647881310e+02,1.736100529489347366e+01
6.940000000000000568e+01,4.386088835680999978e+02,3.466954149283531024e+02,1.735931255659107464e+01
6.950000000000000000e+01,4.389483535825904710e+02,3.470625078919180737e+02,1.735761981828867562e+01
6.960000000000000853e+01,4.392878235970809442e+02,3.474296008554830451e+02,1.735592707998627660e+01
6.970000000000000284e+01,4.396272936115713037e+02,3.477966938190479596e+02,1.735423434168387757e+01
6.979999999999999716e+01,4.399667636260617769e+02,3.481637867826129309e+02,1.735254160338147855e+01
6.990000000000000568e+01,4.403062336405521933e+02,3.485308797461778454e+02,1.735084886507907953e+01
7.000000000000000000e+01,4.406457036550426665e+02,3.488979727097428167e+02,1.734915612677668051e+01
7.010000000000000853e+01,4.409851736695331397e+02,3.492650656733077881e+02,1.734746338847428149e+01
7.020000000000000284e+01,4.413246436840235560e+02,3.496321586368727026e+02,1.734577065017188247e+01
7.029999999999999716e+01,4.416641136985139724e+02,3.499992516004376739e+02,1.734407791186948344e+01
7.040000000000000568e+01,4.420035837130044456e+02,3.503663445640025884e+02,1.734238517356708442e+01
7.050000000000000000e+01,4.423430537274948620e+02,3.507334375275675598e+02,1.734069243526468540e+01
7.060000000000000853e+01,4.426825237419853352e+02,3.511005304911325311e+02,1.733899969696228638e+01
7.070000000000000284e+01,4.430219937564757515e+02,3.514676234546974456e+02,1.733730695865988736e+01
7.079999999999999716e+01,4.433614637709662247e+02,3.518347164182624169e+02,1.733561422035748834e+01
7.090000000000000568e+01,4.437009337854566411e+02,3.522018093818273883e+02,1.733392148205508931e+01
7.100000000000000000e+01,4.440404037999470575e+02,3.525689023453923028e+02,1.733222874375268674e+01
7.110000000000000853e+01,4.443798738144375875e+02,3.529359953089573310e+02,1.733053600545028772e+01
7.120000000000000284e+01,4.447193438289279470e+02,3.533030882725222455e+02,1.732884326714788870e+01
7.129999999999999716e+01,4.450588138434184202e+02,3.536701812360871600e+02,1.732715052884548967e+01
7.140000000000000568e+01,4.453982838579088366e+02,3.540372741996521313e+02,1.732545779054309065e+01
7.150000000000000000e+01,4.457377538723993098e+02,3.544043671632171026e+02,1.732376505224069163e+01
7.160000000000000853e+01,4.460772238868897830e+02,3.547714601267820740e+02,1.732207231393829261e+01
7.170000000000000284e+01,4.464166939013801993e+02,3.551385530903469885e+02,1.732037957563589359e+01
7.179999999999999716e+01,4.467561639158706157e+02,3.555056460539119030e+02,1.731868683733349457e+01
7.190000000000000568e+01,4.470956339303610321e+02,3.558727390174768743e+02,1.731699409903109554e+01
7.200000000000000000e+01,4.474351039448515053e+02,3.562398319810418457e+02,1.731530136072869652e+01
7.210000000000000853e+01,4.477745739593419785e+02,3.566069249446068170e+02,1.731360862242629750e+01
7.220000000000000284e+01,4.481140439738323948e+02,3.569740179081717315e+02,1.731191588412389848e+01
7.229999999999999716e+01,4.484535139883228112e+02,3.573411108717366460e+02,1.731022314582149946e+01
7.240000000000000568e+01,4.487929840028132844e+02,3.577082038353016173e+02,1.730853040751910044e+01
7.250000000000000000e+01,4.491324540173037008e+02,3.580752967988665887e+02,1.730683766921670141e+01
7.260000000000000853e+01,4.494719240317941740e+02,3.584423897624315600e+02,1.730514493091430239e+01
7.270000000000000284e+01,4.498113940462845903e+02,3.588094827259964745e+02,1.730345219261190337e+01
7.279999999999999716e+01,4.501508640607750635e+02,3.591765756895614459e+02,1.730175945430950435e+01
7.290000000000000568e+01,4.504903340752654799e+02,3.595436686531263604e+02,1.730006671600710533e+01
7.300000000000000000e+01,4.508298040897559531e+02,3.599107616166913317e+02,1.729837397770470631e+01
7.310000000000000853e+01,4.511692741042464263e+02,3.602778545802563031e+02,1.729668123940230728e+01
7.320000000000000284e+01,4.515087441187367858e+02,3.606449475438212176e+02,1.729498850109990826e+01
7.329999999999999716e+01,4.518482141332272590e+02,3.610120405073861889e+02,1.729329576279750924e+01
7.340000000000000568e+01,4.521876841477177322e+02,3.613791334709511602e+02,1.729160302449511022e+01
7.350000000000000000e+01,4.525271541622081486e+02,3.617462264345160747e+02,1.728991028619271120e+01
7.360000000000000853e+01,4.528666241766986218e+02,3.621133193980811029e+02,1.728821754789031218e+01
7.370000000000000284e+01,4.532060941911890382e+02,3.624804123616460174e+02,1.728652480958791315e+01
7.379999999999999716e+01,4.535455642056794545e+02,3.628475053252109319e+02,1.728483207128551413e+01
7.390000000000000568e+01,4.538850342201699277e+02,3.632145982887759033e+02,1.728313933298311156e+01
7.400000000000000000e+01,4.542245042346603441e+02,3.635816912523408746e+02,1.728144659468071254e+01
7.410000000000000853e+01,4.545639742491508173e+02,3.639487842159058459e+02,1.727975385637831351e+01
7.420000000000000284e+01,4.549034442636412336e+02,3.643158771794707604e+02,1.727806111807591449e+01
7.429999999999999716e+01,4.552429142781317069e+02,3.646829701430356749e+02,1.727636837977351547e+01
7.440000000000000568e+01,4.555823842926221232e+02,3.650500631066006463e+02,1.727467564147111645e+01
7.450000000000000000e+01,4.559218543071125396e+02,3.654171560701656176e+02,1.727298290316871743e+01
7.460000000000000853e+01,4.562613243216030696e+02,3.657842490337305890e+02,1.727129016486631841e+01
7.470000000000000284e+01,4.566007943360934860e+02,3.661513419972955035e+02,1.726959742656391938e+01
7.479999999999999716e+01,4.569402643505839023e+02,3.665184349608604180e+02,1.726790468826152036e+01
7.490000000000000568e+01,4.572797343650743187e+02,3.668855279244253893e+02,1.726621194995912134e+01
7.500000000000000000e+01,4.576192043795647919e+02,3.672526208879903606e+02,1.726451921165672232e+01
7.510000000000000853e+01,4.579586743940552651e+02,3.676197138515553320e+02,1.726282647335432330e+01
7.520000000000000284e+01,4.582981444085456815e+02,3.679868068151202465e+02,1.726113373505192428e+01
7.529999999999999716e+01,4.586376144230360978e+02,3.683538997786852178e+02,1.725944099674952525e+01
7.540000000000000568e+01,4.589770844375265710e+02,3.687209927422501323e+02,1.725774825844712623e+01
7.550000000000000000e+01,4.593165544520169874e+02,3.690880857058151037e+02,1.725605552014472721e+01
7.560000000000000853e+01,4.596560244665074606e+02,3.694551786693800750e+02,1.725436278184232819e+01
7.570000000000000284e+01,4.599954944809978770e+02,3.698222716329449895e+02,1.725267004353992917e+01
7.579999999999999716e+01,4.603349644954882933e+02,3.701893645965099608e+02,1.725097730523753015e+01
7.590000000000000568e+01,4.606744345099787665e+02,3.705564575600749322e+02,1.724928456693513112e+01
7.600000000000000000e+01,4.610139045244692397e+02,3.709235505236398467e+02,1.724759182863273210e+01
7.610000000000000853e+01,4.613533745389596561e+02,3.712906434872048749e+02,1.724589909033033308e+01
7.620000000000000284e+01,4.616928445534500725e+02,3.716577364507697894e+02,1.724420635202793406e+01
7.629999999999999716e+01,4.620323145679405457e+02,3.720248294143347039e+02,1.724251361372553504e+01
7.640000000000000568e+01,4.623717845824309620e+02,3.723919223778996752e+02,1.724082087542313602e+01
7.650000000000000000e+01,4.627112545969214352e+02,3.727590153414646466e+02,1.723912813712073699e+01
7.660000000000000853e+01,4.630507246114119084e+02,3.731261083050296179e+02,1.723743539881833442e+01
7.670000000000000284e+01,4.633901946259023248e+02,3.734932012685945324e+02,1.723574266051593540e+01
7.680000000000001137e+01,4.637296646403927980e+02,3.738602942321595037e+02,1.723404992221353638e+01
7.690000000000000568e+01,4.640691346548832144e+02,3.742273871957244182e+02,1.723235718391113735e+01
7.700000000000000000e+01,4.644086046693736307e+02,3.745944801592893327e+02,1.723066444560873833e+01
7.710000000000000853e+01,4.647480746838641039e+02,3.749615731228543609e+02,1.722897170730633931e+01
7.720000000000000284e+01,4.650875446983545203e+02,3.753286660864192754e+02,1.722727896900394029e+01
7.730000000000001137e+01,4.654270147128449935e+02,3.756957590499842468e+02,1.722558623070154127e+01
7.740000000000000568e+01,4.657664847273354098e+02,3.760628520135491613e+02,1.722389349239914225e+01
7.750000000000000000e+01,4.661059547418258262e+02,3.764299449771141326e+02,1.722220075409674322e+01
7.760000000000000853e+01,4.664454247563163563e+02,3.767970379406791039e+02,1.722050801579434420e+01
7.770000000000000284e+01,4.667848947708067158e+02,3.771641309042440184e+02,1.721881527749194518e+01
7.780000000000001137e+01,4.671243647852971890e+02,3.775312238678089898e+02,1.721712253918954616e+01
7.790000000000000568e+01,4.674638347997876053e+02,3.778983168313739043e+02,1.721542980088714714e+01
7.800000000000000000e+01,4.678033048142780785e+02,3.782654097949388756e+02,1.721373706258474812e+01
7.810000000000000853e+01,4.681427748287685517e+02,3.786325027585038470e+02,1.721204432428234909e+01
7.820000000000000284e+01,4.684822448432589681e+02,3.789995957220687615e+02,1.721035158597995007e+01
7.830000000000001137e+01,4.688217148577494413e+02,3.793666886856337896e+02,1.720865884767755105e+01
7.840000000000000568e+01,4.691611848722398008e+02,3.797337816491987041e+02,1.720696610937515203e+01
7.850000000000000000e+01,4.695006548867302740e+02,3.801008746127636186e+02,1.720527337107275301e+01
7.860000000000000853e+01,4.698401249012207472e+02,3.804679675763286468e+02,1.720358063277035399e+01
7.870000000000000284e+01,4.701795949157111636e+02,3.808350605398935613e+02,1.720188789446795496e+01
7.880000000000001137e+01,4.705190649302016368e+02,3.812021535034585327e+02,1.720019515616555594e+01
7.890000000000000568e+01,4.708585349446920532e+02,3.815692464670234472e+02,1.719850241786315692e+01
7.900000000000000000e+01,4.711980049591824695e+02,3.819363394305884185e+02,1.719680967956075790e+01
7.910000000000000853e+01,4.715374749736729427e+02,3.823034323941533899e+02,1.719511694125835888e+01
7.920000000000000284e+01,4.718769449881633591e+02,3.826705253577183043e+02,1.719342420295595986e+01
7.930000000000001137e+01,4.722164150026538323e+02,3.830376183212832757e+02,1.719173146465355728e+01
7.940000000000000568e+01,4.725558850171442486e+02,3.834047112848481902e+02,1.719003872635115826e+01
7.950000000000000000e+01,4.728953550316347219e+02,3.837718042484131047e+02,1.718834598804875924e+01
7.960000000000000853e+01,4.732348250461251951e+02,3.841388972119781329e+02,1.718665324974636022e+01
7.970000000000000284e+01,4.735742950606155546e+02,3.845059901755430474e+02,1.718496051144396120e+01
7.980000000000001137e+01,4.739137650751060846e+02,3.848730831391080187e+02,1.718326777314156217e+01
7.990000000000000568e+01,4.742532350895965010e+02,3.852401761026729332e+02,1.718157503483916315e+01
8.000000000000000000e+01,4.745927051040869173e+02,3.856072690662379046e+02,1.717988229653676413e+01
8.010000000000000853e+01,4.749321751185773905e+02,3.859743620298028759e+02,1.717818955823436511e+01
8.020000000000000284e+01,4.752716451330678069e+02,3.863414549933677904e+02,1.717649681993196609e+01
8.030000000000001137e+01,4.756111151475582801e+02,3.867085479569327617e+02,1.717480408162956707e+01
8.040000000000000568e+01,4.759505851620486965e+02,3.870756409204976762e+02,1.717311134332716804e+01
8.050000000000000000e+01,4.762900551765391128e+02,3.874427338840626476e+02,1.717141860502476902e+01
8.060000000000000853e+01,4.766295251910295860e+02,3.878098268476276189e+02,1.716972586672237000e+01
8.070000000000000284e+01,4.769689952055200024e+02,3.881769198111925334e+02,1.716803312841997098e+01
8.080000000000001137e+01,4.773084652200104756e+02,3.885440127747575616e+02,1.716634039011757196e+01
8.090000000000000568e+01,4.776479352345008920e+02,3.889111057383224761e+02,1.716464765181517294e+01
8.100000000000000000e+01,4.779874052489913083e+02,3.892781987018873906e+02,1.716295491351277391e+01
8.110000000000000853e+01,4.783268752634818384e+02,3.896452916654524188e+02,1.716126217521037489e+01
8.120000000000000284e+01,4.786663452779722547e+02,3.900123846290173333e+02,1.715956943690797587e+01
8.130000000000001137e+01,4.790058152924626711e+02,3.903794775925823046e+02,1.715787669860557685e+01
8.140000000000000568e+01,4.793452853069530875e+02,3.907465705561472191e+02,1.715618396030317783e+01
8.150000000000000000e+01,4.796847553214435607e+02,3.911136635197121905e+02,1.715449122200077881e+01
8.160000000000000853e+01,4.800242253359340339e+02,3.914807564832771618e+02,1.715279848369837978e+01
8.170000000000000284e+01,4.803636953504244502e+02,3.918478494468420763e+02,1.715110574539598076e+01
8.180000000000001137e+01,4.807031653649149234e+02,3.922149424104070476e+02,1.714941300709358174e+01
8.190000000000000568e+01,4.810426353794053398e+02,3.925820353739719621e+02,1.714772026879118272e+01
8.200000000000000000e+01,4.813821053938957562e+02,3.929491283375368766e+02,1.714602753048878370e+01
8.210000000000000853e+01,4.817215754083862294e+02,3.933162213011019048e+02,1.714433479218638112e+01
8.220000000000000284e+01,4.820610454228766457e+02,3.936833142646668193e+02,1.714264205388398210e+01
8.230000000000001137e+01,4.824005154373671189e+02,3.940504072282317907e+02,1.714094931558158308e+01
8.240000000000000568e+01,4.827399854518575353e+02,3.944175001917967052e+02,1.713925657727918406e+01
8.250000000000000000e+01,4.830794554663480085e+02,3.947845931553616765e+02,1.713756383897678504e+01
8.260000000000000853e+01,4.834189254808384248e+02,3.951516861189266479e+02,1.713587110067438601e+01
8.270000000000000284e+01,4.837583954953288412e+02,3.955187790824915623e+02,1.713417836237198699e+01
8.280000000000001137e+01,4.840978655098193713e+02,3.958858720460565337e+02,1.713248562406958797e+01
8.290000000000000568e+01,4.844373355243097308e+02,3.962529650096214482e+02,1.713079288576718895e+01
8.300000000000000000e+01,4.847768055388002040e+02,3.966200579731864195e+02,1.712910014746478993e+01
8.310000000000000853e+01,4.851162755532906772e+02,3.969871509367513909e+02,1.712740740916239091e+01
8.320000000000000284e+01,4.854557455677810367e+02,3.973542439003163054e+02,1.712571467085999188e+01
8.330000000000001137e+01,4.857952155822715667e+02,3.977213368638813336e+02,1.712402193255759286e+01
8.340000000000000568e+01,4.861346855967619831e+02,3.980884298274462481e+02,1.712232919425519384e+01
8.350000000000000000e+01,4.864741556112523995e+02,3.984555227910111626e+02,1.712063645595279482e+01
8.360000000000000853e+01,4.868136256257428727e+02,3.988226157545761907e+02,1.711894371765039580e+01
8.370000000000000284e+01,4.871530956402332890e+02,3.991897087181411052e+02,1.711725097934799678e+01
8.380000000000001137e+01,4.874925656547237622e+02,3.995568016817060766e+02,1.711555824104559775e+01
8.390000000000000568e+01,4.878320356692141786e+02,3.999238946452709911e+02,1.711386550274319873e+01
8.400000000000000000e+01,4.881715056837045950e+02,4.002909876088359624e+02,1.711217276444079971e+01
8.410000000000000853e+01,4.885109756981951250e+02,4.006580805724009338e+02,1.711048002613840069e+01
8.420000000000000284e+01,4.888504457126854845e+02,4.010251735359658483e+02,1.710878728783600167e+01
8.430000000000001137e+01,4.891899157271759577e+02,4.013922664995308196e+02,1.710709454953360265e+01
8.440000000000000568e+01,4.895293857416663741e+02,4.017593594630957341e+02,1.710540181123120362e+01
8.450000000000000000e+01,4.898688557561567904e+02,4.021264524266606486e+02,1.710370907292880460e+01
8.460000000000000853e+01,4.902083257706473205e+02,4.024935453902256768e+02,1.710201633462640558e+01
8.470000000000000284e+01,4.905477957851377369e+02,4.028606383537905913e+02,1.710032359632400656e+01
8.480000000000001137e+01,4.908872657996282101e+02,4.032277313173555626e+02,1.709863085802160754e+01
8.490000000000000568e+01,4.912267358141185696e+02,4.035948242809204771e+02,1.709693811971920852e+01
8.500000000000000000e+01,4.915662058286090428e+02,4.039619172444854485e+02,1.709524538141680594e+01
8.510000000000000853e+01,4.919056758430995160e+02,4.043290102080504198e+02,1.709355264311440692e+01
8.520000000000000284e+01,4.922451458575899323e+02,4.046961031716153343e+02,1.709185990481200790e+01
8.530000000000001137e+01,4.925846158720804056e+02,4.050631961351803056e+02,1.709016716650960888e+01
8.540000000000000568e+01,4.929240858865708219e+02,4.054302890987452201e+02,1.708847442820720985e+01
8.550000000000000000e+01,4.932635559010612383e+02,4.057973820623101915e+02,1.708678168990481083e+01
8.560000000000000853e+01,4.936030259155517115e+02,4.061644750258751628e+02,1.708508895160241181e+01
8.570000000000000284e+01,4.939424959300421278e+02,4.065315679894400773e+02,1.708339621330001279e+01
8.580000000000001137e+01,4.942819659445326010e+02,4.068986609530051055e+02,1.708170347499761377e+01
8.590000000000000568e+01,4.946214359590230174e+02,4.072657539165700200e+02,1.708001073669521475e+01
8.600000000000000000e+01,4.949609059735134906e+02,4.076328468801349345e+02,1.707831799839281572e+01
8.610000000000000853e+01,4.953003759880039638e+02,4.079999398436999627e+02,1.707662526009041670e+01
8.620000000000000284e+01,4.956398460024943233e+02,4.083670328072648772e+02,1.707493252178801768e+01
8.630000000000001137e+01,4.959793160169848534e+02,4.087341257708298485e+02,1.707323978348561866e+01
8.640000000000000568e+01,4.963187860314752129e+02,4.091012187343947630e+02,1.707154704518321964e+01
8.650000000000000000e+01,4.966582560459656861e+02,4.094683116979597344e+02,1.706985430688082062e+01
8.660000000000000853e+01,4.969977260604561593e+02,4.098354046615247057e+02,1.706816156857842159e+01
8.670000000000000284e+01,4.973371960749465757e+02,4.102024976250896202e+02,1.706646883027602257e+01
8.680000000000001137e+01,4.976766660894370489e+02,4.105695905886545916e+02,1.706477609197362355e+01
8.690000000000000568e+01,4.980161361039274652e+02,4.109366835522195061e+02,1.706308335367122453e+01
8.700000000000000000e+01,4.983556061184178816e+02,4.113037765157844206e+02,1.706139061536882551e+01
8.710000000000000853e+01,4.986950761329083548e+02,4.116708694793494487e+02,1.705969787706642649e+01
8.720000000000000284e+01,4.990345461473987712e+02,4.120379624429143632e+02,1.705800513876402746e+01
8.730000000000001137e+01,4.993740161618892444e+02,4.124050554064793346e+02,1.705631240046162844e+01
8.740000000000000568e+01,4.997134861763796607e+02,4.127721483700442491e+02,1.705461966215922942e+01
8.750000000000000000e+01,5.000529561908700771e+02,4.131392413336092204e+02,1.705292692385683040e+01
8.760000000000000853e+01,5.003924262053606071e+02,4.135063342971741918e+02,1.705123418555442782e+01
8.770000000000000284e+01,5.007318962198509666e+02,4.138734272607391063e+02,1.704954144725203236e+01
8.780000000000001137e+01,5.010713662343414398e+02,4.142405202243040776e+02,1.704784870894962978e+01
8.790000000000000568e+01,5.014108362488318562e+02,4.146076131878689921e+02,1.704615597064723076e+01
8.800000000000000000e+01,5.017503062633223294e+02,4.149747061514339634e+02,1.704446323234483174e+01
8.810000000000000853e+01,5.020897762778128026e+02,4.153417991149989348e+02,1.704277049404243272e+01
8.820000000000000284e+01,5.024292462923032190e+02,4.157088920785638493e+02,1.704107775574003369e+01
8.830000000000001137e+01,5.027687163067936922e+02,4.160759850421288775e+02,1.703938501743763467e+01
8.840000000000000568e+01,5.031081863212840517e+02,4.164430780056937920e+02,1.703769227913523565e+01
8.850000000000000000e+01,5.034476563357745249e+02,4.168101709692587065e+02,1.703599954083283663e+01
8.860000000000000853e+01,5.037871263502649981e+02,4.171772639328237346e+02,1.703430680253043761e+01
8.870000000000000284e+01,5.041265963647554145e+02,4.175443568963886491e+02,1.703261406422803859e+01
8.880000000000001137e+01,5.044660663792458877e+02,4.179114498599536205e+02,1.703092132592563956e+01
8.890000000000000568e+01,5.048055363937363040e+02,4.182785428235184781e+02,1.702922858762324054e+01
8.900000000000000000e+01,5.051450064082267204e+02,4.186456357870835063e+02,1.702753584932084152e+01
8.910000000000000853e+01,5.054844764227171936e+02,4.190127287506484777e+02,1.702584311101844250e+01
8.920000000000000284e+01,5.058239464372076100e+02,4.193798217142133353e+02,1.702415037271604348e+01
8.930000000000001137e+01,5.061634164516981400e+02,4.197469146777783635e+02,1.702245763441364446e+01
8.940000000000000568e+01,5.065028864661884995e+02,4.201140076413432780e+02,1.702076489611124543e+01
8.950000000000000000e+01,5.068423564806789727e+02,4.204811006049081925e+02,1.701907215780884641e+01
8.960000000000000853e+01,5.071818264951694459e+02,4.208481935684732207e+02,1.701737941950644739e+01
8.970000000000000284e+01,5.075212965096598055e+02,4.212152865320381352e+02,1.701568668120404837e+01
8.980000000000001137e+01,5.078607665241503355e+02,4.215823794956031065e+02,1.701399394290164935e+01
8.990000000000000568e+01,5.082002365386407519e+02,4.219494724591680210e+02,1.701230120459925033e+01
9.000000000000000000e+01,5.085397065531311682e+02,4.223165654227329924e+02,1.701060846629685130e+01
9.010000000000000853e+01,5.088791765676216414e+02,4.226836583862979637e+02,1.700891572799445228e+01
9.020000000000000284e+01,5.092186465821120578e+02,4.230507513498628782e+02,1.700722298969205326e+01
9.030000000000001137e+01,5.095581165966025310e+02,4.234178443134278496e+02,1.700553025138965424e+01
9.040000000000000568e+01,5.098975866110929474e+02,4.237849372769927641e+02,1.700383751308725522e+01
9.050000000000000000e+01,5.102370566255833637e+02,4.241520302405577354e+02,1.700214477478485264e+01
9.060000000000000853e+01,5.105765266400738938e+02,4.245191232041227067e+02,1.700045203648245362e+01
9.070000000000000284e+01,5.109159966545642533e+02,4.248862161676876212e+02,1.699875929818005460e+01
9.080000000000001137e+01,5.112554666690547265e+02,4.252533091312526494e+02,1.699706655987765558e+01
9.090000000000000568e+01,5.115949366835451428e+02,4.256204020948175639e+02,1.699537382157525656e+01
9.100000000000000000e+01,5.119344066980355592e+02,4.259874950583824784e+02,1.699368108327285753e+01
9.110000000000000853e+01,5.122738767125260892e+02,4.263545880219475066e+02,1.699198834497045851e+01
9.120000000000000284e+01,5.126133467270165056e+02,4.267216809855124211e+02,1.699029560666805949e+01
9.130000000000001137e+01,5.129528167415069220e+02,4.270887739490773924e+02,1.698860286836566047e+01
9.140000000000000568e+01,5.132922867559973383e+02,4.274558669126422501e+02,1.698691013006326145e+01
9.150000000000000000e+01,5.136317567704877547e+02,4.278229598762072783e+02,1.698521739176086243e+01
9.160000000000000853e+01,5.139712267849782847e+02,4.281900528397721928e+02,1.698352465345846340e+01
9.170000000000000284e+01,5.143106967994687011e+02,4.285571458033371073e+02,1.698183191515606438e+01
9.180000000000001137e+01,5.146501668139592311e+02,4.289242387669021355e+02,1.698013917685366536e+01
9.190000000000000568e+01,5.149896368284495338e+02,4.292913317304670500e+02,1.697844643855126634e+01
9.200000000000000000e+01,5.153291068429400639e+02,4.296584246940319645e+02,1.697675370024886732e+01
9.210000000000000853e+01,5.156685768574304802e+02,4.300255176575969926e+02,1.697506096194646830e+01
9.220000000000000284e+01,5.160080468719208966e+02,4.303926106211619071e+02,1.697336822364406927e+01
9.230000000000001137e+01,5.163475168864113130e+02,4.307597035847268785e+02,1.697167548534167025e+01
9.240000000000000568e+01,5.166869869009017293e+02,4.311267965482917930e+02,1.696998274703927123e+01
9.250000000000000000e+01,5.170264569153922594e+02,4.314938895118567643e+02,1.696829000873687221e+01
9.260000000000000853e+01,5.173659269298826757e+02,4.318609824754217357e+02,1.696659727043447319e+01
9.270000000000000284e+01,5.177053969443730921e+02,4.322280754389866502e+02,1.696490453213207417e+01
9.280000000000001137e+01,5.180448669588636221e+02,4.325951684025516215e+02,1.696321179382967514e+01
9.290000000000000568e+01,5.183843369733540385e+02,4.329622613661165360e+02,1.696151905552727612e+01
9.300000000000000000e+01,5.187238069878444549e+02,4.333293543296815074e+02,1.695982631722487710e+01
9.310000000000000853e+01,5.190632770023348712e+02,4.336964472932464787e+02,1.695813357892247808e+01
9.320000000000000284e+01,5.194027470168252876e+02,4.340635402568113932e+02,1.695644084062007906e+01
9.330000000000001137e+01,5.197422170313158176e+02,4.344306332203764214e+02,1.695474810231767648e+01
9.340000000000000568e+01,5.200816870458062340e+02,4.347977261839413359e+02,1.695305536401527746e+01
9.350000000000000000e+01,5.204211570602966503e+02,4.351648191475062504e+02,1.695136262571287844e+01
9.360000000000000853e+01,5.207606270747871804e+02,4.355319121110712786e+02,1.694966988741047942e+01
9.370000000000000284e+01,5.211000970892775968e+02,4.358990050746361931e+02,1.694797714910808040e+01
9.380000000000001137e+01,5.214395671037680131e+02,4.362660980382011644e+02,1.694628441080568138e+01
9.390000000000000568e+01,5.217790371182584295e+02,4.366331910017660221e+02,1.694459167250328235e+01
9.400000000000000000e+01,5.221185071327488458e+02,4.370002839653310502e+02,1.694289893420088333e+01
9.410000000000000853e+01,5.224579771472393759e+02,4.373673769288959647e+02,1.694120619589848431e+01
9.420000000000000284e+01,5.227974471617297922e+02,4.377344698924608792e+02,1.693951345759608529e+01
9.430000000000001137e+01,5.231369171762202086e+02,4.381015628560259074e+02,1.693782071929368627e+01
9.440000000000000568e+01,5.234763871907106250e+02,4.384686558195908219e+02,1.693612798099128725e+01
9.450000000000000000e+01,5.238158572052010413e+02,4.388357487831557364e+02,1.693443524268888822e+01
9.460000000000000853e+01,5.241553272196915714e+02,4.392028417467207646e+02,1.693274250438648920e+01
9.470000000000000284e+01,5.244947972341819877e+02,4.395699347102856791e+02,1.693104976608409018e+01
9.480000000000001137e+01,5.248342672486724041e+02,4.399370276738506504e+02,1.692935702778169116e+01
9.490000000000000568e+01,5.251737372631628205e+02,4.403041206374155649e+02,1.692766428947929214e+01
9.500000000000000000e+01,5.255132072776532368e+02,4.406712136009805363e+02,1.692597155117689312e+01
9.510000000000000853e+01,5.258526772921437669e+02,4.410383065645455076e+02,1.692427881287449409e+01
9.520000000000000284e+01,5.261921473066341832e+02,4.414053995281104221e+02,1.692258607457209507e+01
9.530000000000001137e+01,5.265316173211247133e+02,4.417724924916753935e+02,1.692089333626969605e+01
9.540000000000000568e+01,5.268710873356151296e+02,4.421395854552403080e+02,1.691920059796729703e+01
9.550000000000000000e+01,5.272105573501055460e+02,4.425066784188052793e+02,1.691750785966489801e+01
9.560000000000000853e+01,5.275500273645959624e+02,4.428737713823702506e+02,1.691581512136249899e+01
9.570000000000000284e+01,5.278894973790863787e+02,4.432408643459351651e+02,1.691412238306009996e+01
9.580000000000001137e+01,5.282289673935769088e+02,4.436079573095001933e+02,1.691242964475770094e+01
9.590000000000000568e+01,5.285684374080672114e+02,4.439750502730651078e+02,1.691073690645530192e+01
9.600000000000000000e+01,5.289079074225577415e+02,4.443421432366300223e+02,1.690904416815290290e+01
9.610000000000000853e+01,5.292473774370482715e+02,4.447092362001950505e+02,1.690735142985050032e+01
9.620000000000000284e+01,5.295868474515385742e+02,4.450763291637599650e+02,1.690565869154810130e+01
9.630000000000001137e+01,5.299263174660291043e+02,4.454434221273249364e+02,1.690396595324570228e+01
9.640000000000000568e+01,5.302657874805195206e+02,4.458105150908897940e+02,1.690227321494330326e+01
9.650000000000000000e+01,5.306052574950099370e+02,4.461776080544548222e+02,1.690058047664090424e+01
9.660000000000000853e+01,5.309447275095003533e+02,4.465447010180197367e+02,1.689888773833850522e+01
9.670000000000000284e+01,5.312841975239907697e+02,4.469117939815846512e+02,1.689719500003610619e+01
9.680000000000001137e+01,5.316236675384812997e+02,4.472788869451496794e+02,1.689550226173370717e+01
9.690000000000000568e+01,5.319631375529717161e+02,4.476459799087145939e+02,1.689380952343130815e+01
9.700000000000000000e+01,5.323026075674621325e+02,4.480130728722795084e+02,1.689211678512890913e+01
9.710000000000000853e+01,5.326420775819526625e+02,4.483801658358445366e+02,1.689042404682651011e+01
9.720000000000000284e+01,5.329815475964430789e+02,4.487472587994094511e+02,1.688873130852411109e+01
9.730000000000001137e+01,5.333210176109334952e+02,4.491143517629744224e+02,1.688703857022171206e+01
9.740000000000000568e+01,5.336604876254239116e+02,4.494814447265393369e+02,1.688534583191931304e+01
9.750000000000000000e+01,5.339999576399143280e+02,4.498485376901043082e+02,1.688365309361691402e+01
9.760000000000000853e+01,5.343394276544048580e+02,4.502156306536692796e+02,1.688196035531451500e+01
9.770000000000000284e+01,5.346788976688952744e+02,4.505827236172341941e+02,1.688026761701211598e+01
9.780000000000001137e+01,5.350183676833856907e+02,4.509498165807991654e+02,1.687857487870971696e+01
9.790000000000000568e+01,5.353578376978761071e+02,4.513169095443640799e+02,1.687688214040731793e+01
9.800000000000000000e+01,5.356973077123666371e+02,4.516840025079290513e+02,1.687518940210491891e+01
9.810000000000000853e+01,5.360367777268570535e+02,4.520510954714940226e+02,1.687349666380251989e+01
9.820000000000000284e+01,5.363762477413474699e+02,4.524181884350589371e+02,1.687180392550012087e+01
9.830000000000001137e+01,5.367157177558378862e+02,4.527852813986239653e+02,1.687011118719772185e+01
9.840000000000000568e+01,5.370551877703283026e+02,4.531523743621888798e+02,1.686841844889532283e+01
9.850000000000000000e+01,5.373946577848187189e+02,4.535194673257537943e+02,1.686672571059292380e+01
9.860000000000000853e+01,5.377341277993092490e+02,4.538865602893188225e+02,1.686503297229052478e+01
9.870000000000000284e+01,5.380735978137996653e+02,4.542536532528837370e+02,1.686334023398812576e+01
9.880000000000001137e+01,5.384130678282901954e+02,4.546207462164487083e+02,1.686164749568572319e+01
9.890000000000000568e+01,5.387525378427806118e+02,4.549878391800135660e+02,1.685995475738332772e+01
9.900000000000000000e+01,5.390920078572710281e+02,4.553549321435785942e+02,1.685826201908092514e+01
9.910000000000000853e+01,5.394314778717614445e+02,4.557220251071435086e+02,1.685656928077852612e+01
9.920000000000000284e+01,5.397709478862518608e+02,4.560891180707084231e+02,1.685487654247612710e+01
9.930000000000001137e+01,5.401104179007423909e+02,4.564562110342734513e+02,1.685318380417372808e+01
9.940000000000000568e+01,5.404498879152328072e+02,4.568233039978383658e+02,1.685149106587132906e+01
9.950000000000000000e+01,5.407893579297232236e+02,4.571903969614032803e+02,1.684979832756893003e+01
9.960000000000000853e+01,5.411288279442137537e+02,4.575574899249683085e+02,1.684810558926653101e+01
9.970000000000000284e+01,5.414682979587040563e+02,4.579245828885332230e+02,1.684641285096413199e+01
9.980000000000001137e+01,5.418077679731945864e+02,4.582916758520981944e+02,1.684472011266173297e+01
9.990000000000000568e+01,5.421472379876850027e+02,4.586587688156631089e+02,1.684302737435933395e+01
1.000000000000000000e+02,5.424867080021754191e+02,4.590258617792280802e+02,1.684133463605693493e+01
1.001000000000000085e+02,5.428261780166658355e+02,4.593929547427930515e+02,1.683964189775453590e+01
1.002000000000000028e+02,5.431656480311562518e+02,4.597600477063579660e+02,1.683794915945213688e+01
1.003000000000000114e+02,5.435051180456467819e+02,4.601271406699229374e+02,1.683625642114973786e+01
1.004000000000000057e+02,5.438445880601371982e+02,4.604942336334878519e+02,1.683456368284733884e+01
1.005000000000000000e+02,5.441840580746276146e+02,4.608613265970528232e+02,1.683287094454493982e+01
1.006000000000000085e+02,5.445235280891181446e+02,4.612284195606177946e+02,1.683117820624254080e+01
1.007000000000000028e+02,5.448629981036085610e+02,4.615955125241827091e+02,1.682948546794014177e+01
1.008000000000000114e+02,5.452024681180989774e+02,4.619626054877477372e+02,1.682779272963774275e+01
1.009000000000000057e+02,5.455419381325893937e+02,4.623296984513126517e+02,1.682609999133534373e+01
1.010000000000000000e+02,5.458814081470798101e+02,4.626967914148775662e+02,1.682440725303294471e+01
1.011000000000000085e+02,5.462208781615703401e+02,4.630638843784425944e+02,1.682271451473054569e+01
1.012000000000000028e+02,5.465603481760607565e+02,4.634309773420075089e+02,1.682102177642814667e+01
1.013000000000000114e+02,5.468998181905511728e+02,4.637980703055724803e+02,1.681932903812574764e+01
1.014000000000000057e+02,5.472392882050415892e+02,4.641651632691373379e+02,1.681763629982334862e+01
1.015000000000000000e+02,5.475787582195321193e+02,4.645322562327023661e+02,1.681594356152094960e+01
1.016000000000000085e+02,5.479182282340225356e+02,4.648993491962672806e+02,1.681425082321854703e+01
1.017000000000000028e+02,5.482576982485129520e+02,4.652664421598321951e+02,1.681255808491614800e+01
1.018000000000000114e+02,5.485971682630033683e+02,4.656335351233972233e+02,1.681086534661374898e+01
1.019000000000000057e+02,5.489366382774937847e+02,4.660006280869621378e+02,1.680917260831134996e+01
1.020000000000000000e+02,5.492761082919843147e+02,4.663677210505270523e+02,1.680747987000895094e+01
1.021000000000000085e+02,5.496155783064747311e+02,4.667348140140920805e+02,1.680578713170655192e+01
1.022000000000000028e+02,5.499550483209651475e+02,4.671019069776569950e+02,1.680409439340415290e+01
1.023000000000000114e+02,5.502945183354556775e+02,4.674689999412219663e+02,1.680240165510175387e+01
1.024000000000000057e+02,5.506339883499460939e+02,4.678360929047868808e+02,1.680070891679935485e+01
1.025000000000000000e+02,5.509734583644365102e+02,4.682031858683518522e+02,1.679901617849695583e+01
1.026000000000000085e+02,5.513129283789269266e+02,4.685702788319167666e+02,1.679732344019455681e+01
1.027000000000000028e+02,5.516523983934173430e+02,4.689373717954817380e+02,1.679563070189215779e+01
1.028000000000000114e+02,5.519918684079077593e+02,4.693044647590467093e+02,1.679393796358975877e+01
1.029000000000000057e+02,5.523313384223982894e+02,4.696715577226116238e+02,1.679224522528735974e+01
1.030000000000000000e+02,5.526708084368887057e+02,4.700386506861765952e+02,1.679055248698496072e+01
1.031000000000000085e+02,5.530102784513791221e+02,4.704057436497415665e+02,1.678885974868256170e+01
1.032000000000000028e+02,5.533497484658696521e+02,4.707728366133064810e+02,1.678716701038016268e+01
1.033000000000000114e+02,5.536892184803600685e+02,4.711399295768714524e+02,1.678547427207776366e+01
1.034000000000000057e+02,5.540286884948504849e+02,4.715070225404364237e+02,1.678378153377536464e+01
1.035000000000000000e+02,5.543681585093409012e+02,4.718741155040013382e+02,1.678208879547296561e+01
1.036000000000000085e+02,5.547076285238313176e+02,4.722412084675663095e+02,1.678039605717056659e+01
1.037000000000000028e+02,5.550470985383217339e+02,4.726083014311312809e+02,1.677870331886816757e+01
1.038000000000000114e+02,5.553865685528122640e+02,4.729753943946961954e+02,1.677701058056576855e+01
1.039000000000000057e+02,5.557260385673026803e+02,4.733424873582611099e+02,1.677531784226336953e+01
1.040000000000000000e+02,5.560655085817930967e+02,4.737095803218261381e+02,1.677362510396097051e+01
1.041000000000000085e+02,5.564049785962836268e+02,4.740766732853910526e+02,1.677193236565857148e+01
1.042000000000000028e+02,5.567444486107740431e+02,4.744437662489559671e+02,1.677023962735617246e+01
1.043000000000000114e+02,5.570839186252644595e+02,4.748108592125209384e+02,1.676854688905377344e+01
1.044000000000000057e+02,5.574233886397548758e+02,4.751779521760859097e+02,1.676685415075137442e+01
1.045000000000000000e+02,5.577628586542452922e+02,4.755450451396508242e+02,1.676516141244897184e+01
1.046000000000000085e+02,5.581023286687358222e+02,4.759121381032157956e+02,1.676346867414657282e+01
1.047000000000000028e+02,5.584417986832262386e+02,4.762792310667807669e+02,1.676177593584417380e+01
1.048000000000000114e+02,5.587812686977166550e+02,4.766463240303456814e+02,1.676008319754177478e+01
1.049000000000000057e+02,5.591207387122070713e+02,4.770134169939106528e+02,1.675839045923937576e+01
1.050000000000000000e+02,5.594602087266976014e+02,4.773805099574756241e+02,1.675669772093697674e+01
1.051000000000000085e+02,5.597996787411880177e+02,4.777476029210405386e+02,1.675500498263457771e+01
1.052000000000000028e+02,5.601391487556784341e+02,4.781146958846055099e+02,1.675331224433217869e+01
1.053000000000000114e+02,5.604786187701688505e+02,4.784817888481704813e+02,1.675161950602977967e+01
1.054000000000000057e+02,5.608180887846592668e+02,4.788488818117353958e+02,1.674992676772738065e+01
1.055000000000000000e+02,5.611575587991497969e+02,4.792159747753003671e+02,1.674823402942498163e+01
1.056000000000000085e+02,5.614970288136402132e+02,4.795830677388653385e+02,1.674654129112258261e+01
1.057000000000000028e+02,5.618364988281306296e+02,4.799501607024302530e+02,1.674484855282018358e+01
1.058000000000000114e+02,5.621759688426211596e+02,4.803172536659952243e+02,1.674315581451778456e+01
1.059000000000000057e+02,5.625154388571115760e+02,4.806843466295601957e+02,1.674146307621538554e+01
1.060000000000000000e+02,5.628549088716019924e+02,4.810514395931251102e+02,1.673977033791298652e+01
1.061000000000000085e+02,5.631943788860924087e+02,4.814185325566900815e+02,1.673807759961058750e+01
1.062000000000000028e+02,5.635338489005828251e+02,4.817856255202550528e+02,1.673638486130818848e+01
1.063000000000000114e+02,5.638733189150732414e+02,4.821527184838199673e+02,1.673469212300578945e+01
1.064000000000000057e+02,5.642127889295637715e+02,4.825198114473848818e+02,1.673299938470339043e+01
1.065000000000000000e+02,5.645522589440541879e+02,4.828869044109499100e+02,1.673130664640099141e+01
1.066000000000000085e+02,5.648917289585446042e+02,4.832539973745148245e+02,1.672961390809859239e+01
1.067000000000000028e+02,5.652311989730351343e+02,4.836210903380797390e+02,1.672792116979619337e+01
1.068000000000000114e+02,5.655706689875255506e+02,4.839881833016447104e+02,1.672622843149379435e+01
1.069000000000000057e+02,5.659101390020159670e+02,4.843552762652096817e+02,1.672453569319139532e+01
1.070000000000000000e+02,5.662496090165063833e+02,4.847223692287745962e+02,1.672284295488899630e+01
1.071000000000000085e+02,5.665890790309967997e+02,4.850894621923395675e+02,1.672115021658659728e+01
1.072000000000000028e+02,5.669285490454872161e+02,4.854565551559045389e+02,1.671945747828419826e+01
1.073000000000000114e+02,5.672680190599777461e+02,4.858236481194694534e+02,1.671776473998179569e+01
1.074000000000000057e+02,5.676074890744681625e+02,4.861907410830344247e+02,1.671607200167939666e+01
1.075000000000000000e+02,5.679469590889585788e+02,4.865578340465993961e+02,1.671437926337699764e+01
1.076000000000000085e+02,5.682864291034491089e+02,4.869249270101643106e+02,1.671268652507459862e+01
1.077000000000000028e+02,5.686258991179395252e+02,4.872920199737292819e+02,1.671099378677219960e+01
1.078000000000000114e+02,5.689653691324299416e+02,4.876591129372942532e+02,1.670930104846980058e+01
1.079000000000000057e+02,5.693048391469203580e+02,4.880262059008591677e+02,1.670760831016740156e+01
1.080000000000000000e+02,5.696443091614107743e+02,4.883932988644241391e+02,1.670591557186500253e+01
1.081000000000000085e+02,5.699837791759013044e+02,4.887603918279891104e+02,1.670422283356260351e+01
1.082000000000000028e+02,5.703232491903917207e+02,4.891274847915540249e+02,1.670253009526020449e+01
1.083000000000000114e+02,5.706627192048821371e+02,4.894945777551189963e+02,1.670083735695780547e+01
1.084000000000000057e+02,5.710021892193726671e+02,4.898616707186839676e+02,1.669914461865540645e+01
1.085000000000000000e+02,5.713161339195153232e+02,4.902464885236711893e+02,1.667441843559563353e+01
1.086000000000000085e+02,5.715832912380751623e+02,4.906637956021624518e+02,1.660747241718537026e+01
1.087000000000000028e+02,5.718504485566350013e+02,4.910811026806537143e+02,1.654052639877510700e+01
1.088000000000000114e+02,5.721176058751948403e+02,4.914984097591449768e+02,1.647358038036484373e+01
1.089000000000000057e+02,5.723847631937546794e+02,4.919157168376362392e+02,1.640663436195458047e+01
1.090000000000000000e+02,5.726519205123145184e+02,4.923330239161275586e+02,1.633968834354431721e+01
1.091000000000000085e+02,5.729190778308744711e+02,4.927503309946188210e+02,1.627274232513405394e+01
1.092000000000000028e+02,5.731862351494343102e+02,4.931676380731100835e+02,1.620579630672379068e+01
1.093000000000000114e+02,5.734533924679941492e+02,4.935849451516013460e+02,1.613885028831352741e+01
1.094000000000000057e+02,5.737205497865539883e+02,4.940022522300926084e+02,1.607190426990326415e+01
1.095000000000000000e+02,5.739877071051138273e+02,4.944195593085839278e+02,1.600495825149299733e+01
1.096000000000000085e+02,5.742548644236736664e+02,4.948368663870751902e+02,1.593801223308273585e+01
1.097000000000000028e+02,5.745220217422335054e+02,4.952541734655664527e+02,1.587106621467247258e+01
1.098000000000000114e+02,5.747891790607934581e+02,4.956714805440577152e+02,1.580412019626220754e+01
1.099000000000000057e+02,5.750563363793532972e+02,4.960887876225489777e+02,1.573717417785194428e+01
1.100000000000000000e+02,5.753234936979131362e+02,4.965060947010402401e+02,1.567022815944168102e+01
1.101000000000000085e+02,5.755906510164729752e+02,4.969234017795315594e+02,1.560328214103141775e+01
1.102000000000000028e+02,5.758578083350328143e+02,4.973407088580228219e+02,1.553633612262115449e+01
1.103000000000000114e+02,5.761249656535926533e+02,4.977580159365140844e+02,1.546939010421089122e+01
1.104000000000000057e+02,5.763921229721524924e+02,4.981753230150053469e+02,1.540244408580062796e+01
1.105000000000000000e+02,5.766592802907124451e+02,4.985926300934966093e+02,1.533549806739036470e+01
1.106000000000000085e+02,5.769264376092722841e+02,4.990099371719878718e+02,1.526855204898010143e+01
1.107000000000000028e+02,5.771935949278321232e+02,4.994272442504791911e+02,1.520160603056983639e+01
1.108000000000000114e+02,5.774607522463919622e+02,4.998445513289704536e+02,1.513466001215957313e+01
1.109000000000000057e+02,5.777279095649518013e+02,5.002618584074617161e+02,1.506771399374930986e+01
1.110000000000000000e+02,5.779950668835116403e+02,5.006791654859529785e+02,1.500076797533904660e+01
1.111000000000000085e+02,5.782622242020714793e+02,5.010964725644442410e+02,1.493382195692878334e+01
1.112000000000000028e+02,5.785293815206314321e+02,5.015137796429355603e+02,1.486687593851852007e+01
1.113000000000000114e+02,5.787965388391912711e+02,5.019310867214268228e+02,1.479992992010825681e+01
1.114000000000000057e+02,5.790636961577511101e+02,5.023483937999180853e+02,1.473298390169799177e+01
1.115000000000000000e+02,5.793308534763109492e+02,5.027657008784093478e+02,1.466603788328772850e+01
1.116000000000000085e+02,5.795980107948707882e+02,5.031830079569006102e+02,1.459909186487746524e+01
1.117000000000000028e+02,5.798651681134306273e+02,5.036003150353918727e+02,1.453214584646720198e+01
1.118000000000000114e+02,5.801323254319904663e+02,5.040176221138831920e+02,1.446519982805693871e+01
1.119000000000000057e+02,5.803994827505503054e+02,5.044349291923744545e+02,1.439825380964667545e+01
1.120000000000000000e+02,5.806666400691102581e+02,5.048522362708657170e+02,1.433130779123641219e+01
1.121000000000000085e+02,5.809337973876700971e+02,5.052695433493569794e+02,1.426436177282614892e+01
1.122000000000000028e+02,5.812009547062299362e+02,5.056868504278482419e+02,1.419741575441588566e+01
1.123000000000000114e+02,5.814681120247897752e+02,5.061041575063395044e+02,1.413046973600562239e+01
1.124000000000000057e+02,5.817352693433496142e+02,5.065214645848308237e+02,1.406352371759535735e+01
1.125000000000000000e+02,5.820024266619094533e+02,5.069387716633220862e+02,1.399657769918509409e+01
1.126000000000000085e+02,5.822695839804692923e+02,5.073560787418133486e+02,1.392963168077483083e+01
1.127000000000000028e+02,5.825367412990292451e+02,5.077733858203046111e+02,1.386268566236456756e+01
1.128000000000000114e+02,5.828038986175890841e+02,5.081906928987958736e+02,1.379573964395430430e+01
1.129000000000000057e+02,5.830710559361489231e+02,5.086079999772871361e+02,1.372879362554404103e+01
1.130000000000000000e+02,5.833382132547087622e+02,5.090253070557784554e+02,1.366184760713377599e+01
1.131000000000000085e+02,5.836053705732686012e+02,5.094426141342697179e+02,1.359490158872351273e+01
1.132000000000000028e+02,5.838725278918284403e+02,5.098599212127609803e+02,1.352795557031324947e+01
1.133000000000000114e+02,5.841396852103882793e+02,5.102772282912522428e+02,1.346100955190298620e+01
1.134000000000000057e+02,5.844068425289482320e+02,5.106945353697435053e+02,1.339406353349272294e+01
1.135000000000000000e+02,5.846739998475080711e+02,5.111118424482348246e+02,1.332711751508245968e+01
1.136000000000000085e+02,5.849411571660679101e+02,5.115291495267260871e+02,1.326017149667219641e+01
1.137000000000000028e+02,5.852083144846277492e+02,5.119464566052173495e+02,1.319322547826193315e+01
1.138000000000000114e+02,5.854754718031875882e+02,5.123637636837086120e+02,1.312627945985166988e+01
1.139000000000000057e+02,5.857426291217474272e+02,5.127810707621998745e+02,1.305933344144140662e+01
1.140000000000000000e+02,5.860097864403072663e+02,5.131983778406911370e+02,1.299238742303114158e+01
1.141000000000000085e+02,5.862769437588672190e+02,5.136156849191823994e+02,1.292544140462087832e+01
1.142000000000000028e+02,5.865441010774270580e+02,5.140329919976736619e+02,1.285849538621061505e+01
1.143000000000000114e+02,5.868112583959868971e+02,5.144502990761650381e+02,1.279154936780035179e+01
1.144000000000000057e+02,5.870784157145467361e+02,5.148676061546563005e+02,1.272460334939008852e+01
1.145000000000000000e+02,5.873455730331065752e+02,5.152849132331475630e+02,1.265765733097982348e+01
1.146000000000000085e+02,5.876127303516664142e+02,5.157022203116388255e+02,1.259071131256956022e+01
1.147000000000000028e+02,5.878798876702262532e+02,5.161195273901300880e+02,1.252376529415929696e+01
1.148000000000000114e+02,5.881470449887862060e+02,5.165368344686213504e+02,1.245681927574903369e+01
1.149000000000000057e+02,5.884142023073460450e+02,5.169541415471126129e+02,1.238987325733877043e+01
1.150000000000000000e+02,5.886813596259058841e+02,5.173714486256038754e+02,1.232292723892850717e+01
1.151000000000000085e+02,5.889485169444657231e+02,5.177887557040951378e+02,1.225598122051824390e+01
1.152000000000000028e+02,5.892156742630255621e+02,5.182060627825864003e+02,1.218903520210798064e+01
1.153000000000000114e+02,5.894828315815854012e+02,5.186233698610776628e+02,1.212208918369771737e+01
1.154000000000000057e+02,5.897499889001452402e+02,5.190406769395689253e+02,1.205514316528745411e+01
1.155000000000000000e+02,5.900171462187051930e+02,5.194579840180603014e+02,1.198819714687719085e+01
1.156000000000000085e+02,5.902843035372650320e+02,5.198752910965515639e+02,1.192125112846692758e+01
1.157000000000000028e+02,5.905514608558248710e+02,5.202925981750428264e+02,1.185430511005666254e+01
1.158000000000000114e+02,5.908186181743847101e+02,5.207099052535340888e+02,1.178735909164639928e+01
1.159000000000000057e+02,5.910857754929445491e+02,5.211272123320253513e+02,1.172041307323613601e+01
1.160000000000000000e+02,5.913529328115043882e+02,5.215445194105166138e+02,1.165346705482587275e+01
1.161000000000000085e+02,5.916200901300642272e+02,5.219618264890078763e+02,1.158652103641560771e+01
1.162000000000000028e+02,5.918872474486241799e+02,5.223791335674991387e+02,1.151957501800534445e+01
1.163000000000000114e+02,5.921544047671840190e+02,5.227964406459904012e+02,1.145262899959508118e+01
1.164000000000000057e+02,5.924215620857438580e+02,5.232137477244816637e+02,1.138568298118481792e+01
1.165000000000000000e+02,5.926887194043036970e+02,5.236310548029729262e+02,1.131873696277455466e+01
1.166000000000000085e+02,5.929558767228635361e+02,5.240483618814643023e+02,1.125179094436429139e+01
1.167000000000000028e+02,5.932230340414233751e+02,5.244656689599555648e+02,1.118484492595402813e+01
1.168000000000000114e+02,5.934901913599832142e+02,5.248829760384468273e+02,1.111789890754376486e+01
1.169000000000000057e+02,5.937573486785431669e+02,5.253002831169380897e+02,1.105095288913350160e+01
1.170000000000000000e+02,5.940245059971030059e+02,5.257175901954293522e+02,1.098400687072323834e+01
1.171000000000000085e+02,5.942916633156628450e+02,5.261348972739206147e+02,1.091706085231297507e+01
1.172000000000000028e+02,5.945588206342226840e+02,5.265522043524118772e+02,1.085011483390271181e+01
1.173000000000000114e+02,5.948259779527825231e+02,5.269695114309031396e+02,1.078316881549244677e+01
1.174000000000000057e+02,5.950931352713423621e+02,5.273868185093944021e+02,1.071622279708218350e+01
1.175000000000000000e+02,5.953602925899022011e+02,5.278041255878856646e+02,1.064927677867192024e+01
1.176000000000000085e+02,5.956274499084621539e+02,5.282214326663769270e+02,1.058233076026165698e+01
1.177000000000000028e+02,5.958946072270219929e+02,5.286387397448681895e+02,1.051538474185139194e+01
1.178000000000000114e+02,5.961617645455818320e+02,5.290560468233595657e+02,1.044843872344112867e+01
1.179000000000000057e+02,5.964289218641416710e+02,5.294733539018508282e+02,1.038149270503086541e+01
1.180000000000000000e+02,5.966960791827015100e+02,5.298906609803420906e+02,1.031454668662060215e+01
1.181000000000000085e+02,5.969632365012613491e+02,5.303079680588333531e+02,1.024760066821033888e+01
1.182000000000000028e+02,5.972303938198211881e+02,5.307252751373246156e+02,1.018065464980007562e+01
1.183000000000000114e+02,5.974975511383811408e+02,5.311425822158158780e+02,1.011370863138981235e+01
1.184000000000000057e+02,5.977647084569409799e+02,5.315598892943071405e+02,1.004676261297954909e+01
1.185000000000000000e+02,5.980318657755008189e+02,5.319771963727984030e+02,9.979816594569285826e+00
1.186000000000000085e+02,5.982990230940606580e+02,5.323945034512896655e+02,9.912870576159022562e+00
1.187000000000000028e+02,5.985661804126204970e+02,5.328118105297809279e+02,9.845924557748759298e+00
1.188000000000000114e+02,5.988333377311803360e+02,5.332291176082721904e+02,9.778978539338496034e+00
1.189000000000000057e+02,5.991004950497401751e+02,5.336464246867635666e+02,9.712032520928230994e+00
1.190000000000000000e+02,5.993676523683000141e+02,5.340637317652548290e+02,9.645086502517967730e+00
1.191000000000000085e+02,5.996348096868599669e+02,5.344810388437460915e+02,9.578140484107704467e+00
1.192000000000000028e+02,5.999019670054198059e+02,5.348983459222373540e+02,9.511194465697441203e+00
1.193000000000000114e+02,6.001691243239796449e+02,5.353156530007286165e+02,9.444248447287176162e+00
1.194000000000000057e+02,6.004362816425394840e+02,5.357329600792198789e+02,9.377302428876912899e+00
1.195000000000000000e+02,6.007034389610993230e+02,5.361502671577111414e+02,9.310356410466649635e+00
1.196000000000000085e+02,6.009705962796591621e+02,5.365675742362024039e+02,9.243410392056386371e+00
1.197000000000000028e+02,6.012377535982190011e+02,5.369848813146936664e+02,9.176464373646123107e+00
1.198000000000000114e+02,6.015049109167789538e+02,5.374021883931849288e+02,9.109518355235859843e+00
1.199000000000000057e+02,6.017720682353387929e+02,5.378194954716761913e+02,9.042572336825596580e+00
1.200000000000000000e+02,6.020392255538986319e+02,5.382368025501675675e+02,8.975626318415333316e+00
1.201000000000000085e+02,6.023063828724584710e+02,5.386541096286588299e+02,8.908680300005070052e+00
1.202000000000000028e+02,6.025735401910183100e+02,5.390714167071500924e+02,8.841734281594806788e+00
1.203000000000000114e+02,6.028406975095781490e+02,5.394887237856413549e+02,8.774788263184543524e+00
1.204000000000000057e+02,6.031078548281379881e+02,5.399060308641326174e+02,8.707842244774280260e+00
1.205000000000000000e+02,6.033750121466979408e+02,5.403233379426238798e+02,8.640896226364015220e+00
1.206000000000000085e+02,6.036421694652577798e+02,5.407406450211151423e+02,8.573950207953751956e+00
1.207000000000000028e+02,6.039093267838176189e+02,5.411579520996064048e+02,8.507004189543488692e+00
1.208000000000000114e+02,6.041764841023774579e+02,5.415752591780976672e+02,8.440058171133225429e+00
1.209000000000000057e+02,6.044436414209372970e+02,5.419925662565889297e+02,8.373112152722962165e+00
1.210000000000000000e+02,6.047107987394971360e+02,5.424098733350801922e+02,8.306166134312698901e+00
1.211000000000000085e+02,6.049779560580569751e+02,5.428271804135715684e+02,8.239220115902433861e+00
1.212000000000000028e+02,6.052451133766169278e+02,5.432444874920628308e+02,8.172274097492170597e+00
1.213000000000000114e+02,6.055122706951767668e+02,5.436617945705540933e+02,8.105328079081907333e+00
1.214000000000000057e+02,6.057794280137366059e+02,5.440791016490453558e+02,8.038382060671644069e+00
1.215000000000000000e+02,6.060465853322964449e+02,5.444964087275366182e+02,7.971436042261380805e+00
1.216000000000000085e+02,6.063137426508562839e+02,5.449137158060278807e+02,7.904490023851117542e+00
1.217000000000000028e+02,6.065808999694161230e+02,5.453310228845191432e+02,7.837544005440854278e+00
1.218000000000000114e+02,6.068480572879759620e+02,5.457483299630104057e+02,7.770597987030591014e+00
1.219000000000000057e+02,6.071152146065359148e+02,5.461656370415016681e+02,7.703651968620325974e+00
1.220000000000000000e+02,6.073823719250957538e+02,5.465829441199929306e+02,7.636705950210062710e+00
1.221000000000000085e+02,6.076495292436555928e+02,5.470002511984841931e+02,7.569759931799799446e+00
1.222000000000000028e+02,6.079166865622154319e+02,5.474175582769755692e+02,7.502813913389536182e+00
1.223000000000000114e+02,6.081838438807752709e+02,5.478348653554668317e+02,7.435867894979272918e+00
1.224000000000000057e+02,6.084510011993351100e+02,5.482521724339580942e+02,7.368921876569009655e+00
1.225000000000000000e+02,6.087181585178949490e+02,5.486694795124493567e+02,7.301975858158746391e+00
1.226000000000000085e+02,6.089853158364549017e+02,5.490867865909406191e+02,7.235029839748483127e+00
1.227000000000000028e+02,6.092524731550147408e+02,5.495040936694318816e+02,7.168083821338218087e+00
1.228000000000000114e+02,6.095196304735745798e+02,5.499214007479231441e+02,7.101137802927954823e+00
1.229000000000000057e+02,6.097867877921344189e+02,5.503387078264144066e+02,7.034191784517691559e+00
1.230000000000000000e+02,6.100539451106942579e+02,5.507560149049056690e+02,6.967245766107428295e+00
1.231000000000000085e+02,6.103211024292540969e+02,5.511733219833969315e+02,6.900299747697165031e+00
1.232000000000000028e+02,6.105882597478139360e+02,5.515906290618881940e+02,6.833353729286901768e+00
1.233000000000000114e+02,6.108554170663738887e+02,5.520079361403794564e+02,6.766407710876638504e+00
1.234000000000000057e+02,6.111225743849337277e+02,5.524252432188708326e+02,6.699461692466375240e+00
1.235000000000000000e+02,6.113897317034935668e+02,5.528425502973620951e+02,6.632515674056110200e+00
1.236000000000000085e+02,6.116568890220534058e+02,5.532598573758533576e+02,6.565569655645846936e+00
1.237000000000000028e+02,6.119240463406132449e+02,5.536771644543446200e+02,6.498623637235583672e+00
1.238000000000000114e+02,6.121912036591730839e+02,5.540944715328358825e+02,6.431677618825320408e+00
1.239000000000000057e+02,6.124583609777329229e+02,5.545117786113271450e+02,6.364731600415057144e+00
1.240000000000000000e+02,6.127255182962928757e+02,5.549290856898184074e+02,6.297785582004793881e+00
1.241000000000000085e+02,6.129926756148527147e+02,5.553463927683096699e+02,6.230839563594530617e+00
1.242000000000000028e+02,6.132598329334125538e+02,5.557636998468009324e+02,6.163893545184267353e+00
1.243000000000000114e+02,6.135269902519723928e+02,5.561810069252921949e+02,6.096947526774002313e+00
1.244000000000000057e+02,6.137941475705322318e+02,5.565983140037834573e+02,6.030001508363739049e+00
1.245000000000000000e+02,6.140613048890920709e+02,5.570156210822747198e+02,5.963055489953475785e+00
1.246000000000000085e+02,6.143284622076519099e+02,5.574329281607660960e+02,5.896109471543212521e+00
1.247000000000000028e+02,6.145956195262117490e+02,5.578502352392573584e+02,5.829163453132949257e+00
1.248000000000000114e+02,6.148627768447717017e+02,5.582675423177486209e+02,5.762217434722685994e+00
1.249000000000000057e+02,6.151299341633315407e+02,5.586848493962398834e+02,5.695271416312422730e+00
1.250000000000000000e+02,6.153970914818913798e+02,5.591021564747311459e+02,5.628325397902159466e+00
1.251000000000000085e+02,6.156642488004512188e+02,5.595194635532224083e+02,5.561379379491894426e+00
1.252000000000000028e+02,6.159314061190110579e+02,5.599367706317136708e+02,5.494433361081631162e+00
1.253000000000000114e+02,6.161985634375708969e+02,5.603540777102049333e+02,5.427487342671367898e+00
1.254000000000000057e+02,6.164657207561308496e+02,5.607713847886961958e+02,5.360541324261104634e+00
1.255000000000000000e+02,6.167328780746906887e+02,5.611886918671874582e+02,5.293595305850841370e+00
1.256000000000000085e+02,6.170000353932505277e+02,5.616059989456787207e+02,5.226649287440578107e+00
1.257000000000000028e+02,6.172671927118103667e+02,5.620233060241700969e+02,5.159703269030314843e+00
1.258000000000000114e+02,6.175343500303702058e+02,5.624406131026613593e+02,5.092757250620051579e+00
1.259000000000000057e+02,6.178015073489300448e+02,5.628579201811526218e+02,5.025811232209786539e+00
1.260000000000000000e+02,6.180686646674898839e+02,5.632752272596438843e+02,4.958865213799523275e+00
1.261000000000000085e+02,6.183358219860497229e+02,5.636925343381351468e+02,4.891919195389260011e+00
1.262000000000000028e+02,6.186029793046096756e+02,5.641098414166264092e+02,4.824973176978996747e+00
1.263000000000000114e+02,6.188701366231695147e+02,5.645271484951176717e+02,4.758027158568733483e+00
1.264000000000000057e+02,6.191372939417293537e+02,5.649444555736089342e+02,4.691081140158470220e+00
1.265000000000000000e+02,6.194044512602891928e+02,5.653617626521001966e+02,4.624135121748206956e+00
1.266000000000000085e+02,6.196716085788490318e+02,5.657790697305914591e+02,4.557189103337943692e+00
1.267000000000000028e+02,6.199387658974088708e+02,5.661963768090827216e+02,4.490243084927678652e+00
1.268000000000000114e+02,6.202059232159687099e+02,5.666136838875740978e+02,4.423297066517415388e+00
1.269000000000000057e+02,6.204730805345286626e+02,5.670309909660653602e+02,4.356351048107152124e+00
1.270000000000000000e+02,6.207402378530885017e+02,5.674482980445566227e+02,4.289405029696888860e+00
1.271000000000000085e+02,6.210073951716483407e+02,5.678656051230478852e+02,4.222459011286625596e+00
1.272000000000000028e+02,6.212745524902081797e+02,5.682829122015391476e+02,4.155512992876362333e+00
1.273000000000000114e+02,6.215417098087680188e+02,5.687002192800304101e+02,4.088566974466099069e+00
1.274000000000000057e+02,6.218088671273278578e+02,5.691175263585216726e+02,4.021620956055835805e+00
1.275000000000000000e+02,6.220760244458876969e+02,5.695348334370129351e+02,3.954674937645570765e+00
1.276000000000000085e+02,6.223431817644476496e+02,5.699521405155041975e+02,3.887728919235307501e+00
1.277000000000000028e+02,6.226103390830074886e+02,5.703694475939954600e+02,3.820782900825044237e+00
1.278000000000000114e+02,6.228774964015673277e+02,5.707867546724867225e+02,3.753836882414780973e+00
1.279000000000000057e+02,6.231446537201271667e+02,5.712040617509780986e+02,3.686890864004517709e+00
1.280000000000000000e+02,6.234118110386870057e+02,5.716213688294693611e+02,3.619944845594254446e+00
1.280999999999999943e+02,6.236789683572468448e+02,5.720386759079606236e+02,3.552998827183991182e+00
1.282000000000000171e+02,6.239461256758067975e+02,5.724559829864519997e+02,3.486052808773711931e+00
1.283000000000000114e+02,6.242132829943666366e+02,5.728732900649431485e+02,3.419106790363462878e+00
1.284000000000000057e+02,6.244804403129264756e+02,5.732905971434344110e+02,3.352160771953199614e+00
1.285000000000000000e+02,6.247475976314863146e+02,5.737079042219256735e+02,3.285214753542936350e+00
1.285999999999999943e+02,6.250147549500461537e+02,5.741252113004169360e+02,3.218268735132673086e+00
1.287000000000000171e+02,6.252819122686061064e+02,5.745425183789083121e+02,3.151322716722393835e+00
1.288000000000000114e+02,6.255490695871658318e+02,5.749598254573994609e+02,3.084376698312146559e+00
1.289000000000000057e+02,6.258162269057256708e+02,5.753771325358907234e+02,3.017430679901883295e+00
